INFO 2026-05-05 22:26:24,188 autoreload Watching for file changes with StatReloader
INFO 2026-05-06 16:53:51,296 autoreload C:\Users\jchar\djangoSport\core\settings.py changed, reloading.
INFO 2026-05-06 16:53:52,887 autoreload Watching for file changes with StatReloader
WARNING 2026-05-06 21:00:10,657 log Not Found: /tenis/liga/26_kaminka_leto_Z/
WARNING 2026-05-06 21:00:36,638 log Not Found: /tenis/liga/26_kaminka_leto_Z/
WARNING 2026-05-06 21:00:41,987 log Not Found: /tenis/liga/26_kaminka_leto_Z/
WARNING 2026-05-06 21:01:13,477 log Not Found: /tenis/liga/26_kaminka_leto_Z/
WARNING 2026-05-06 21:02:15,058 log Not Found: /tenis/liga/26_kaminka_leto_Z/
ERROR 2026-05-06 21:02:20,784 log Internal Server Error: /tenis/liga/26_kaminka_leto_A/
Traceback (most recent call last):
  File "C:\Users\jchar\venv\Lib\site-packages\django\core\handlers\exception.py", line 55, in inner
    response = get_response(request)
  File "C:\Users\jchar\venv\Lib\site-packages\django\core\handlers\base.py", line 197, in _get_response
    response = wrapped_callback(request, *callback_args, **callback_kwargs)
  File "C:\Users\jchar\venv\Lib\site-packages\django\contrib\auth\decorators.py", line 59, in _view_wrapper
    return view_func(request, *args, **kwargs)
  File "C:\Users\jchar\djangoSport\tenis_app\views.py", line 155, in detail_souteze
    return render(request, 'tenis_app/tabulka_5ti_lig.html', context)
  File "C:\Users\jchar\venv\Lib\site-packages\django\shortcuts.py", line 25, in render
    content = loader.render_to_string(template_name, context, request, using=using)
  File "C:\Users\jchar\venv\Lib\site-packages\django\template\loader.py", line 62, in render_to_string
    return template.render(context, request)
           ~~~~~~~~~~~~~~~^^^^^^^^^^^^^^^^^^
  File "C:\Users\jchar\venv\Lib\site-packages\django\template\backends\django.py", line 107, in render
    return self.template.render(context)
           ~~~~~~~~~~~~~~~~~~~~^^^^^^^^^
  File "C:\Users\jchar\venv\Lib\site-packages\django\template\base.py", line 171, in render
    return self._render(context)
           ~~~~~~~~~~~~^^^^^^^^^
  File "C:\Users\jchar\venv\Lib\site-packages\django\template\base.py", line 163, in _render
    return self.nodelist.render(context)
           ~~~~~~~~~~~~~~~~~~~~^^^^^^^^^
  File "C:\Users\jchar\venv\Lib\site-packages\django\template\base.py", line 1016, in render
    return SafeString("".join([node.render_annotated(context) for node in self]))
                               ~~~~~~~~~~~~~~~~~~~~~^^^^^^^^^
  File "C:\Users\jchar\venv\Lib\site-packages\django\template\base.py", line 977, in render_annotated
    return self.render(context)
           ~~~~~~~~~~~^^^^^^^^^
  File "C:\Users\jchar\venv\Lib\site-packages\django\template\loader_tags.py", line 159, in render
    return compiled_parent._render(context)
           ~~~~~~~~~~~~~~~~~~~~~~~^^^^^^^^^
  File "C:\Users\jchar\venv\Lib\site-packages\django\template\base.py", line 163, in _render
    return self.nodelist.render(context)
           ~~~~~~~~~~~~~~~~~~~~^^^^^^^^^
  File "C:\Users\jchar\venv\Lib\site-packages\django\template\base.py", line 1016, in render
    return SafeString("".join([node.render_annotated(context) for node in self]))
                               ~~~~~~~~~~~~~~~~~~~~~^^^^^^^^^
  File "C:\Users\jchar\venv\Lib\site-packages\django\template\base.py", line 977, in render_annotated
    return self.render(context)
           ~~~~~~~~~~~^^^^^^^^^
  File "C:\Users\jchar\venv\Lib\site-packages\django\template\defaulttags.py", line 480, in render
    url = reverse(view_name, args=args, kwargs=kwargs, current_app=current_app)
  File "C:\Users\jchar\venv\Lib\site-packages\django\urls\base.py", line 98, in reverse
    resolved_url = resolver._reverse_with_prefix(view, prefix, *args, **kwargs)
  File "C:\Users\jchar\venv\Lib\site-packages\django\urls\resolvers.py", line 831, in _reverse_with_prefix
    raise NoReverseMatch(msg)
django.urls.exceptions.NoReverseMatch: Reverse for 'detail_souteze' with keyword arguments '{'soutez_slug': '26_kaminka_leto_Ž'}' not found. 1 pattern(s) tried: ['tenis/liga/(?P<soutez_slug>[-a-zA-Z0-9_]+)/\\Z']
WARNING 2026-05-06 21:03:01,992 log Not Found: /tenis/liga/26_kaminka_leto_Z/
WARNING 2026-05-06 21:03:31,719 log Not Found: /tenis/liga/26_kaminka_leto_Z/
WARNING 2026-05-06 21:04:00,385 log Not Found: /tenis/liga/26_kaminka_leto_Z/
WARNING 2026-05-06 21:04:02,152 log Not Found: /tenis/liga/26_kaminka_leto_Z/
WARNING 2026-05-06 21:04:02,698 log Not Found: /tenis/liga/26_kaminka_leto_Z/
WARNING 2026-05-06 21:05:07,444 log Not Found: /tenis/liga/26_kaminka_leto_Z/
WARNING 2026-05-06 21:05:11,936 log Not Found: /tenis/liga/26_kaminka_leto_Z/
WARNING 2026-05-06 21:06:07,418 log Not Found: /tenis/liga/26_kaminka_leto_Z/
INFO 2026-05-06 21:11:00,361 autoreload C:\Users\jchar\djangoSport\tenis_app\views.py changed, reloading.
INFO 2026-05-06 21:11:06,911 autoreload Watching for file changes with StatReloader
INFO 2026-05-06 21:34:45,027 autoreload Watching for file changes with StatReloader
INFO 2026-05-06 21:34:49,156 views Uživatel jchar si prohlíží soutìž: Léto 2026 - C
INFO 2026-05-06 21:34:52,147 views Uživatel jchar si prohlíží soutìž: Léto 2026 - E
INFO 2026-05-06 21:35:01,363 views Uživatel jchar si prohlíží soutìž: Léto 2026 - E
INFO 2026-05-06 21:38:10,660 views Uživatel jchar si prohlíží soutìž: Léto 2026 - E
INFO 2026-05-06 21:40:19,595 autoreload Watching for file changes with StatReloader
INFO 2026-05-06 22:32:48,573 autoreload Watching for file changes with StatReloader
INFO 2026-05-06 22:34:17,530 autoreload C:\Users\jchar\djangoSport\zebricek_app\models.py changed, reloading.
INFO 2026-05-06 22:34:18,592 autoreload Watching for file changes with StatReloader
INFO 2026-05-07 19:52:58,662 autoreload Watching for file changes with StatReloader
WARNING 2026-05-07 19:56:48,085 log Not Found: /tenis/admin
ERROR 2026-05-07 19:57:06,306 log Internal Server Error: /admin/zebricek_app/zebricekpozice/
Traceback (most recent call last):
  File "C:\Users\jchar\venv\Lib\site-packages\django\db\backends\utils.py", line 105, in _execute
    return self.cursor.execute(sql, params)
           ~~~~~~~~~~~~~~~~~~~^^^^^^^^^^^^^
  File "C:\Users\jchar\venv\Lib\site-packages\django\db\backends\sqlite3\base.py", line 360, in execute
    return super().execute(query, params)
           ~~~~~~~~~~~~~~~^^^^^^^^^^^^^^^
sqlite3.OperationalError: no such table: zebricek_app_zebricekpozice

The above exception was the direct cause of the following exception:

Traceback (most recent call last):
  File "C:\Users\jchar\venv\Lib\site-packages\django\core\handlers\exception.py", line 55, in inner
    response = get_response(request)
  File "C:\Users\jchar\venv\Lib\site-packages\django\core\handlers\base.py", line 197, in _get_response
    response = wrapped_callback(request, *callback_args, **callback_kwargs)
  File "C:\Users\jchar\venv\Lib\site-packages\django\contrib\admin\options.py", line 719, in wrapper
    return self.admin_site.admin_view(view)(*args, **kwargs)
           ~~~~~~~~~~~~~~~~~~~~~~~~~~~~~~~~^^^^^^^^^^^^^^^^^
  File "C:\Users\jchar\venv\Lib\site-packages\django\utils\decorators.py", line 192, in _view_wrapper
    result = _process_exception(request, e)
  File "C:\Users\jchar\venv\Lib\site-packages\django\utils\decorators.py", line 190, in _view_wrapper
    response = view_func(request, *args, **kwargs)
  File "C:\Users\jchar\venv\Lib\site-packages\django\views\decorators\cache.py", line 80, in _view_wrapper
    response = view_func(request, *args, **kwargs)
  File "C:\Users\jchar\venv\Lib\site-packages\django\contrib\admin\sites.py", line 246, in inner
    return view(request, *args, **kwargs)
  File "C:\Users\jchar\venv\Lib\site-packages\django\utils\decorators.py", line 48, in _wrapper
    return bound_method(*args, **kwargs)
  File "C:\Users\jchar\venv\Lib\site-packages\django\utils\decorators.py", line 192, in _view_wrapper
    result = _process_exception(request, e)
  File "C:\Users\jchar\venv\Lib\site-packages\django\utils\decorators.py", line 190, in _view_wrapper
    response = view_func(request, *args, **kwargs)
  File "C:\Users\jchar\venv\Lib\site-packages\django\contrib\admin\options.py", line 2024, in changelist_view
    cl = self.get_changelist_instance(request)
  File "C:\Users\jchar\venv\Lib\site-packages\django\contrib\admin\options.py", line 867, in get_changelist_instance
    return ChangeList(
        request,
    ...<12 lines>...
        self.search_help_text,
    )
  File "C:\Users\jchar\venv\Lib\site-packages\django\contrib\admin\views\main.py", line 146, in __init__
    self.get_results(request)
    ~~~~~~~~~~~~~~~~^^^^^^^^^
  File "C:\Users\jchar\venv\Lib\site-packages\django\contrib\admin\views\main.py", line 313, in get_results
    result_count = paginator.count
                   ^^^^^^^^^^^^^^^
  File "C:\Users\jchar\venv\Lib\site-packages\django\utils\functional.py", line 47, in __get__
    res = instance.__dict__[self.name] = self.func(instance)
                                         ~~~~~~~~~^^^^^^^^^^
  File "C:\Users\jchar\venv\Lib\site-packages\django\core\paginator.py", line 110, in count
    return c()
  File "C:\Users\jchar\venv\Lib\site-packages\django\db\models\query.py", line 606, in count
    return self.query.get_count(using=self.db)
           ~~~~~~~~~~~~~~~~~~~~^^^^^^^^^^^^^^^
  File "C:\Users\jchar\venv\Lib\site-packages\django\db\models\sql\query.py", line 644, in get_count
    return obj.get_aggregation(using, {"__count": Count("*")})["__count"]
           ~~~~~~~~~~~~~~~~~~~^^^^^^^^^^^^^^^^^^^^^^^^^^^^^^^^
  File "C:\Users\jchar\venv\Lib\site-packages\django\db\models\sql\query.py", line 626, in get_aggregation
    result = compiler.execute_sql(SINGLE)
  File "C:\Users\jchar\venv\Lib\site-packages\django\db\models\sql\compiler.py", line 1623, in execute_sql
    cursor.execute(sql, params)
    ~~~~~~~~~~~~~~^^^^^^^^^^^^^
  File "C:\Users\jchar\venv\Lib\site-packages\django\db\backends\utils.py", line 122, in execute
    return super().execute(sql, params)
           ~~~~~~~~~~~~~~~^^^^^^^^^^^^^
  File "C:\Users\jchar\venv\Lib\site-packages\django\db\backends\utils.py", line 79, in execute
    return self._execute_with_wrappers(
           ~~~~~~~~~~~~~~~~~~~~~~~~~~~^
        sql, params, many=False, executor=self._execute
        ^^^^^^^^^^^^^^^^^^^^^^^^^^^^^^^^^^^^^^^^^^^^^^^
    )
    ^
  File "C:\Users\jchar\venv\Lib\site-packages\django\db\backends\utils.py", line 92, in _execute_with_wrappers
    return executor(sql, params, many, context)
  File "C:\Users\jchar\venv\Lib\site-packages\django\db\backends\utils.py", line 100, in _execute
    with self.db.wrap_database_errors:
         ^^^^^^^^^^^^^^^^^^^^^^^^^^^^
  File "C:\Users\jchar\venv\Lib\site-packages\django\db\utils.py", line 91, in __exit__
    raise dj_exc_value.with_traceback(traceback) from exc_value
  File "C:\Users\jchar\venv\Lib\site-packages\django\db\backends\utils.py", line 105, in _execute
    return self.cursor.execute(sql, params)
           ~~~~~~~~~~~~~~~~~~~^^^^^^^^^^^^^
  File "C:\Users\jchar\venv\Lib\site-packages\django\db\backends\sqlite3\base.py", line 360, in execute
    return super().execute(query, params)
           ~~~~~~~~~~~~~~~^^^^^^^^^^^^^^^
django.db.utils.OperationalError: no such table: zebricek_app_zebricekpozice
ERROR 2026-05-07 19:57:31,243 log Internal Server Error: /admin/zebricek_app/zebricekpozice/
Traceback (most recent call last):
  File "C:\Users\jchar\venv\Lib\site-packages\django\db\backends\utils.py", line 105, in _execute
    return self.cursor.execute(sql, params)
           ~~~~~~~~~~~~~~~~~~~^^^^^^^^^^^^^
  File "C:\Users\jchar\venv\Lib\site-packages\django\db\backends\sqlite3\base.py", line 360, in execute
    return super().execute(query, params)
           ~~~~~~~~~~~~~~~^^^^^^^^^^^^^^^
sqlite3.OperationalError: no such table: zebricek_app_zebricekpozice

The above exception was the direct cause of the following exception:

Traceback (most recent call last):
  File "C:\Users\jchar\venv\Lib\site-packages\django\core\handlers\exception.py", line 55, in inner
    response = get_response(request)
  File "C:\Users\jchar\venv\Lib\site-packages\django\core\handlers\base.py", line 197, in _get_response
    response = wrapped_callback(request, *callback_args, **callback_kwargs)
  File "C:\Users\jchar\venv\Lib\site-packages\django\contrib\admin\options.py", line 719, in wrapper
    return self.admin_site.admin_view(view)(*args, **kwargs)
           ~~~~~~~~~~~~~~~~~~~~~~~~~~~~~~~~^^^^^^^^^^^^^^^^^
  File "C:\Users\jchar\venv\Lib\site-packages\django\utils\decorators.py", line 192, in _view_wrapper
    result = _process_exception(request, e)
  File "C:\Users\jchar\venv\Lib\site-packages\django\utils\decorators.py", line 190, in _view_wrapper
    response = view_func(request, *args, **kwargs)
  File "C:\Users\jchar\venv\Lib\site-packages\django\views\decorators\cache.py", line 80, in _view_wrapper
    response = view_func(request, *args, **kwargs)
  File "C:\Users\jchar\venv\Lib\site-packages\django\contrib\admin\sites.py", line 246, in inner
    return view(request, *args, **kwargs)
  File "C:\Users\jchar\venv\Lib\site-packages\django\utils\decorators.py", line 48, in _wrapper
    return bound_method(*args, **kwargs)
  File "C:\Users\jchar\venv\Lib\site-packages\django\utils\decorators.py", line 192, in _view_wrapper
    result = _process_exception(request, e)
  File "C:\Users\jchar\venv\Lib\site-packages\django\utils\decorators.py", line 190, in _view_wrapper
    response = view_func(request, *args, **kwargs)
  File "C:\Users\jchar\venv\Lib\site-packages\django\contrib\admin\options.py", line 2024, in changelist_view
    cl = self.get_changelist_instance(request)
  File "C:\Users\jchar\venv\Lib\site-packages\django\contrib\admin\options.py", line 867, in get_changelist_instance
    return ChangeList(
        request,
    ...<12 lines>...
        self.search_help_text,
    )
  File "C:\Users\jchar\venv\Lib\site-packages\django\contrib\admin\views\main.py", line 146, in __init__
    self.get_results(request)
    ~~~~~~~~~~~~~~~~^^^^^^^^^
  File "C:\Users\jchar\venv\Lib\site-packages\django\contrib\admin\views\main.py", line 313, in get_results
    result_count = paginator.count
                   ^^^^^^^^^^^^^^^
  File "C:\Users\jchar\venv\Lib\site-packages\django\utils\functional.py", line 47, in __get__
    res = instance.__dict__[self.name] = self.func(instance)
                                         ~~~~~~~~~^^^^^^^^^^
  File "C:\Users\jchar\venv\Lib\site-packages\django\core\paginator.py", line 110, in count
    return c()
  File "C:\Users\jchar\venv\Lib\site-packages\django\db\models\query.py", line 606, in count
    return self.query.get_count(using=self.db)
           ~~~~~~~~~~~~~~~~~~~~^^^^^^^^^^^^^^^
  File "C:\Users\jchar\venv\Lib\site-packages\django\db\models\sql\query.py", line 644, in get_count
    return obj.get_aggregation(using, {"__count": Count("*")})["__count"]
           ~~~~~~~~~~~~~~~~~~~^^^^^^^^^^^^^^^^^^^^^^^^^^^^^^^^
  File "C:\Users\jchar\venv\Lib\site-packages\django\db\models\sql\query.py", line 626, in get_aggregation
    result = compiler.execute_sql(SINGLE)
  File "C:\Users\jchar\venv\Lib\site-packages\django\db\models\sql\compiler.py", line 1623, in execute_sql
    cursor.execute(sql, params)
    ~~~~~~~~~~~~~~^^^^^^^^^^^^^
  File "C:\Users\jchar\venv\Lib\site-packages\django\db\backends\utils.py", line 122, in execute
    return super().execute(sql, params)
           ~~~~~~~~~~~~~~~^^^^^^^^^^^^^
  File "C:\Users\jchar\venv\Lib\site-packages\django\db\backends\utils.py", line 79, in execute
    return self._execute_with_wrappers(
           ~~~~~~~~~~~~~~~~~~~~~~~~~~~^
        sql, params, many=False, executor=self._execute
        ^^^^^^^^^^^^^^^^^^^^^^^^^^^^^^^^^^^^^^^^^^^^^^^
    )
    ^
  File "C:\Users\jchar\venv\Lib\site-packages\django\db\backends\utils.py", line 92, in _execute_with_wrappers
    return executor(sql, params, many, context)
  File "C:\Users\jchar\venv\Lib\site-packages\django\db\backends\utils.py", line 100, in _execute
    with self.db.wrap_database_errors:
         ^^^^^^^^^^^^^^^^^^^^^^^^^^^^
  File "C:\Users\jchar\venv\Lib\site-packages\django\db\utils.py", line 91, in __exit__
    raise dj_exc_value.with_traceback(traceback) from exc_value
  File "C:\Users\jchar\venv\Lib\site-packages\django\db\backends\utils.py", line 105, in _execute
    return self.cursor.execute(sql, params)
           ~~~~~~~~~~~~~~~~~~~^^^^^^^^^^^^^
  File "C:\Users\jchar\venv\Lib\site-packages\django\db\backends\sqlite3\base.py", line 360, in execute
    return super().execute(query, params)
           ~~~~~~~~~~~~~~~^^^^^^^^^^^^^^^
django.db.utils.OperationalError: no such table: zebricek_app_zebricekpozice
INFO 2026-05-07 19:58:34,712 autoreload Watching for file changes with StatReloader
INFO 2026-05-07 20:03:33,112 autoreload Watching for file changes with StatReloader
INFO 2026-05-07 20:18:20,515 autoreload C:\Users\jchar\djangoSport\core\urls.py changed, reloading.
INFO 2026-05-07 20:18:21,647 autoreload Watching for file changes with StatReloader
ERROR 2026-05-07 20:22:01,122 log Internal Server Error: /zebricek/
Traceback (most recent call last):
  File "C:\Users\jchar\venv\Lib\site-packages\django\core\handlers\exception.py", line 55, in inner
    response = get_response(request)
  File "C:\Users\jchar\venv\Lib\site-packages\django\core\handlers\base.py", line 197, in _get_response
    response = wrapped_callback(request, *callback_args, **callback_kwargs)
  File "C:\Users\jchar\venv\Lib\site-packages\django\contrib\auth\decorators.py", line 59, in _view_wrapper
    return view_func(request, *args, **kwargs)
  File "C:\Users\jchar\djangoSport\zebricek_app\views.py", line 36, in zebricek_detail
    moje_data = vsechny_pozice.filter(hrac__user=request.user).first()
                ~~~~~~~~~~~~~~~~~~~~~^^^^^^^^^^^^^^^^^^^^^^^^^
  File "C:\Users\jchar\venv\Lib\site-packages\django\db\models\query.py", line 1495, in filter
    return self._filter_or_exclude(False, args, kwargs)
           ~~~~~~~~~~~~~~~~~~~~~~~^^^^^^^^^^^^^^^^^^^^^
  File "C:\Users\jchar\venv\Lib\site-packages\django\db\models\query.py", line 1513, in _filter_or_exclude
    clone._filter_or_exclude_inplace(negate, args, kwargs)
    ~~~~~~~~~~~~~~~~~~~~~~~~~~~~~~~~^^^^^^^^^^^^^^^^^^^^^^
  File "C:\Users\jchar\venv\Lib\site-packages\django\db\models\query.py", line 1523, in _filter_or_exclude_inplace
    self._query.add_q(Q(*args, **kwargs))
    ~~~~~~~~~~~~~~~~~^^^^^^^^^^^^^^^^^^^^
  File "C:\Users\jchar\venv\Lib\site-packages\django\db\models\sql\query.py", line 1646, in add_q
    clause, _ = self._add_q(q_object, can_reuse)
                ~~~~~~~~~~~^^^^^^^^^^^^^^^^^^^^^
  File "C:\Users\jchar\venv\Lib\site-packages\django\db\models\sql\query.py", line 1678, in _add_q
    child_clause, needed_inner = self.build_filter(
                                 ~~~~~~~~~~~~~~~~~^
        child,
        ^^^^^^
    ...<7 lines>...
        update_join_types=update_join_types,
        ^^^^^^^^^^^^^^^^^^^^^^^^^^^^^^^^^^^^
    )
    ^
  File "C:\Users\jchar\venv\Lib\site-packages\django\db\models\sql\query.py", line 1563, in build_filter
    self.check_related_objects(join_info.final_field, value, join_info.opts)
    ~~~~~~~~~~~~~~~~~~~~~~~~~~^^^^^^^^^^^^^^^^^^^^^^^^^^^^^^^^^^^^^^^^^^^^^^
  File "C:\Users\jchar\venv\Lib\site-packages\django\db\models\sql\query.py", line 1372, in check_related_objects
    self.check_query_object_type(value, opts, field)
    ~~~~~~~~~~~~~~~~~~~~~~~~~~~~^^^^^^^^^^^^^^^^^^^^
  File "C:\Users\jchar\venv\Lib\site-packages\django\db\models\sql\query.py", line 1349, in check_query_object_type
    raise ValueError(
    ...<2 lines>...
    )
ValueError: Cannot query "jchar": Must be "Hrac" instance.
INFO 2026-05-07 20:23:03,721 autoreload C:\Users\jchar\djangoSport\zebricek_app\views.py changed, reloading.
INFO 2026-05-07 20:23:04,991 autoreload Watching for file changes with StatReloader
INFO 2026-05-07 20:23:29,520 autoreload C:\Users\jchar\djangoSport\zebricek_app\views.py changed, reloading.
INFO 2026-05-07 20:23:30,622 autoreload Watching for file changes with StatReloader
ERROR 2026-05-07 20:23:39,319 log Internal Server Error: /zebricek/
Traceback (most recent call last):
  File "C:\Users\jchar\venv\Lib\site-packages\django\core\handlers\exception.py", line 55, in inner
    response = get_response(request)
  File "C:\Users\jchar\venv\Lib\site-packages\django\core\handlers\base.py", line 197, in _get_response
    response = wrapped_callback(request, *callback_args, **callback_kwargs)
  File "C:\Users\jchar\venv\Lib\site-packages\django\contrib\auth\decorators.py", line 59, in _view_wrapper
    return view_func(request, *args, **kwargs)
  File "C:\Users\jchar\djangoSport\zebricek_app\views.py", line 36, in zebricek_detail
    moje_data = vsechny_pozice.filter(hrac__user=request.user).first()
                ~~~~~~~~~~~~~~~~~~~~~^^^^^^^^^^^^^^^^^^^^^^^^^
  File "C:\Users\jchar\venv\Lib\site-packages\django\db\models\query.py", line 1495, in filter
    return self._filter_or_exclude(False, args, kwargs)
           ~~~~~~~~~~~~~~~~~~~~~~~^^^^^^^^^^^^^^^^^^^^^
  File "C:\Users\jchar\venv\Lib\site-packages\django\db\models\query.py", line 1513, in _filter_or_exclude
    clone._filter_or_exclude_inplace(negate, args, kwargs)
    ~~~~~~~~~~~~~~~~~~~~~~~~~~~~~~~~^^^^^^^^^^^^^^^^^^^^^^
  File "C:\Users\jchar\venv\Lib\site-packages\django\db\models\query.py", line 1523, in _filter_or_exclude_inplace
    self._query.add_q(Q(*args, **kwargs))
    ~~~~~~~~~~~~~~~~~^^^^^^^^^^^^^^^^^^^^
  File "C:\Users\jchar\venv\Lib\site-packages\django\db\models\sql\query.py", line 1646, in add_q
    clause, _ = self._add_q(q_object, can_reuse)
                ~~~~~~~~~~~^^^^^^^^^^^^^^^^^^^^^
  File "C:\Users\jchar\venv\Lib\site-packages\django\db\models\sql\query.py", line 1678, in _add_q
    child_clause, needed_inner = self.build_filter(
                                 ~~~~~~~~~~~~~~~~~^
        child,
        ^^^^^^
    ...<7 lines>...
        update_join_types=update_join_types,
        ^^^^^^^^^^^^^^^^^^^^^^^^^^^^^^^^^^^^
    )
    ^
  File "C:\Users\jchar\venv\Lib\site-packages\django\db\models\sql\query.py", line 1563, in build_filter
    self.check_related_objects(join_info.final_field, value, join_info.opts)
    ~~~~~~~~~~~~~~~~~~~~~~~~~~^^^^^^^^^^^^^^^^^^^^^^^^^^^^^^^^^^^^^^^^^^^^^^
  File "C:\Users\jchar\venv\Lib\site-packages\django\db\models\sql\query.py", line 1372, in check_related_objects
    self.check_query_object_type(value, opts, field)
    ~~~~~~~~~~~~~~~~~~~~~~~~~~~~^^^^^^^^^^^^^^^^^^^^
  File "C:\Users\jchar\venv\Lib\site-packages\django\db\models\sql\query.py", line 1349, in check_query_object_type
    raise ValueError(
    ...<2 lines>...
    )
ValueError: Cannot query "jchar": Must be "Hrac" instance.
ERROR 2026-05-07 20:23:46,590 log Internal Server Error: /zebricek/
Traceback (most recent call last):
  File "C:\Users\jchar\venv\Lib\site-packages\django\core\handlers\exception.py", line 55, in inner
    response = get_response(request)
  File "C:\Users\jchar\venv\Lib\site-packages\django\core\handlers\base.py", line 197, in _get_response
    response = wrapped_callback(request, *callback_args, **callback_kwargs)
  File "C:\Users\jchar\venv\Lib\site-packages\django\contrib\auth\decorators.py", line 59, in _view_wrapper
    return view_func(request, *args, **kwargs)
  File "C:\Users\jchar\djangoSport\zebricek_app\views.py", line 36, in zebricek_detail
    moje_data = vsechny_pozice.filter(hrac__user=request.user).first()
                ~~~~~~~~~~~~~~~~~~~~~^^^^^^^^^^^^^^^^^^^^^^^^^
  File "C:\Users\jchar\venv\Lib\site-packages\django\db\models\query.py", line 1495, in filter
    return self._filter_or_exclude(False, args, kwargs)
           ~~~~~~~~~~~~~~~~~~~~~~~^^^^^^^^^^^^^^^^^^^^^
  File "C:\Users\jchar\venv\Lib\site-packages\django\db\models\query.py", line 1513, in _filter_or_exclude
    clone._filter_or_exclude_inplace(negate, args, kwargs)
    ~~~~~~~~~~~~~~~~~~~~~~~~~~~~~~~~^^^^^^^^^^^^^^^^^^^^^^
  File "C:\Users\jchar\venv\Lib\site-packages\django\db\models\query.py", line 1523, in _filter_or_exclude_inplace
    self._query.add_q(Q(*args, **kwargs))
    ~~~~~~~~~~~~~~~~~^^^^^^^^^^^^^^^^^^^^
  File "C:\Users\jchar\venv\Lib\site-packages\django\db\models\sql\query.py", line 1646, in add_q
    clause, _ = self._add_q(q_object, can_reuse)
                ~~~~~~~~~~~^^^^^^^^^^^^^^^^^^^^^
  File "C:\Users\jchar\venv\Lib\site-packages\django\db\models\sql\query.py", line 1678, in _add_q
    child_clause, needed_inner = self.build_filter(
                                 ~~~~~~~~~~~~~~~~~^
        child,
        ^^^^^^
    ...<7 lines>...
        update_join_types=update_join_types,
        ^^^^^^^^^^^^^^^^^^^^^^^^^^^^^^^^^^^^
    )
    ^
  File "C:\Users\jchar\venv\Lib\site-packages\django\db\models\sql\query.py", line 1563, in build_filter
    self.check_related_objects(join_info.final_field, value, join_info.opts)
    ~~~~~~~~~~~~~~~~~~~~~~~~~~^^^^^^^^^^^^^^^^^^^^^^^^^^^^^^^^^^^^^^^^^^^^^^
  File "C:\Users\jchar\venv\Lib\site-packages\django\db\models\sql\query.py", line 1372, in check_related_objects
    self.check_query_object_type(value, opts, field)
    ~~~~~~~~~~~~~~~~~~~~~~~~~~~~^^^^^^^^^^^^^^^^^^^^
  File "C:\Users\jchar\venv\Lib\site-packages\django\db\models\sql\query.py", line 1349, in check_query_object_type
    raise ValueError(
    ...<2 lines>...
    )
ValueError: Cannot query "jchar": Must be "Hrac" instance.
INFO 2026-05-07 20:25:58,666 autoreload C:\Users\jchar\djangoSport\zebricek_app\views.py changed, reloading.
INFO 2026-05-07 20:25:59,713 autoreload Watching for file changes with StatReloader
INFO 2026-05-07 20:28:22,044 autoreload C:\Users\jchar\djangoSport\zebricek_app\views.py changed, reloading.
INFO 2026-05-07 20:28:23,169 autoreload Watching for file changes with StatReloader
ERROR 2026-05-07 20:28:30,112 log Internal Server Error: /zebricek/
Traceback (most recent call last):
  File "C:\Users\jchar\venv\Lib\site-packages\django\core\handlers\exception.py", line 55, in inner
    response = get_response(request)
  File "C:\Users\jchar\venv\Lib\site-packages\django\core\handlers\base.py", line 197, in _get_response
    response = wrapped_callback(request, *callback_args, **callback_kwargs)
  File "C:\Users\jchar\venv\Lib\site-packages\django\contrib\auth\decorators.py", line 59, in _view_wrapper
    return view_func(request, *args, **kwargs)
  File "C:\Users\jchar\djangoSport\zebricek_app\views.py", line 14, in zebricek_detail
    moje_data = vsechny_pozice.filter(hrac__user=request.user).first()
                ~~~~~~~~~~~~~~~~~~~~~^^^^^^^^^^^^^^^^^^^^^^^^^
  File "C:\Users\jchar\venv\Lib\site-packages\django\db\models\query.py", line 1495, in filter
    return self._filter_or_exclude(False, args, kwargs)
           ~~~~~~~~~~~~~~~~~~~~~~~^^^^^^^^^^^^^^^^^^^^^
  File "C:\Users\jchar\venv\Lib\site-packages\django\db\models\query.py", line 1513, in _filter_or_exclude
    clone._filter_or_exclude_inplace(negate, args, kwargs)
    ~~~~~~~~~~~~~~~~~~~~~~~~~~~~~~~~^^^^^^^^^^^^^^^^^^^^^^
  File "C:\Users\jchar\venv\Lib\site-packages\django\db\models\query.py", line 1523, in _filter_or_exclude_inplace
    self._query.add_q(Q(*args, **kwargs))
    ~~~~~~~~~~~~~~~~~^^^^^^^^^^^^^^^^^^^^
  File "C:\Users\jchar\venv\Lib\site-packages\django\db\models\sql\query.py", line 1646, in add_q
    clause, _ = self._add_q(q_object, can_reuse)
                ~~~~~~~~~~~^^^^^^^^^^^^^^^^^^^^^
  File "C:\Users\jchar\venv\Lib\site-packages\django\db\models\sql\query.py", line 1678, in _add_q
    child_clause, needed_inner = self.build_filter(
                                 ~~~~~~~~~~~~~~~~~^
        child,
        ^^^^^^
    ...<7 lines>...
        update_join_types=update_join_types,
        ^^^^^^^^^^^^^^^^^^^^^^^^^^^^^^^^^^^^
    )
    ^
  File "C:\Users\jchar\venv\Lib\site-packages\django\db\models\sql\query.py", line 1563, in build_filter
    self.check_related_objects(join_info.final_field, value, join_info.opts)
    ~~~~~~~~~~~~~~~~~~~~~~~~~~^^^^^^^^^^^^^^^^^^^^^^^^^^^^^^^^^^^^^^^^^^^^^^
  File "C:\Users\jchar\venv\Lib\site-packages\django\db\models\sql\query.py", line 1372, in check_related_objects
    self.check_query_object_type(value, opts, field)
    ~~~~~~~~~~~~~~~~~~~~~~~~~~~~^^^^^^^^^^^^^^^^^^^^
  File "C:\Users\jchar\venv\Lib\site-packages\django\db\models\sql\query.py", line 1349, in check_query_object_type
    raise ValueError(
    ...<2 lines>...
    )
ValueError: Cannot query "jchar": Must be "Hrac" instance.
INFO 2026-05-07 20:31:13,724 autoreload C:\Users\jchar\djangoSport\zebricek_app\views.py changed, reloading.
INFO 2026-05-07 20:31:14,759 autoreload Watching for file changes with StatReloader
ERROR 2026-05-07 20:31:21,149 log Internal Server Error: /zebricek/
Traceback (most recent call last):
  File "C:\Users\jchar\venv\Lib\site-packages\django\core\handlers\exception.py", line 55, in inner
    response = get_response(request)
  File "C:\Users\jchar\venv\Lib\site-packages\django\core\handlers\base.py", line 197, in _get_response
    response = wrapped_callback(request, *callback_args, **callback_kwargs)
  File "C:\Users\jchar\venv\Lib\site-packages\django\contrib\auth\decorators.py", line 59, in _view_wrapper
    return view_func(request, *args, **kwargs)
  File "C:\Users\jchar\djangoSport\zebricek_app\views.py", line 15, in zebricek_detail
    moje_data = ZebricekPozice.objects.filter(hrac__user=request.user).first()
                ~~~~~~~~~~~~~~~~~~~~~~~~~~~~~^^^^^^^^^^^^^^^^^^^^^^^^^
  File "C:\Users\jchar\venv\Lib\site-packages\django\db\models\manager.py", line 87, in manager_method
    return getattr(self.get_queryset(), name)(*args, **kwargs)
           ~~~~~~~~~~~~~~~~~~~~~~~~~~~~~~~~~~^^^^^^^^^^^^^^^^^
  File "C:\Users\jchar\venv\Lib\site-packages\django\db\models\query.py", line 1495, in filter
    return self._filter_or_exclude(False, args, kwargs)
           ~~~~~~~~~~~~~~~~~~~~~~~^^^^^^^^^^^^^^^^^^^^^
  File "C:\Users\jchar\venv\Lib\site-packages\django\db\models\query.py", line 1513, in _filter_or_exclude
    clone._filter_or_exclude_inplace(negate, args, kwargs)
    ~~~~~~~~~~~~~~~~~~~~~~~~~~~~~~~~^^^^^^^^^^^^^^^^^^^^^^
  File "C:\Users\jchar\venv\Lib\site-packages\django\db\models\query.py", line 1523, in _filter_or_exclude_inplace
    self._query.add_q(Q(*args, **kwargs))
    ~~~~~~~~~~~~~~~~~^^^^^^^^^^^^^^^^^^^^
  File "C:\Users\jchar\venv\Lib\site-packages\django\db\models\sql\query.py", line 1646, in add_q
    clause, _ = self._add_q(q_object, can_reuse)
                ~~~~~~~~~~~^^^^^^^^^^^^^^^^^^^^^
  File "C:\Users\jchar\venv\Lib\site-packages\django\db\models\sql\query.py", line 1678, in _add_q
    child_clause, needed_inner = self.build_filter(
                                 ~~~~~~~~~~~~~~~~~^
        child,
        ^^^^^^
    ...<7 lines>...
        update_join_types=update_join_types,
        ^^^^^^^^^^^^^^^^^^^^^^^^^^^^^^^^^^^^
    )
    ^
  File "C:\Users\jchar\venv\Lib\site-packages\django\db\models\sql\query.py", line 1563, in build_filter
    self.check_related_objects(join_info.final_field, value, join_info.opts)
    ~~~~~~~~~~~~~~~~~~~~~~~~~~^^^^^^^^^^^^^^^^^^^^^^^^^^^^^^^^^^^^^^^^^^^^^^
  File "C:\Users\jchar\venv\Lib\site-packages\django\db\models\sql\query.py", line 1372, in check_related_objects
    self.check_query_object_type(value, opts, field)
    ~~~~~~~~~~~~~~~~~~~~~~~~~~~~^^^^^^^^^^^^^^^^^^^^
  File "C:\Users\jchar\venv\Lib\site-packages\django\db\models\sql\query.py", line 1349, in check_query_object_type
    raise ValueError(
    ...<2 lines>...
    )
ValueError: Cannot query "jchar": Must be "Hrac" instance.
ERROR 2026-05-07 20:32:31,093 forms Failed to send password reset email to 1
Traceback (most recent call last):
  File "C:\Users\jchar\venv\Lib\site-packages\django\contrib\auth\forms.py", line 434, in send_mail
    email_message.send()
    ~~~~~~~~~~~~~~~~~~^^
  File "C:\Users\jchar\venv\Lib\site-packages\django\core\mail\message.py", line 307, in send
    return self.get_connection(fail_silently).send_messages([self])
           ~~~~~~~~~~~~~~~~~~~~~~~~~~~~~~~~~~~~~~~~~~~~~~~~^^^^^^^^
  File "C:\Users\jchar\venv\Lib\site-packages\django\core\mail\backends\smtp.py", line 128, in send_messages
    new_conn_created = self.open()
  File "C:\Users\jchar\venv\Lib\site-packages\django\core\mail\backends\smtp.py", line 93, in open
    self.connection.starttls(context=self.ssl_context)
    ~~~~~~~~~~~~~~~~~~~~~~~~^^^^^^^^^^^^^^^^^^^^^^^^^^
  File "C:\Users\jchar\AppData\Local\Python\pythoncore-3.14-64\Lib\smtplib.py", line 791, in starttls
    self.sock = context.wrap_socket(self.sock,
                ~~~~~~~~~~~~~~~~~~~^^^^^^^^^^^
                                    server_hostname=self._host)
                                    ^^^^^^^^^^^^^^^^^^^^^^^^^^^
  File "C:\Users\jchar\AppData\Local\Python\pythoncore-3.14-64\Lib\ssl.py", line 455, in wrap_socket
    return self.sslsocket_class._create(
           ~~~~~~~~~~~~~~~~~~~~~~~~~~~~^
        sock=sock,
        ^^^^^^^^^^
    ...<5 lines>...
        session=session
        ^^^^^^^^^^^^^^^
    )
    ^
  File "C:\Users\jchar\AppData\Local\Python\pythoncore-3.14-64\Lib\ssl.py", line 1076, in _create
    self.do_handshake()
    ~~~~~~~~~~~~~~~~~^^
  File "C:\Users\jchar\AppData\Local\Python\pythoncore-3.14-64\Lib\ssl.py", line 1372, in do_handshake
    self._sslobj.do_handshake()
    ~~~~~~~~~~~~~~~~~~~~~~~~~^^
ssl.SSLCertVerificationError: [SSL: CERTIFICATE_VERIFY_FAILED] certificate verify failed: Basic Constraints of CA cert not marked critical (_ssl.c:1077)
ERROR 2026-05-07 20:34:35,707 forms Failed to send password reset email to 1
Traceback (most recent call last):
  File "C:\Users\jchar\venv\Lib\site-packages\django\contrib\auth\forms.py", line 434, in send_mail
    email_message.send()
    ~~~~~~~~~~~~~~~~~~^^
  File "C:\Users\jchar\venv\Lib\site-packages\django\core\mail\message.py", line 307, in send
    return self.get_connection(fail_silently).send_messages([self])
           ~~~~~~~~~~~~~~~~~~~~~~~~~~~~~~~~~~~~~~~~~~~~~~~~^^^^^^^^
  File "C:\Users\jchar\venv\Lib\site-packages\django\core\mail\backends\smtp.py", line 128, in send_messages
    new_conn_created = self.open()
  File "C:\Users\jchar\venv\Lib\site-packages\django\core\mail\backends\smtp.py", line 93, in open
    self.connection.starttls(context=self.ssl_context)
    ~~~~~~~~~~~~~~~~~~~~~~~~^^^^^^^^^^^^^^^^^^^^^^^^^^
  File "C:\Users\jchar\AppData\Local\Python\pythoncore-3.14-64\Lib\smtplib.py", line 791, in starttls
    self.sock = context.wrap_socket(self.sock,
                ~~~~~~~~~~~~~~~~~~~^^^^^^^^^^^
                                    server_hostname=self._host)
                                    ^^^^^^^^^^^^^^^^^^^^^^^^^^^
  File "C:\Users\jchar\AppData\Local\Python\pythoncore-3.14-64\Lib\ssl.py", line 455, in wrap_socket
    return self.sslsocket_class._create(
           ~~~~~~~~~~~~~~~~~~~~~~~~~~~~^
        sock=sock,
        ^^^^^^^^^^
    ...<5 lines>...
        session=session
        ^^^^^^^^^^^^^^^
    )
    ^
  File "C:\Users\jchar\AppData\Local\Python\pythoncore-3.14-64\Lib\ssl.py", line 1076, in _create
    self.do_handshake()
    ~~~~~~~~~~~~~~~~~^^
  File "C:\Users\jchar\AppData\Local\Python\pythoncore-3.14-64\Lib\ssl.py", line 1372, in do_handshake
    self._sslobj.do_handshake()
    ~~~~~~~~~~~~~~~~~~~~~~~~~^^
ssl.SSLCertVerificationError: [SSL: CERTIFICATE_VERIFY_FAILED] certificate verify failed: Basic Constraints of CA cert not marked critical (_ssl.c:1077)
ERROR 2026-05-07 20:38:15,908 log Internal Server Error: /zebricek/
Traceback (most recent call last):
  File "C:\Users\jchar\venv\Lib\site-packages\django\core\handlers\exception.py", line 55, in inner
    response = get_response(request)
  File "C:\Users\jchar\venv\Lib\site-packages\django\core\handlers\base.py", line 197, in _get_response
    response = wrapped_callback(request, *callback_args, **callback_kwargs)
  File "C:\Users\jchar\venv\Lib\site-packages\django\contrib\auth\decorators.py", line 59, in _view_wrapper
    return view_func(request, *args, **kwargs)
  File "C:\Users\jchar\djangoSport\zebricek_app\views.py", line 15, in zebricek_detail
    moje_data = ZebricekPozice.objects.filter(hrac__user=request.user).first()
                ~~~~~~~~~~~~~~~~~~~~~~~~~~~~~^^^^^^^^^^^^^^^^^^^^^^^^^
  File "C:\Users\jchar\venv\Lib\site-packages\django\db\models\manager.py", line 87, in manager_method
    return getattr(self.get_queryset(), name)(*args, **kwargs)
           ~~~~~~~~~~~~~~~~~~~~~~~~~~~~~~~~~~^^^^^^^^^^^^^^^^^
  File "C:\Users\jchar\venv\Lib\site-packages\django\db\models\query.py", line 1495, in filter
    return self._filter_or_exclude(False, args, kwargs)
           ~~~~~~~~~~~~~~~~~~~~~~~^^^^^^^^^^^^^^^^^^^^^
  File "C:\Users\jchar\venv\Lib\site-packages\django\db\models\query.py", line 1513, in _filter_or_exclude
    clone._filter_or_exclude_inplace(negate, args, kwargs)
    ~~~~~~~~~~~~~~~~~~~~~~~~~~~~~~~~^^^^^^^^^^^^^^^^^^^^^^
  File "C:\Users\jchar\venv\Lib\site-packages\django\db\models\query.py", line 1523, in _filter_or_exclude_inplace
    self._query.add_q(Q(*args, **kwargs))
    ~~~~~~~~~~~~~~~~~^^^^^^^^^^^^^^^^^^^^
  File "C:\Users\jchar\venv\Lib\site-packages\django\db\models\sql\query.py", line 1646, in add_q
    clause, _ = self._add_q(q_object, can_reuse)
                ~~~~~~~~~~~^^^^^^^^^^^^^^^^^^^^^
  File "C:\Users\jchar\venv\Lib\site-packages\django\db\models\sql\query.py", line 1678, in _add_q
    child_clause, needed_inner = self.build_filter(
                                 ~~~~~~~~~~~~~~~~~^
        child,
        ^^^^^^
    ...<7 lines>...
        update_join_types=update_join_types,
        ^^^^^^^^^^^^^^^^^^^^^^^^^^^^^^^^^^^^
    )
    ^
  File "C:\Users\jchar\venv\Lib\site-packages\django\db\models\sql\query.py", line 1563, in build_filter
    self.check_related_objects(join_info.final_field, value, join_info.opts)
    ~~~~~~~~~~~~~~~~~~~~~~~~~~^^^^^^^^^^^^^^^^^^^^^^^^^^^^^^^^^^^^^^^^^^^^^^
  File "C:\Users\jchar\venv\Lib\site-packages\django\db\models\sql\query.py", line 1372, in check_related_objects
    self.check_query_object_type(value, opts, field)
    ~~~~~~~~~~~~~~~~~~~~~~~~~~~~^^^^^^^^^^^^^^^^^^^^
  File "C:\Users\jchar\venv\Lib\site-packages\django\db\models\sql\query.py", line 1349, in check_query_object_type
    raise ValueError(
    ...<2 lines>...
    )
ValueError: Cannot query "jiri-charousek": Must be "Hrac" instance.
INFO 2026-05-07 20:40:14,186 autoreload C:\Users\jchar\djangoSport\zebricek_app\models.py changed, reloading.
INFO 2026-05-07 20:40:15,581 autoreload Watching for file changes with StatReloader
ERROR 2026-05-07 20:40:25,501 log Internal Server Error: /zebricek/
Traceback (most recent call last):
  File "C:\Users\jchar\venv\Lib\site-packages\django\core\handlers\exception.py", line 55, in inner
    response = get_response(request)
  File "C:\Users\jchar\venv\Lib\site-packages\django\core\handlers\base.py", line 197, in _get_response
    response = wrapped_callback(request, *callback_args, **callback_kwargs)
  File "C:\Users\jchar\venv\Lib\site-packages\django\contrib\auth\decorators.py", line 59, in _view_wrapper
    return view_func(request, *args, **kwargs)
  File "C:\Users\jchar\djangoSport\zebricek_app\views.py", line 15, in zebricek_detail
    moje_data = ZebricekPozice.objects.filter(hrac__user=request.user).first()
                ~~~~~~~~~~~~~~~~~~~~~~~~~~~~~^^^^^^^^^^^^^^^^^^^^^^^^^
  File "C:\Users\jchar\venv\Lib\site-packages\django\db\models\manager.py", line 87, in manager_method
    return getattr(self.get_queryset(), name)(*args, **kwargs)
           ~~~~~~~~~~~~~~~~~~~~~~~~~~~~~~~~~~^^^^^^^^^^^^^^^^^
  File "C:\Users\jchar\venv\Lib\site-packages\django\db\models\query.py", line 1495, in filter
    return self._filter_or_exclude(False, args, kwargs)
           ~~~~~~~~~~~~~~~~~~~~~~~^^^^^^^^^^^^^^^^^^^^^
  File "C:\Users\jchar\venv\Lib\site-packages\django\db\models\query.py", line 1513, in _filter_or_exclude
    clone._filter_or_exclude_inplace(negate, args, kwargs)
    ~~~~~~~~~~~~~~~~~~~~~~~~~~~~~~~~^^^^^^^^^^^^^^^^^^^^^^
  File "C:\Users\jchar\venv\Lib\site-packages\django\db\models\query.py", line 1523, in _filter_or_exclude_inplace
    self._query.add_q(Q(*args, **kwargs))
    ~~~~~~~~~~~~~~~~~^^^^^^^^^^^^^^^^^^^^
  File "C:\Users\jchar\venv\Lib\site-packages\django\db\models\sql\query.py", line 1646, in add_q
    clause, _ = self._add_q(q_object, can_reuse)
                ~~~~~~~~~~~^^^^^^^^^^^^^^^^^^^^^
  File "C:\Users\jchar\venv\Lib\site-packages\django\db\models\sql\query.py", line 1678, in _add_q
    child_clause, needed_inner = self.build_filter(
                                 ~~~~~~~~~~~~~~~~~^
        child,
        ^^^^^^
    ...<7 lines>...
        update_join_types=update_join_types,
        ^^^^^^^^^^^^^^^^^^^^^^^^^^^^^^^^^^^^
    )
    ^
  File "C:\Users\jchar\venv\Lib\site-packages\django\db\models\sql\query.py", line 1563, in build_filter
    self.check_related_objects(join_info.final_field, value, join_info.opts)
    ~~~~~~~~~~~~~~~~~~~~~~~~~~^^^^^^^^^^^^^^^^^^^^^^^^^^^^^^^^^^^^^^^^^^^^^^
  File "C:\Users\jchar\venv\Lib\site-packages\django\db\models\sql\query.py", line 1372, in check_related_objects
    self.check_query_object_type(value, opts, field)
    ~~~~~~~~~~~~~~~~~~~~~~~~~~~~^^^^^^^^^^^^^^^^^^^^
  File "C:\Users\jchar\venv\Lib\site-packages\django\db\models\sql\query.py", line 1349, in check_query_object_type
    raise ValueError(
    ...<2 lines>...
    )
ValueError: Cannot query "jiri-charousek": Must be "Hrac" instance.
INFO 2026-05-07 20:41:00,307 autoreload C:\Users\jchar\djangoSport\zebricek_app\views.py changed, reloading.
INFO 2026-05-07 20:41:01,451 autoreload Watching for file changes with StatReloader
ERROR 2026-05-07 20:41:08,100 log Internal Server Error: /zebricek/
Traceback (most recent call last):
  File "C:\Users\jchar\venv\Lib\site-packages\django\core\handlers\exception.py", line 55, in inner
    response = get_response(request)
  File "C:\Users\jchar\venv\Lib\site-packages\django\core\handlers\base.py", line 197, in _get_response
    response = wrapped_callback(request, *callback_args, **callback_kwargs)
  File "C:\Users\jchar\venv\Lib\site-packages\django\contrib\auth\decorators.py", line 59, in _view_wrapper
    return view_func(request, *args, **kwargs)
  File "C:\Users\jchar\djangoSport\zebricek_app\views.py", line 17, in zebricek_detail
    aktualni_hrac_obj = Hrac.objects.filter(user=request.user).first()
                        ~~~~~~~~~~~~~~~~~~~^^^^^^^^^^^^^^^^^^^
  File "C:\Users\jchar\venv\Lib\site-packages\django\db\models\manager.py", line 87, in manager_method
    return getattr(self.get_queryset(), name)(*args, **kwargs)
           ~~~~~~~~~~~~~~~~~~~~~~~~~~~~~~~~~~^^^^^^^^^^^^^^^^^
  File "C:\Users\jchar\venv\Lib\site-packages\django\db\models\query.py", line 1495, in filter
    return self._filter_or_exclude(False, args, kwargs)
           ~~~~~~~~~~~~~~~~~~~~~~~^^^^^^^^^^^^^^^^^^^^^
  File "C:\Users\jchar\venv\Lib\site-packages\django\db\models\query.py", line 1513, in _filter_or_exclude
    clone._filter_or_exclude_inplace(negate, args, kwargs)
    ~~~~~~~~~~~~~~~~~~~~~~~~~~~~~~~~^^^^^^^^^^^^^^^^^^^^^^
  File "C:\Users\jchar\venv\Lib\site-packages\django\db\models\query.py", line 1523, in _filter_or_exclude_inplace
    self._query.add_q(Q(*args, **kwargs))
    ~~~~~~~~~~~~~~~~~^^^^^^^^^^^^^^^^^^^^
  File "C:\Users\jchar\venv\Lib\site-packages\django\db\models\sql\query.py", line 1646, in add_q
    clause, _ = self._add_q(q_object, can_reuse)
                ~~~~~~~~~~~^^^^^^^^^^^^^^^^^^^^^
  File "C:\Users\jchar\venv\Lib\site-packages\django\db\models\sql\query.py", line 1678, in _add_q
    child_clause, needed_inner = self.build_filter(
                                 ~~~~~~~~~~~~~~~~~^
        child,
        ^^^^^^
    ...<7 lines>...
        update_join_types=update_join_types,
        ^^^^^^^^^^^^^^^^^^^^^^^^^^^^^^^^^^^^
    )
    ^
  File "C:\Users\jchar\venv\Lib\site-packages\django\db\models\sql\query.py", line 1526, in build_filter
    lookups, parts, reffed_expression = self.solve_lookup_type(arg, summarize)
                                        ~~~~~~~~~~~~~~~~~~~~~~^^^^^^^^^^^^^^^^
  File "C:\Users\jchar\venv\Lib\site-packages\django\db\models\sql\query.py", line 1333, in solve_lookup_type
    _, field, _, lookup_parts = self.names_to_path(lookup_splitted, self.get_meta())
                                ~~~~~~~~~~~~~~~~~~^^^^^^^^^^^^^^^^^^^^^^^^^^^^^^^^^^
  File "C:\Users\jchar\venv\Lib\site-packages\django\db\models\sql\query.py", line 1806, in names_to_path
    raise FieldError(
    ...<2 lines>...
    )
django.core.exceptions.FieldError: Cannot resolve keyword 'user' into field. Choices are: datum_narozeni, domaci, email, foto, hoste, id, info, jmeno, klub, telefon, web, zebricek_data
INFO 2026-05-07 20:42:38,073 autoreload C:\Users\jchar\djangoSport\zebricek_app\views.py changed, reloading.
INFO 2026-05-07 20:42:39,332 autoreload Watching for file changes with StatReloader
INFO 2026-05-07 20:46:01,198 autoreload C:\Users\jchar\djangoSport\tenis_app\models.py changed, reloading.
INFO 2026-05-07 20:46:02,313 autoreload Watching for file changes with StatReloader
INFO 2026-05-07 20:47:05,367 autoreload C:\Users\jchar\djangoSport\tenis_app\models.py changed, reloading.
INFO 2026-05-07 20:47:06,312 autoreload Watching for file changes with StatReloader
INFO 2026-05-07 20:48:22,294 autoreload Watching for file changes with StatReloader
INFO 2026-05-07 21:22:30,733 autoreload C:\Users\jchar\djangoSport\zebricek_app\views.py changed, reloading.
INFO 2026-05-07 21:22:31,418 autoreload Watching for file changes with StatReloader
WARNING 2026-05-07 21:30:42,494 log Not Found: /tenis/zadat-vysledek/
WARNING 2026-05-07 21:30:57,237 log Not Found: /tenis/zadat-vysledek/
INFO 2026-05-07 21:33:40,376 autoreload C:\Users\jchar\djangoSport\tenis_app\views.py changed, reloading.
INFO 2026-05-07 21:33:40,909 autoreload Watching for file changes with StatReloader
INFO 2026-05-07 21:37:38,166 autoreload C:\Users\jchar\djangoSport\tenis_app\views.py changed, reloading.
INFO 2026-05-07 21:37:38,686 autoreload Watching for file changes with StatReloader
INFO 2026-05-07 21:40:27,416 autoreload C:\Users\jchar\djangoSport\tenis_app\views.py changed, reloading.
INFO 2026-05-07 21:40:27,945 autoreload Watching for file changes with StatReloader
INFO 2026-05-07 21:43:00,679 autoreload Watching for file changes with StatReloader
WARNING 2026-05-07 21:43:12,211 log Not Found: /tenis/zadat-vysledek/
INFO 2026-05-07 21:44:13,656 autoreload C:\Users\jchar\djangoSport\zebricek_app\admin.py changed, reloading.
INFO 2026-05-07 21:44:14,179 autoreload Watching for file changes with StatReloader
INFO 2026-05-07 21:45:23,673 autoreload C:\Users\jchar\djangoSport\zebricek_app\admin.py changed, reloading.
INFO 2026-05-07 21:45:24,139 autoreload Watching for file changes with StatReloader
INFO 2026-05-07 21:46:17,508 autoreload C:\Users\jchar\djangoSport\zebricek_app\admin.py changed, reloading.
INFO 2026-05-07 21:46:18,026 autoreload Watching for file changes with StatReloader
WARNING 2026-05-07 21:46:42,691 log Not Found: /tenis/zadat-vysledek/
WARNING 2026-05-07 21:51:33,332 log Not Found: /tenis/zadat-vysledek/
INFO 2026-05-07 21:55:53,226 autoreload C:\Users\jchar\djangoSport\tenis_app\views.py changed, reloading.
INFO 2026-05-07 21:55:53,767 autoreload Watching for file changes with StatReloader
INFO 2026-05-07 21:56:39,762 autoreload C:\Users\jchar\djangoSport\tenis_app\views.py changed, reloading.
INFO 2026-05-07 21:56:40,192 autoreload Watching for file changes with StatReloader
ERROR 2026-05-07 21:56:45,924 log Internal Server Error: /tenis/zadat-vysledek/
Traceback (most recent call last):
  File "C:\Users\jchar\venv\Lib\site-packages\django\core\handlers\exception.py", line 55, in inner
    response = get_response(request)
  File "C:\Users\jchar\venv\Lib\site-packages\django\core\handlers\base.py", line 204, in _get_response
    self.check_response(response, callback)
    ~~~~~~~~~~~~~~~~~~~^^^^^^^^^^^^^^^^^^^^
  File "C:\Users\jchar\venv\Lib\site-packages\django\core\handlers\base.py", line 332, in check_response
    raise ValueError(
    ...<2 lines>...
    )
ValueError: The view tenis_app.views.zadat_vysledek didn't return an HttpResponse object. It returned None instead.
INFO 2026-05-07 21:57:07,053 autoreload C:\Users\jchar\djangoSport\tenis_app\views.py changed, reloading.
INFO 2026-05-07 21:57:07,541 autoreload Watching for file changes with StatReloader
WARNING 2026-05-07 21:57:11,019 log Not Found: /tenis/zadat-vysledek/
INFO 2026-05-07 21:57:43,577 autoreload C:\Users\jchar\djangoSport\tenis_app\views.py changed, reloading.
INFO 2026-05-07 21:57:44,071 autoreload Watching for file changes with StatReloader
WARNING 2026-05-07 21:57:50,610 log Not Found: /tenis/zadat-vysledek/
WARNING 2026-05-07 22:05:34,515 log Not Found: /tenis/zadat-vysledek/
WARNING 2026-05-07 22:08:57,717 log Not Found: /tenis/zadat-vysledek/
WARNING 2026-05-07 22:11:22,934 log Not Found: /tenis/zadat-vysledek/
INFO 2026-05-07 22:13:56,600 autoreload C:\Users\jchar\djangoSport\tenis_app\views.py changed, reloading.
INFO 2026-05-07 22:13:57,174 autoreload Watching for file changes with StatReloader
ERROR 2026-05-07 22:14:33,389 log Internal Server Error: /tenis/zadat-vysledek/
Traceback (most recent call last):
  File "C:\Users\jchar\venv\Lib\site-packages\django\core\handlers\exception.py", line 55, in inner
    response = get_response(request)
  File "C:\Users\jchar\venv\Lib\site-packages\django\core\handlers\base.py", line 197, in _get_response
    response = wrapped_callback(request, *callback_args, **callback_kwargs)
  File "C:\Users\jchar\venv\Lib\site-packages\django\contrib\auth\decorators.py", line 59, in _view_wrapper
    return view_func(request, *args, **kwargs)
  File "C:\Users\jchar\djangoSport\tenis_app\views.py", line 195, in zadat_vysledek
    logger.info(f"VÝSLEDEK ZAPSÁN: Uživatel {request.user.username} uložil skóre zápasu {zapas.id} ({zapas.hrac_domaci} vs {zapas.hrac_hoste}: {zapas.set1_domaci}:{zapas.set1_hoste}...)")
                                                                                                                                                ^^^^^^^^^^^^^^^^^
AttributeError: 'Zapas' object has no attribute 'set1_domaci'. Did you mean: 'sety_domaci'?
INFO 2026-05-07 22:16:51,246 views Uživatel jiri-charousek si prohlíží soutìž: Léto 2026 - D
INFO 2026-05-07 22:17:05,991 views Uživatel jiri-charousek si prohlíží soutìž: Léto 2026 - D
INFO 2026-05-07 22:17:29,189 views Uživatel jiri-charousek si prohlíží soutìž: Léto 2026 - D
ERROR 2026-05-07 22:18:02,561 log Internal Server Error: /tenis/zadat-vysledek/
Traceback (most recent call last):
  File "C:\Users\jchar\venv\Lib\site-packages\django\core\handlers\exception.py", line 55, in inner
    response = get_response(request)
  File "C:\Users\jchar\venv\Lib\site-packages\django\core\handlers\base.py", line 197, in _get_response
    response = wrapped_callback(request, *callback_args, **callback_kwargs)
  File "C:\Users\jchar\venv\Lib\site-packages\django\contrib\auth\decorators.py", line 59, in _view_wrapper
    return view_func(request, *args, **kwargs)
  File "C:\Users\jchar\djangoSport\tenis_app\views.py", line 195, in zadat_vysledek
    logger.info(f"VÝSLEDEK ZAPSÁN: Uživatel {request.user.username} uložil skóre zápasu {zapas.id} ({zapas.hrac_domaci} vs {zapas.hrac_hoste}: {zapas.set1_domaci}:{zapas.set1_hoste}...)")
                                                                                                                                                ^^^^^^^^^^^^^^^^^
AttributeError: 'Zapas' object has no attribute 'set1_domaci'. Did you mean: 'sety_domaci'?
INFO 2026-05-07 22:24:42,237 autoreload C:\Users\jchar\djangoSport\tenis_app\views.py changed, reloading.
INFO 2026-05-07 22:24:42,779 autoreload Watching for file changes with StatReloader
INFO 2026-05-07 22:24:50,595 views VÝSLEDEK ZAPSÁN: Jana MASOPUSTOVÁ vs Jiøí CHAROUSEK - 6:1
INFO 2026-05-07 22:24:50,611 views Uživatel jiri-charousek si prohlíží soutìž: 2026 zebricek
INFO 2026-05-07 22:26:10,378 views Uživatel jiri-charousek si prohlíží soutìž: 2026 zebricek
INFO 2026-05-07 22:26:44,085 views Uživatel jiri-charousek si prohlíží soutìž: Léto 2026 - D
INFO 2026-05-07 22:26:56,659 views Uživatel jiri-charousek si prohlíží soutìž: Léto 2026 - D
INFO 2026-05-07 22:27:10,568 views Uživatel jiri-charousek si prohlíží soutìž: Léto 2026 - D
INFO 2026-05-07 22:28:45,816 autoreload C:\Users\jchar\djangoSport\zebricek_app\views.py changed, reloading.
INFO 2026-05-07 22:28:46,329 autoreload Watching for file changes with StatReloader
INFO 2026-05-07 22:30:19,295 autoreload C:\Users\jchar\djangoSport\zebricek_app\views.py changed, reloading.
INFO 2026-05-07 22:30:19,786 autoreload Watching for file changes with StatReloader
INFO 2026-05-07 22:30:50,453 views VÝSLEDEK ZAPSÁN: Anna MAHELKOVÁ vs Jiøí CHAROUSEK - 6:4
INFO 2026-05-07 22:30:50,464 views Uživatel jiri-charousek si prohlíží soutìž: 2026 zebricek
INFO 2026-05-07 22:32:25,708 views VÝSLEDEK ZAPSÁN: Jana MASOPUSTOVÁ vs Jiøí CHAROUSEK - 6:2
INFO 2026-05-07 22:32:25,719 views Uživatel jiri-charousek si prohlíží soutìž: 2026 zebricek
INFO 2026-05-07 22:33:59,378 views VÝSLEDEK ZAPSÁN: Jana MASOPUSTOVÁ vs Jiøí CHAROUSEK - 1:6
ERROR 2026-05-07 22:33:59,423 log Internal Server Error: /tenis/zadat-vysledek/
Traceback (most recent call last):
  File "C:\Users\jchar\venv\Lib\site-packages\django\db\backends\utils.py", line 105, in _execute
    return self.cursor.execute(sql, params)
           ~~~~~~~~~~~~~~~~~~~^^^^^^^^^^^^^
  File "C:\Users\jchar\venv\Lib\site-packages\django\db\backends\sqlite3\base.py", line 360, in execute
    return super().execute(query, params)
           ~~~~~~~~~~~~~~~^^^^^^^^^^^^^^^
sqlite3.IntegrityError: UNIQUE constraint failed: zebricek_app_zebricekpozice.pozice

The above exception was the direct cause of the following exception:

Traceback (most recent call last):
  File "C:\Users\jchar\venv\Lib\site-packages\django\core\handlers\exception.py", line 55, in inner
    response = get_response(request)
  File "C:\Users\jchar\venv\Lib\site-packages\django\core\handlers\base.py", line 197, in _get_response
    response = wrapped_callback(request, *callback_args, **callback_kwargs)
  File "C:\Users\jchar\venv\Lib\site-packages\django\contrib\auth\decorators.py", line 59, in _view_wrapper
    return view_func(request, *args, **kwargs)
  File "C:\Users\jchar\djangoSport\tenis_app\views.py", line 211, in zadat_vysledek
    aktualizuj_pozice_zebricku(zapas)
    ~~~~~~~~~~~~~~~~~~~~~~~~~~^^^^^^^
  File "C:\Users\jchar\djangoSport\zebricek_app\views.py", line 81, in aktualizuj_pozice_zebricku
    obhajce_data.save()
    ~~~~~~~~~~~~~~~~~^^
  File "C:\Users\jchar\venv\Lib\site-packages\django\db\models\base.py", line 902, in save
    self.save_base(
    ~~~~~~~~~~~~~~^
        using=using,
        ^^^^^^^^^^^^
    ...<2 lines>...
        update_fields=update_fields,
        ^^^^^^^^^^^^^^^^^^^^^^^^^^^^
    )
    ^
  File "C:\Users\jchar\venv\Lib\site-packages\django\db\models\base.py", line 1008, in save_base
    updated = self._save_table(
        raw,
    ...<4 lines>...
        update_fields,
    )
  File "C:\Users\jchar\venv\Lib\site-packages\django\db\models\base.py", line 1138, in _save_table
    updated = self._do_update(
        base_qs, using, pk_val, values, update_fields, forced_update
    )
  File "C:\Users\jchar\venv\Lib\site-packages\django\db\models\base.py", line 1203, in _do_update
    return filtered._update(values) > 0
           ~~~~~~~~~~~~~~~~^^^^^^^^
  File "C:\Users\jchar\venv\Lib\site-packages\django\db\models\query.py", line 1288, in _update
    return query.get_compiler(self.db).execute_sql(ROW_COUNT)
           ~~~~~~~~~~~~~~~~~~~~~~~~~~~~~~~~~~~~~~~^^^^^^^^^^^
  File "C:\Users\jchar\venv\Lib\site-packages\django\db\models\sql\compiler.py", line 2060, in execute_sql
    row_count = super().execute_sql(result_type)
  File "C:\Users\jchar\venv\Lib\site-packages\django\db\models\sql\compiler.py", line 1623, in execute_sql
    cursor.execute(sql, params)
    ~~~~~~~~~~~~~~^^^^^^^^^^^^^
  File "C:\Users\jchar\venv\Lib\site-packages\django\db\backends\utils.py", line 122, in execute
    return super().execute(sql, params)
           ~~~~~~~~~~~~~~~^^^^^^^^^^^^^
  File "C:\Users\jchar\venv\Lib\site-packages\django\db\backends\utils.py", line 79, in execute
    return self._execute_with_wrappers(
           ~~~~~~~~~~~~~~~~~~~~~~~~~~~^
        sql, params, many=False, executor=self._execute
        ^^^^^^^^^^^^^^^^^^^^^^^^^^^^^^^^^^^^^^^^^^^^^^^
    )
    ^
  File "C:\Users\jchar\venv\Lib\site-packages\django\db\backends\utils.py", line 92, in _execute_with_wrappers
    return executor(sql, params, many, context)
  File "C:\Users\jchar\venv\Lib\site-packages\django\db\backends\utils.py", line 100, in _execute
    with self.db.wrap_database_errors:
         ^^^^^^^^^^^^^^^^^^^^^^^^^^^^
  File "C:\Users\jchar\venv\Lib\site-packages\django\db\utils.py", line 91, in __exit__
    raise dj_exc_value.with_traceback(traceback) from exc_value
  File "C:\Users\jchar\venv\Lib\site-packages\django\db\backends\utils.py", line 105, in _execute
    return self.cursor.execute(sql, params)
           ~~~~~~~~~~~~~~~~~~~^^^^^^^^^^^^^
  File "C:\Users\jchar\venv\Lib\site-packages\django\db\backends\sqlite3\base.py", line 360, in execute
    return super().execute(query, params)
           ~~~~~~~~~~~~~~~^^^^^^^^^^^^^^^
django.db.utils.IntegrityError: UNIQUE constraint failed: zebricek_app_zebricekpozice.pozice
INFO 2026-05-07 22:35:25,572 autoreload C:\Users\jchar\djangoSport\zebricek_app\views.py changed, reloading.
INFO 2026-05-07 22:35:26,086 autoreload Watching for file changes with StatReloader
INFO 2026-05-07 22:35:32,202 views VÝSLEDEK ZAPSÁN: Jana MASOPUSTOVÁ vs Jiøí CHAROUSEK - 1:6
INFO 2026-05-07 22:35:32,226 views Uživatel jiri-charousek si prohlíží soutìž: 2026 zebricek
INFO 2026-05-07 22:38:35,076 autoreload C:\Users\jchar\djangoSport\zebricek_app\urls.py changed, reloading.
INFO 2026-05-07 22:38:35,611 autoreload Watching for file changes with StatReloader
INFO 2026-05-07 22:39:06,428 autoreload C:\Users\jchar\djangoSport\zebricek_app\views.py changed, reloading.
INFO 2026-05-07 22:39:06,908 autoreload Watching for file changes with StatReloader
ERROR 2026-05-07 22:40:17,194 log Internal Server Error: /zebricek/manualni-posun/
Traceback (most recent call last):
  File "C:\Users\jchar\venv\Lib\site-packages\django\core\handlers\exception.py", line 55, in inner
    response = get_response(request)
  File "C:\Users\jchar\venv\Lib\site-packages\django\core\handlers\base.py", line 197, in _get_response
    response = wrapped_callback(request, *callback_args, **callback_kwargs)
  File "C:\Users\jchar\venv\Lib\site-packages\django\contrib\auth\decorators.py", line 59, in _view_wrapper
    return view_func(request, *args, **kwargs)
  File "C:\Users\jchar\djangoSport\zebricek_app\views.py", line 145, in manualni_posun_hrace
    return redirect('zebricek_index')
           ^^^^^^^^
NameError: name 'redirect' is not defined
INFO 2026-05-07 22:41:18,905 autoreload C:\Users\jchar\djangoSport\zebricek_app\views.py changed, reloading.
INFO 2026-05-07 22:41:19,409 autoreload Watching for file changes with StatReloader
INFO 2026-05-07 22:42:23,957 autoreload C:\Users\jchar\djangoSport\zebricek_app\views.py changed, reloading.
INFO 2026-05-07 22:42:24,450 autoreload Watching for file changes with StatReloader
INFO 2026-05-07 22:42:48,242 autoreload C:\Users\jchar\djangoSport\zebricek_app\views.py changed, reloading.
INFO 2026-05-07 22:42:48,748 autoreload Watching for file changes with StatReloader
INFO 2026-05-07 22:44:00,804 views VÝSLEDEK ZAPSÁN: Adam GAÈ vs Jiøí CHAROUSEK - 2:6
INFO 2026-05-07 22:44:00,823 views Uživatel jiri-charousek si prohlíží soutìž: 2026 zebricek
INFO 2026-05-07 22:44:38,428 views Uživatel jiri-charousek si prohlíží soutìž: Léto 2026 - C
INFO 2026-05-07 22:44:47,843 views Uživatel jiri-charousek si prohlíží soutìž: Léto 2026 - C
INFO 2026-05-07 22:45:04,533 views Uživatel jiri-charousek si prohlíží soutìž: Léto 2026 - C
INFO 2026-05-07 22:47:44,075 views Uživatel jiri-charousek si prohlíží soutìž: Léto 2026 - A
INFO 2026-05-07 22:48:31,462 views Uživatel jiri-charousek si prohlíží soutìž: Léto 2026 - A
INFO 2026-05-07 22:49:54,806 views Uživatel jiri-charousek si prohlíží soutìž: 2026 zebricek
INFO 2026-05-07 22:50:10,073 views Uživatel jiri-charousek si prohlíží soutìž: 2026 zebricek
INFO 2026-05-07 22:50:25,654 views Uživatel jiri-charousek si prohlíží soutìž: 2026 zebricek
INFO 2026-05-07 22:51:20,593 views Uživatel jiri-charousek si prohlíží soutìž: 2026 zebricek
INFO 2026-05-07 22:51:40,483 views Uživatel jiri-charousek si prohlíží soutìž: Léto 2026 - B
ERROR 2026-05-07 23:02:17,688 log Internal Server Error: /zebricek/
Traceback (most recent call last):
  File "C:\Users\jchar\venv\Lib\site-packages\django\template\backends\django.py", line 107, in render
    return self.template.render(context)
           ~~~~~~~~~~~~~~~~~~~~^^^^^^^^^
  File "C:\Users\jchar\venv\Lib\site-packages\django\template\base.py", line 171, in render
    return self._render(context)
           ~~~~~~~~~~~~^^^^^^^^^
  File "C:\Users\jchar\venv\Lib\site-packages\django\template\base.py", line 163, in _render
    return self.nodelist.render(context)
           ~~~~~~~~~~~~~~~~~~~~^^^^^^^^^
  File "C:\Users\jchar\venv\Lib\site-packages\django\template\base.py", line 1016, in render
    return SafeString("".join([node.render_annotated(context) for node in self]))
                               ~~~~~~~~~~~~~~~~~~~~~^^^^^^^^^
  File "C:\Users\jchar\venv\Lib\site-packages\django\template\base.py", line 977, in render_annotated
    return self.render(context)
           ~~~~~~~~~~~^^^^^^^^^
  File "C:\Users\jchar\venv\Lib\site-packages\django\template\loader_tags.py", line 159, in render
    return compiled_parent._render(context)
           ~~~~~~~~~~~~~~~~~~~~~~~^^^^^^^^^
  File "C:\Users\jchar\venv\Lib\site-packages\django\template\base.py", line 163, in _render
    return self.nodelist.render(context)
           ~~~~~~~~~~~~~~~~~~~~^^^^^^^^^
  File "C:\Users\jchar\venv\Lib\site-packages\django\template\base.py", line 1016, in render
    return SafeString("".join([node.render_annotated(context) for node in self]))
                               ~~~~~~~~~~~~~~~~~~~~~^^^^^^^^^
  File "C:\Users\jchar\venv\Lib\site-packages\django\template\base.py", line 977, in render_annotated
    return self.render(context)
           ~~~~~~~~~~~^^^^^^^^^
  File "C:\Users\jchar\venv\Lib\site-packages\django\template\loader_tags.py", line 65, in render
    result = block.nodelist.render(context)
  File "C:\Users\jchar\venv\Lib\site-packages\django\template\base.py", line 1016, in render
    return SafeString("".join([node.render_annotated(context) for node in self]))
                               ~~~~~~~~~~~~~~~~~~~~~^^^^^^^^^
  File "C:\Users\jchar\venv\Lib\site-packages\django\template\base.py", line 977, in render_annotated
    return self.render(context)
           ~~~~~~~~~~~^^^^^^^^^
  File "C:\Users\jchar\venv\Lib\site-packages\django\template\defaulttags.py", line 550, in render
    return self.nodelist.render(context)
           ~~~~~~~~~~~~~~~~~~~~^^^^^^^^^
  File "C:\Users\jchar\venv\Lib\site-packages\django\template\base.py", line 1016, in render
    return SafeString("".join([node.render_annotated(context) for node in self]))
                               ~~~~~~~~~~~~~~~~~~~~~^^^^^^^^^
  File "C:\Users\jchar\venv\Lib\site-packages\django\template\base.py", line 977, in render_annotated
    return self.render(context)
           ~~~~~~~~~~~^^^^^^^^^
  File "C:\Users\jchar\venv\Lib\site-packages\django\template\defaulttags.py", line 243, in render
    nodelist.append(node.render_annotated(context))
                    ~~~~~~~~~~~~~~~~~~~~~^^^^^^^^^
  File "C:\Users\jchar\venv\Lib\site-packages\django\template\base.py", line 977, in render_annotated
    return self.render(context)
           ~~~~~~~~~~~^^^^^^^^^
  File "C:\Users\jchar\venv\Lib\site-packages\django\template\defaulttags.py", line 327, in render
    return nodelist.render(context)
           ~~~~~~~~~~~~~~~^^^^^^^^^
  File "C:\Users\jchar\venv\Lib\site-packages\django\template\base.py", line 1016, in render
    return SafeString("".join([node.render_annotated(context) for node in self]))
                               ~~~~~~~~~~~~~~~~~~~~~^^^^^^^^^
  File "C:\Users\jchar\venv\Lib\site-packages\django\template\base.py", line 977, in render_annotated
    return self.render(context)
           ~~~~~~~~~~~^^^^^^^^^
  File "C:\Users\jchar\venv\Lib\site-packages\django\template\loader_tags.py", line 199, in render
    template = context.template.engine.select_template(template_name)
  File "C:\Users\jchar\venv\Lib\site-packages\django\template\engine.py", line 214, in select_template
    raise TemplateDoesNotExist(", ".join(not_found))
django.template.exceptions.TemplateDoesNotExist: zebricek_row_snippet.html

The above exception was the direct cause of the following exception:

Traceback (most recent call last):
  File "C:\Users\jchar\venv\Lib\site-packages\django\core\handlers\exception.py", line 55, in inner
    response = get_response(request)
  File "C:\Users\jchar\venv\Lib\site-packages\django\core\handlers\base.py", line 197, in _get_response
    response = wrapped_callback(request, *callback_args, **callback_kwargs)
  File "C:\Users\jchar\venv\Lib\site-packages\django\contrib\auth\decorators.py", line 59, in _view_wrapper
    return view_func(request, *args, **kwargs)
  File "C:\Users\jchar\djangoSport\zebricek_app\views.py", line 33, in zebricek_detail
    return render(request, 'zebricek_app/zebricek_list.html', {
        'zebricek': vsechny_pozice,
        'moje_data': moje_data,
        'mozni_souperi_ids': mozni_souperi_ids,
    })
  File "C:\Users\jchar\venv\Lib\site-packages\django\shortcuts.py", line 25, in render
    content = loader.render_to_string(template_name, context, request, using=using)
  File "C:\Users\jchar\venv\Lib\site-packages\django\template\loader.py", line 62, in render_to_string
    return template.render(context, request)
           ~~~~~~~~~~~~~~~^^^^^^^^^^^^^^^^^^
  File "C:\Users\jchar\venv\Lib\site-packages\django\template\backends\django.py", line 109, in render
    reraise(exc, self.backend)
    ~~~~~~~^^^^^^^^^^^^^^^^^^^
  File "C:\Users\jchar\venv\Lib\site-packages\django\template\backends\django.py", line 130, in reraise
    raise new from exc
django.template.exceptions.TemplateDoesNotExist: zebricek_row_snippet.html
ERROR 2026-05-07 23:03:54,542 log Internal Server Error: /zebricek/
Traceback (most recent call last):
  File "C:\Users\jchar\venv\Lib\site-packages\django\template\backends\django.py", line 107, in render
    return self.template.render(context)
           ~~~~~~~~~~~~~~~~~~~~^^^^^^^^^
  File "C:\Users\jchar\venv\Lib\site-packages\django\template\base.py", line 171, in render
    return self._render(context)
           ~~~~~~~~~~~~^^^^^^^^^
  File "C:\Users\jchar\venv\Lib\site-packages\django\template\base.py", line 163, in _render
    return self.nodelist.render(context)
           ~~~~~~~~~~~~~~~~~~~~^^^^^^^^^
  File "C:\Users\jchar\venv\Lib\site-packages\django\template\base.py", line 1016, in render
    return SafeString("".join([node.render_annotated(context) for node in self]))
                               ~~~~~~~~~~~~~~~~~~~~~^^^^^^^^^
  File "C:\Users\jchar\venv\Lib\site-packages\django\template\base.py", line 977, in render_annotated
    return self.render(context)
           ~~~~~~~~~~~^^^^^^^^^
  File "C:\Users\jchar\venv\Lib\site-packages\django\template\loader_tags.py", line 159, in render
    return compiled_parent._render(context)
           ~~~~~~~~~~~~~~~~~~~~~~~^^^^^^^^^
  File "C:\Users\jchar\venv\Lib\site-packages\django\template\base.py", line 163, in _render
    return self.nodelist.render(context)
           ~~~~~~~~~~~~~~~~~~~~^^^^^^^^^
  File "C:\Users\jchar\venv\Lib\site-packages\django\template\base.py", line 1016, in render
    return SafeString("".join([node.render_annotated(context) for node in self]))
                               ~~~~~~~~~~~~~~~~~~~~~^^^^^^^^^
  File "C:\Users\jchar\venv\Lib\site-packages\django\template\base.py", line 977, in render_annotated
    return self.render(context)
           ~~~~~~~~~~~^^^^^^^^^
  File "C:\Users\jchar\venv\Lib\site-packages\django\template\loader_tags.py", line 65, in render
    result = block.nodelist.render(context)
  File "C:\Users\jchar\venv\Lib\site-packages\django\template\base.py", line 1016, in render
    return SafeString("".join([node.render_annotated(context) for node in self]))
                               ~~~~~~~~~~~~~~~~~~~~~^^^^^^^^^
  File "C:\Users\jchar\venv\Lib\site-packages\django\template\base.py", line 977, in render_annotated
    return self.render(context)
           ~~~~~~~~~~~^^^^^^^^^
  File "C:\Users\jchar\venv\Lib\site-packages\django\template\defaulttags.py", line 550, in render
    return self.nodelist.render(context)
           ~~~~~~~~~~~~~~~~~~~~^^^^^^^^^
  File "C:\Users\jchar\venv\Lib\site-packages\django\template\base.py", line 1016, in render
    return SafeString("".join([node.render_annotated(context) for node in self]))
                               ~~~~~~~~~~~~~~~~~~~~~^^^^^^^^^
  File "C:\Users\jchar\venv\Lib\site-packages\django\template\base.py", line 977, in render_annotated
    return self.render(context)
           ~~~~~~~~~~~^^^^^^^^^
  File "C:\Users\jchar\venv\Lib\site-packages\django\template\defaulttags.py", line 243, in render
    nodelist.append(node.render_annotated(context))
                    ~~~~~~~~~~~~~~~~~~~~~^^^^^^^^^
  File "C:\Users\jchar\venv\Lib\site-packages\django\template\base.py", line 977, in render_annotated
    return self.render(context)
           ~~~~~~~~~~~^^^^^^^^^
  File "C:\Users\jchar\venv\Lib\site-packages\django\template\defaulttags.py", line 327, in render
    return nodelist.render(context)
           ~~~~~~~~~~~~~~~^^^^^^^^^
  File "C:\Users\jchar\venv\Lib\site-packages\django\template\base.py", line 1016, in render
    return SafeString("".join([node.render_annotated(context) for node in self]))
                               ~~~~~~~~~~~~~~~~~~~~~^^^^^^^^^
  File "C:\Users\jchar\venv\Lib\site-packages\django\template\base.py", line 977, in render_annotated
    return self.render(context)
           ~~~~~~~~~~~^^^^^^^^^
  File "C:\Users\jchar\venv\Lib\site-packages\django\template\loader_tags.py", line 199, in render
    template = context.template.engine.select_template(template_name)
  File "C:\Users\jchar\venv\Lib\site-packages\django\template\engine.py", line 214, in select_template
    raise TemplateDoesNotExist(", ".join(not_found))
django.template.exceptions.TemplateDoesNotExist: zebricek_row_snippet.html

The above exception was the direct cause of the following exception:

Traceback (most recent call last):
  File "C:\Users\jchar\venv\Lib\site-packages\django\core\handlers\exception.py", line 55, in inner
    response = get_response(request)
  File "C:\Users\jchar\venv\Lib\site-packages\django\core\handlers\base.py", line 197, in _get_response
    response = wrapped_callback(request, *callback_args, **callback_kwargs)
  File "C:\Users\jchar\venv\Lib\site-packages\django\contrib\auth\decorators.py", line 59, in _view_wrapper
    return view_func(request, *args, **kwargs)
  File "C:\Users\jchar\djangoSport\zebricek_app\views.py", line 33, in zebricek_detail
    return render(request, 'zebricek_app/zebricek_list.html', {
        'zebricek': vsechny_pozice,
        'moje_data': moje_data,
        'mozni_souperi_ids': mozni_souperi_ids,
    })
  File "C:\Users\jchar\venv\Lib\site-packages\django\shortcuts.py", line 25, in render
    content = loader.render_to_string(template_name, context, request, using=using)
  File "C:\Users\jchar\venv\Lib\site-packages\django\template\loader.py", line 62, in render_to_string
    return template.render(context, request)
           ~~~~~~~~~~~~~~~^^^^^^^^^^^^^^^^^^
  File "C:\Users\jchar\venv\Lib\site-packages\django\template\backends\django.py", line 109, in render
    reraise(exc, self.backend)
    ~~~~~~~^^^^^^^^^^^^^^^^^^^
  File "C:\Users\jchar\venv\Lib\site-packages\django\template\backends\django.py", line 130, in reraise
    raise new from exc
django.template.exceptions.TemplateDoesNotExist: zebricek_row_snippet.html
ERROR 2026-05-07 23:04:35,655 log Internal Server Error: /zebricek/
Traceback (most recent call last):
  File "C:\Users\jchar\venv\Lib\site-packages\django\template\backends\django.py", line 107, in render
    return self.template.render(context)
           ~~~~~~~~~~~~~~~~~~~~^^^^^^^^^
  File "C:\Users\jchar\venv\Lib\site-packages\django\template\base.py", line 171, in render
    return self._render(context)
           ~~~~~~~~~~~~^^^^^^^^^
  File "C:\Users\jchar\venv\Lib\site-packages\django\template\base.py", line 163, in _render
    return self.nodelist.render(context)
           ~~~~~~~~~~~~~~~~~~~~^^^^^^^^^
  File "C:\Users\jchar\venv\Lib\site-packages\django\template\base.py", line 1016, in render
    return SafeString("".join([node.render_annotated(context) for node in self]))
                               ~~~~~~~~~~~~~~~~~~~~~^^^^^^^^^
  File "C:\Users\jchar\venv\Lib\site-packages\django\template\base.py", line 977, in render_annotated
    return self.render(context)
           ~~~~~~~~~~~^^^^^^^^^
  File "C:\Users\jchar\venv\Lib\site-packages\django\template\loader_tags.py", line 159, in render
    return compiled_parent._render(context)
           ~~~~~~~~~~~~~~~~~~~~~~~^^^^^^^^^
  File "C:\Users\jchar\venv\Lib\site-packages\django\template\base.py", line 163, in _render
    return self.nodelist.render(context)
           ~~~~~~~~~~~~~~~~~~~~^^^^^^^^^
  File "C:\Users\jchar\venv\Lib\site-packages\django\template\base.py", line 1016, in render
    return SafeString("".join([node.render_annotated(context) for node in self]))
                               ~~~~~~~~~~~~~~~~~~~~~^^^^^^^^^
  File "C:\Users\jchar\venv\Lib\site-packages\django\template\base.py", line 977, in render_annotated
    return self.render(context)
           ~~~~~~~~~~~^^^^^^^^^
  File "C:\Users\jchar\venv\Lib\site-packages\django\template\loader_tags.py", line 65, in render
    result = block.nodelist.render(context)
  File "C:\Users\jchar\venv\Lib\site-packages\django\template\base.py", line 1016, in render
    return SafeString("".join([node.render_annotated(context) for node in self]))
                               ~~~~~~~~~~~~~~~~~~~~~^^^^^^^^^
  File "C:\Users\jchar\venv\Lib\site-packages\django\template\base.py", line 977, in render_annotated
    return self.render(context)
           ~~~~~~~~~~~^^^^^^^^^
  File "C:\Users\jchar\venv\Lib\site-packages\django\template\defaulttags.py", line 550, in render
    return self.nodelist.render(context)
           ~~~~~~~~~~~~~~~~~~~~^^^^^^^^^
  File "C:\Users\jchar\venv\Lib\site-packages\django\template\base.py", line 1016, in render
    return SafeString("".join([node.render_annotated(context) for node in self]))
                               ~~~~~~~~~~~~~~~~~~~~~^^^^^^^^^
  File "C:\Users\jchar\venv\Lib\site-packages\django\template\base.py", line 977, in render_annotated
    return self.render(context)
           ~~~~~~~~~~~^^^^^^^^^
  File "C:\Users\jchar\venv\Lib\site-packages\django\template\defaulttags.py", line 243, in render
    nodelist.append(node.render_annotated(context))
                    ~~~~~~~~~~~~~~~~~~~~~^^^^^^^^^
  File "C:\Users\jchar\venv\Lib\site-packages\django\template\base.py", line 977, in render_annotated
    return self.render(context)
           ~~~~~~~~~~~^^^^^^^^^
  File "C:\Users\jchar\venv\Lib\site-packages\django\template\defaulttags.py", line 327, in render
    return nodelist.render(context)
           ~~~~~~~~~~~~~~~^^^^^^^^^
  File "C:\Users\jchar\venv\Lib\site-packages\django\template\base.py", line 1016, in render
    return SafeString("".join([node.render_annotated(context) for node in self]))
                               ~~~~~~~~~~~~~~~~~~~~~^^^^^^^^^
  File "C:\Users\jchar\venv\Lib\site-packages\django\template\base.py", line 977, in render_annotated
    return self.render(context)
           ~~~~~~~~~~~^^^^^^^^^
  File "C:\Users\jchar\venv\Lib\site-packages\django\template\loader_tags.py", line 199, in render
    template = context.template.engine.select_template(template_name)
  File "C:\Users\jchar\venv\Lib\site-packages\django\template\engine.py", line 214, in select_template
    raise TemplateDoesNotExist(", ".join(not_found))
django.template.exceptions.TemplateDoesNotExist: zebricek_row_snippet.html

The above exception was the direct cause of the following exception:

Traceback (most recent call last):
  File "C:\Users\jchar\venv\Lib\site-packages\django\core\handlers\exception.py", line 55, in inner
    response = get_response(request)
  File "C:\Users\jchar\venv\Lib\site-packages\django\core\handlers\base.py", line 197, in _get_response
    response = wrapped_callback(request, *callback_args, **callback_kwargs)
  File "C:\Users\jchar\venv\Lib\site-packages\django\contrib\auth\decorators.py", line 59, in _view_wrapper
    return view_func(request, *args, **kwargs)
  File "C:\Users\jchar\djangoSport\zebricek_app\views.py", line 33, in zebricek_detail
    return render(request, 'zebricek_app/zebricek_list.html', {
        'zebricek': vsechny_pozice,
        'moje_data': moje_data,
        'mozni_souperi_ids': mozni_souperi_ids,
    })
  File "C:\Users\jchar\venv\Lib\site-packages\django\shortcuts.py", line 25, in render
    content = loader.render_to_string(template_name, context, request, using=using)
  File "C:\Users\jchar\venv\Lib\site-packages\django\template\loader.py", line 62, in render_to_string
    return template.render(context, request)
           ~~~~~~~~~~~~~~~^^^^^^^^^^^^^^^^^^
  File "C:\Users\jchar\venv\Lib\site-packages\django\template\backends\django.py", line 109, in render
    reraise(exc, self.backend)
    ~~~~~~~^^^^^^^^^^^^^^^^^^^
  File "C:\Users\jchar\venv\Lib\site-packages\django\template\backends\django.py", line 130, in reraise
    raise new from exc
django.template.exceptions.TemplateDoesNotExist: zebricek_row_snippet.html
INFO 2026-05-07 23:09:02,874 views Uživatel jiri-charousek si prohlíží soutìž: Léto 2026 - A
INFO 2026-05-07 23:14:33,055 autoreload Watching for file changes with StatReloader
INFO 2026-05-07 23:17:55,269 autoreload Watching for file changes with StatReloader
INFO 2026-05-07 23:18:20,977 views Uživatel jiri-charousek si prohlíží soutìž: Léto 2026 - A
INFO 2026-05-07 23:19:03,719 views Uživatel jiri-charousek si prohlíží soutìž: Léto 2026 - A
INFO 2026-05-07 23:39:28,223 autoreload Watching for file changes with StatReloader
INFO 2026-05-08 07:21:58,348 autoreload C:\Users\jchar\djangoSport\tenis_app\urls.py changed, reloading.
INFO 2026-05-08 07:21:59,749 autoreload Watching for file changes with StatReloader
INFO 2026-05-08 07:22:52,179 views Uživatel jchar si prohlíží soutìž: Léto 2026 - B
INFO 2026-05-08 07:22:53,764 views Uživatel jchar si prohlíží soutìž: Léto 2026 - A
INFO 2026-05-08 07:45:38,402 autoreload Watching for file changes with StatReloader
WARNING 2026-05-08 07:46:08,482 log Forbidden (CSRF token from POST incorrect.): /accounts/login/
WARNING 2026-05-08 07:46:28,077 log Forbidden (CSRF token from POST incorrect.): /accounts/login/
ERROR 2026-05-08 07:46:57,213 log Internal Server Error: /zebricek/
Traceback (most recent call last):
  File "C:\Users\jchar\venv\Lib\site-packages\django\template\base.py", line 510, in parse
    compile_func = self.tags[command]
                   ~~~~~~~~~^^^^^^^^^
KeyError: 'endblock'

During handling of the above exception, another exception occurred:

Traceback (most recent call last):
  File "C:\Users\jchar\venv\Lib\site-packages\django\core\handlers\exception.py", line 55, in inner
    response = get_response(request)
  File "C:\Users\jchar\venv\Lib\site-packages\django\core\handlers\base.py", line 197, in _get_response
    response = wrapped_callback(request, *callback_args, **callback_kwargs)
  File "C:\Users\jchar\venv\Lib\site-packages\django\contrib\auth\decorators.py", line 59, in _view_wrapper
    return view_func(request, *args, **kwargs)
  File "C:\Users\jchar\djangoSport\zebricek_app\views.py", line 45, in zebricek_detail
    return render(request, 'zebricek_app/zebricek_list.html', {
        'sloupec_1': sloupec_1,
    ...<3 lines>...
        'mozni_souperi_ids': mozni_souperi_ids,
    })
  File "C:\Users\jchar\venv\Lib\site-packages\django\shortcuts.py", line 25, in render
    content = loader.render_to_string(template_name, context, request, using=using)
  File "C:\Users\jchar\venv\Lib\site-packages\django\template\loader.py", line 61, in render_to_string
    template = get_template(template_name, using=using)
  File "C:\Users\jchar\venv\Lib\site-packages\django\template\loader.py", line 15, in get_template
    return engine.get_template(template_name)
           ~~~~~~~~~~~~~~~~~~~^^^^^^^^^^^^^^^
  File "C:\Users\jchar\venv\Lib\site-packages\django\template\backends\django.py", line 79, in get_template
    return Template(self.engine.get_template(template_name), self)
                    ~~~~~~~~~~~~~~~~~~~~~~~~^^^^^^^^^^^^^^^
  File "C:\Users\jchar\venv\Lib\site-packages\django\template\engine.py", line 177, in get_template
    template, origin = self.find_template(template_name)
                       ~~~~~~~~~~~~~~~~~~^^^^^^^^^^^^^^^
  File "C:\Users\jchar\venv\Lib\site-packages\django\template\engine.py", line 159, in find_template
    template = loader.get_template(name, skip=skip)
  File "C:\Users\jchar\venv\Lib\site-packages\django\template\loaders\cached.py", line 57, in get_template
    template = super().get_template(template_name, skip)
  File "C:\Users\jchar\venv\Lib\site-packages\django\template\loaders\base.py", line 28, in get_template
    return Template(
        contents,
    ...<2 lines>...
        self.engine,
    )
  File "C:\Users\jchar\venv\Lib\site-packages\django\template\base.py", line 154, in __init__
    self.nodelist = self.compile_nodelist()
                    ~~~~~~~~~~~~~~~~~~~~~^^
  File "C:\Users\jchar\venv\Lib\site-packages\django\template\base.py", line 196, in compile_nodelist
    nodelist = parser.parse()
  File "C:\Users\jchar\venv\Lib\site-packages\django\template\base.py", line 512, in parse
    self.invalid_block_tag(token, command, parse_until)
    ~~~~~~~~~~~~~~~~~~~~~~^^^^^^^^^^^^^^^^^^^^^^^^^^^^^
  File "C:\Users\jchar\venv\Lib\site-packages\django\template\base.py", line 577, in invalid_block_tag
    raise self.error(
    ...<3 lines>...
    )
django.template.exceptions.TemplateSyntaxError: Invalid block tag on line 78: 'endblock'. Did you forget to register or load this tag?
INFO 2026-05-08 09:01:51,827 autoreload Watching for file changes with StatReloader
INFO 2026-05-08 09:01:52,212 views Uživatel jchar si prohlíží soutìž: Léto 2026 - A
INFO 2026-05-08 13:29:07,308 autoreload Watching for file changes with StatReloader
INFO 2026-05-08 15:21:46,626 autoreload C:\Users\jchar\djangoSport\core\settings.py changed, reloading.
INFO 2026-05-08 15:21:49,907 autoreload Watching for file changes with StatReloader
INFO 2026-05-10 21:49:21,702 autoreload Watching for file changes with StatReloader
ERROR 2026-05-10 21:49:29,458 log Invalid HTTP_HOST header: '127.0.0.1:8000'. You may need to add '127.0.0.1' to ALLOWED_HOSTS.
Traceback (most recent call last):
  File "C:\Users\jchar\venv\Lib\site-packages\django\core\handlers\exception.py", line 55, in inner
    response = get_response(request)
  File "C:\Users\jchar\venv\Lib\site-packages\django\utils\deprecation.py", line 119, in __call__
    response = self.process_request(request)
  File "C:\Users\jchar\venv\Lib\site-packages\django\middleware\common.py", line 48, in process_request
    host = request.get_host()
  File "C:\Users\jchar\venv\Lib\site-packages\django\http\request.py", line 202, in get_host
    raise DisallowedHost(msg)
django.core.exceptions.DisallowedHost: Invalid HTTP_HOST header: '127.0.0.1:8000'. You may need to add '127.0.0.1' to ALLOWED_HOSTS.
ERROR 2026-05-10 21:49:45,420 log Invalid HTTP_HOST header: '127.0.0.1:8000'. You may need to add '127.0.0.1' to ALLOWED_HOSTS.
Traceback (most recent call last):
  File "C:\Users\jchar\venv\Lib\site-packages\django\core\handlers\exception.py", line 55, in inner
    response = get_response(request)
  File "C:\Users\jchar\venv\Lib\site-packages\django\utils\deprecation.py", line 119, in __call__
    response = self.process_request(request)
  File "C:\Users\jchar\venv\Lib\site-packages\django\middleware\common.py", line 48, in process_request
    host = request.get_host()
  File "C:\Users\jchar\venv\Lib\site-packages\django\http\request.py", line 202, in get_host
    raise DisallowedHost(msg)
django.core.exceptions.DisallowedHost: Invalid HTTP_HOST header: '127.0.0.1:8000'. You may need to add '127.0.0.1' to ALLOWED_HOSTS.
ERROR 2026-05-10 21:49:56,457 log Invalid HTTP_HOST header: '127.0.0.1:8000'. You may need to add '127.0.0.1' to ALLOWED_HOSTS.
Traceback (most recent call last):
  File "C:\Users\jchar\venv\Lib\site-packages\django\core\handlers\exception.py", line 55, in inner
    response = get_response(request)
  File "C:\Users\jchar\venv\Lib\site-packages\django\utils\deprecation.py", line 119, in __call__
    response = self.process_request(request)
  File "C:\Users\jchar\venv\Lib\site-packages\django\middleware\common.py", line 48, in process_request
    host = request.get_host()
  File "C:\Users\jchar\venv\Lib\site-packages\django\http\request.py", line 202, in get_host
    raise DisallowedHost(msg)
django.core.exceptions.DisallowedHost: Invalid HTTP_HOST header: '127.0.0.1:8000'. You may need to add '127.0.0.1' to ALLOWED_HOSTS.
ERROR 2026-05-10 21:50:03,573 log Invalid HTTP_HOST header: '127.0.0.1:8000'. You may need to add '127.0.0.1' to ALLOWED_HOSTS.
Traceback (most recent call last):
  File "C:\Users\jchar\venv\Lib\site-packages\django\core\handlers\exception.py", line 55, in inner
    response = get_response(request)
  File "C:\Users\jchar\venv\Lib\site-packages\django\utils\deprecation.py", line 119, in __call__
    response = self.process_request(request)
  File "C:\Users\jchar\venv\Lib\site-packages\django\middleware\common.py", line 48, in process_request
    host = request.get_host()
  File "C:\Users\jchar\venv\Lib\site-packages\django\http\request.py", line 202, in get_host
    raise DisallowedHost(msg)
django.core.exceptions.DisallowedHost: Invalid HTTP_HOST header: '127.0.0.1:8000'. You may need to add '127.0.0.1' to ALLOWED_HOSTS.
ERROR 2026-05-10 21:50:10,160 log Invalid HTTP_HOST header: '127.0.0.1:8000'. You may need to add '127.0.0.1' to ALLOWED_HOSTS.
Traceback (most recent call last):
  File "C:\Users\jchar\venv\Lib\site-packages\django\core\handlers\exception.py", line 55, in inner
    response = get_response(request)
  File "C:\Users\jchar\venv\Lib\site-packages\django\utils\deprecation.py", line 119, in __call__
    response = self.process_request(request)
  File "C:\Users\jchar\venv\Lib\site-packages\django\middleware\common.py", line 48, in process_request
    host = request.get_host()
  File "C:\Users\jchar\venv\Lib\site-packages\django\http\request.py", line 202, in get_host
    raise DisallowedHost(msg)
django.core.exceptions.DisallowedHost: Invalid HTTP_HOST header: '127.0.0.1:8000'. You may need to add '127.0.0.1' to ALLOWED_HOSTS.
INFO 2026-05-10 21:51:46,339 autoreload C:\Users\jchar\djangoSport\core\settings.py changed, reloading.
INFO 2026-05-10 21:51:47,451 autoreload Watching for file changes with StatReloader
WARNING 2026-05-10 21:51:51,007 log Not Found: /tenis/index
WARNING 2026-05-10 21:51:59,353 log Not Found: /tenis/
WARNING 2026-05-10 21:52:12,635 log Not Found: /tenis/liga/2026_Zima_A/
WARNING 2026-05-10 21:52:15,133 log Not Found: /tenis/liga/2026_Zima_A/
WARNING 2026-05-10 21:52:31,239 log Not Found: /tenis/
WARNING 2026-05-10 21:53:31,943 log Not Found: /tenis/
INFO 2026-05-10 21:54:38,419 views Uživatel jchar si prohlíží soutìž: Léto 2026 - A
INFO 2026-05-10 21:54:42,933 views Uživatel jchar si prohlíží soutìž: Léto 2026 - A
INFO 2026-05-10 21:54:48,893 views Uživatel jchar si prohlíží soutìž: Léto 2026 - A
INFO 2026-05-10 21:56:14,354 views Uživatel jchar si prohlíží soutìž: Léto 2026 - A
INFO 2026-05-10 21:58:11,770 views Uživatel jchar si prohlíží soutìž: Léto 2026 - A
INFO 2026-05-11 17:53:01,612 autoreload Watching for file changes with StatReloader
WARNING 2026-05-11 17:53:08,513 log Not Found: /tenis/
INFO 2026-05-11 17:53:56,826 views Uživatel jchar si prohlíží soutìž: Léto 2026 - A
WARNING 2026-05-11 17:57:59,318 log Not Found: /kaminka/admin
INFO 2026-05-11 17:58:16,927 views Uživatel jchar si prohlíží soutìž: Léto 2026 - C
WARNING 2026-05-11 17:58:24,072 log Not Found: /static/admin/css/forms.css
WARNING 2026-05-11 17:58:24,079 log Not Found: /static/admin/js/vendor/jquery/jquery.min.js
WARNING 2026-05-11 17:58:24,088 log Not Found: /static/admin/js/vendor/xregexp/xregexp.min.js
WARNING 2026-05-11 17:58:24,101 log Not Found: /static/admin/img/search.svg
WARNING 2026-05-11 17:58:24,179 log Not Found: /static/admin/img/sorting-icons.svg
WARNING 2026-05-11 17:58:26,682 log Not Found: /static/admin/css/forms.css
WARNING 2026-05-11 17:58:26,684 log Not Found: /static/admin/js/calendar.js
WARNING 2026-05-11 17:58:26,685 log Not Found: /static/admin/js/vendor/jquery/jquery.min.js
WARNING 2026-05-11 17:58:26,695 log Not Found: /static/admin/js/admin/DateTimeShortcuts.js
WARNING 2026-05-11 17:58:26,703 log Not Found: /static/admin/js/vendor/xregexp/xregexp.min.js
WARNING 2026-05-11 17:58:26,705 log Not Found: /static/admin/js/prepopulate_init.js
WARNING 2026-05-11 17:58:26,761 log Not Found: /static/admin/js/change_form.js
WARNING 2026-05-11 17:59:07,112 log Not Found: /static/admin/css/forms.css
WARNING 2026-05-11 17:59:07,118 log Not Found: /static/admin/js/calendar.js
WARNING 2026-05-11 17:59:07,119 log Not Found: /static/admin/js/admin/DateTimeShortcuts.js
WARNING 2026-05-11 17:59:07,117 log Not Found: /static/admin/js/vendor/jquery/jquery.min.js
WARNING 2026-05-11 17:59:07,120 log Not Found: /static/admin/js/vendor/xregexp/xregexp.min.js
WARNING 2026-05-11 17:59:07,137 log Not Found: /static/admin/js/prepopulate_init.js
WARNING 2026-05-11 17:59:07,194 log Not Found: /static/admin/css/forms.css
WARNING 2026-05-11 17:59:07,238 log Not Found: /static/admin/js/change_form.js
WARNING 2026-05-11 17:59:20,323 log Not Found: /static/admin/css/forms.css
WARNING 2026-05-11 17:59:20,327 log Not Found: /static/admin/js/calendar.js
WARNING 2026-05-11 17:59:20,327 log Not Found: /static/admin/js/admin/DateTimeShortcuts.js
WARNING 2026-05-11 17:59:20,328 log Not Found: /static/admin/js/vendor/xregexp/xregexp.min.js
WARNING 2026-05-11 17:59:20,329 log Not Found: /static/admin/js/vendor/jquery/jquery.min.js
WARNING 2026-05-11 17:59:20,341 log Not Found: /static/admin/js/prepopulate_init.js
WARNING 2026-05-11 17:59:20,402 log Not Found: /static/admin/js/change_form.js
WARNING 2026-05-11 17:59:29,438 log Not Found: /static/admin/css/forms.css
WARNING 2026-05-11 17:59:29,442 log Not Found: /static/admin/js/vendor/jquery/jquery.min.js
WARNING 2026-05-11 17:59:29,443 log Not Found: /static/admin/js/vendor/xregexp/xregexp.min.js
WARNING 2026-05-11 17:59:29,445 log Not Found: /static/admin/img/search.svg
WARNING 2026-05-11 17:59:29,533 log Not Found: /static/admin/img/icon-yes.svg
WARNING 2026-05-11 17:59:29,534 log Not Found: /static/admin/img/sorting-icons.svg
WARNING 2026-05-11 18:00:17,119 log Not Found: /static/admin/css/forms.css
WARNING 2026-05-11 18:00:17,121 log Not Found: /static/admin/js/vendor/jquery/jquery.min.js
WARNING 2026-05-11 18:00:17,123 log Not Found: /static/admin/js/vendor/xregexp/xregexp.min.js
WARNING 2026-05-11 18:00:17,147 log Not Found: /static/admin/img/search.svg
WARNING 2026-05-11 18:00:17,233 log Not Found: /static/admin/css/forms.css
WARNING 2026-05-11 18:00:17,313 log Not Found: /static/admin/img/sorting-icons.svg
WARNING 2026-05-11 18:00:23,116 log Not Found: /static/admin/css/forms.css
WARNING 2026-05-11 18:00:23,119 log Not Found: /static/admin/js/vendor/jquery/jquery.min.js
WARNING 2026-05-11 18:00:23,130 log Not Found: /static/admin/img/search.svg
WARNING 2026-05-11 18:00:23,132 log Not Found: /static/admin/js/vendor/xregexp/xregexp.min.js
WARNING 2026-05-11 18:00:28,038 log Not Found: /static/admin/css/forms.css
WARNING 2026-05-11 18:00:28,042 log Not Found: /static/admin/js/calendar.js
WARNING 2026-05-11 18:00:28,043 log Not Found: /static/admin/js/admin/DateTimeShortcuts.js
WARNING 2026-05-11 18:00:28,044 log Not Found: /static/admin/js/vendor/xregexp/xregexp.min.js
WARNING 2026-05-11 18:00:28,045 log Not Found: /static/admin/js/vendor/jquery/jquery.min.js
WARNING 2026-05-11 18:00:28,066 log Not Found: /static/admin/js/prepopulate_init.js
WARNING 2026-05-11 18:00:28,116 log Not Found: /static/admin/js/change_form.js
WARNING 2026-05-11 18:00:40,093 log Not Found: /static/admin/css/forms.css
WARNING 2026-05-11 18:00:40,095 log Not Found: /static/admin/js/vendor/jquery/jquery.min.js
WARNING 2026-05-11 18:00:40,096 log Not Found: /static/admin/js/vendor/xregexp/xregexp.min.js
WARNING 2026-05-11 18:00:40,099 log Not Found: /static/admin/img/search.svg
WARNING 2026-05-11 18:00:40,269 log Not Found: /static/admin/img/icon-yes.svg
WARNING 2026-05-11 18:07:37,837 log Not Found: /static/admin/js/vendor/jquery/jquery.min.js
WARNING 2026-05-11 18:07:37,840 log Not Found: /static/admin/js/vendor/xregexp/xregexp.min.js
WARNING 2026-05-11 18:07:37,856 log Not Found: /static/admin/img/search.svg
WARNING 2026-05-11 18:07:46,959 log Not Found: /static/admin/css/forms.css
WARNING 2026-05-11 18:07:46,963 log Not Found: /static/admin/js/vendor/jquery/jquery.min.js
WARNING 2026-05-11 18:07:46,969 log Not Found: /static/admin/js/calendar.js
WARNING 2026-05-11 18:07:46,974 log Not Found: /static/admin/js/admin/DateTimeShortcuts.js
WARNING 2026-05-11 18:07:46,976 log Not Found: /static/admin/js/prepopulate_init.js
WARNING 2026-05-11 18:07:46,981 log Not Found: /static/admin/js/vendor/xregexp/xregexp.min.js
WARNING 2026-05-11 18:07:47,139 log Not Found: /static/admin/css/forms.css
WARNING 2026-05-11 18:07:47,167 log Not Found: /static/admin/js/change_form.js
WARNING 2026-05-11 18:08:16,205 log Not Found: /static/admin/js/vendor/jquery/jquery.min.js
WARNING 2026-05-11 18:08:16,207 log Not Found: /static/admin/js/vendor/xregexp/xregexp.min.js
WARNING 2026-05-11 18:08:16,215 log Not Found: /static/admin/img/search.svg
WARNING 2026-05-11 18:08:24,968 log Not Found: /static/admin/js/vendor/jquery/jquery.min.js
WARNING 2026-05-11 18:08:24,970 log Not Found: /static/admin/js/vendor/xregexp/xregexp.min.js
WARNING 2026-05-11 18:08:24,975 log Not Found: /static/admin/img/icon-no.svg
WARNING 2026-05-11 18:08:24,978 log Not Found: /static/admin/img/search.svg
WARNING 2026-05-11 18:08:25,068 log Not Found: /static/admin/img/icon-yes.svg
WARNING 2026-05-11 18:08:25,148 log Not Found: /static/admin/img/icon-no.svg
WARNING 2026-05-11 18:08:25,151 log Not Found: /static/admin/img/sorting-icons.svg
WARNING 2026-05-11 18:08:25,149 log Not Found: /static/admin/img/icon-yes.svg
WARNING 2026-05-11 18:08:31,622 log Not Found: /static/admin/js/SelectBox.js
WARNING 2026-05-11 18:08:31,624 log Not Found: /static/admin/js/SelectFilter2.js
WARNING 2026-05-11 18:08:31,628 log Not Found: /static/admin/js/vendor/jquery/jquery.min.js
WARNING 2026-05-11 18:08:31,629 log Not Found: /static/admin/js/calendar.js
WARNING 2026-05-11 18:08:31,630 log Not Found: /static/admin/css/forms.css
WARNING 2026-05-11 18:08:31,640 log Not Found: /static/admin/js/admin/DateTimeShortcuts.js
WARNING 2026-05-11 18:08:31,647 log Not Found: /static/admin/js/vendor/xregexp/xregexp.min.js
WARNING 2026-05-11 18:08:31,654 log Not Found: /static/admin/js/prepopulate_init.js
WARNING 2026-05-11 18:08:31,740 log Not Found: /static/admin/js/change_form.js
WARNING 2026-05-11 18:08:31,772 log Not Found: /static/admin/css/forms.css
WARNING 2026-05-11 18:08:35,879 log Not Found: /static/admin/css/forms.css
WARNING 2026-05-11 18:08:35,880 log Not Found: /static/admin/css/unusable_password_field.css
WARNING 2026-05-11 18:08:36,007 log Not Found: /static/admin/js/unusable_password_field.js
WARNING 2026-05-11 18:08:36,092 log Not Found: /static/admin/img/icon-alert.svg
WARNING 2026-05-11 18:08:59,478 log Not Found: /static/admin/css/forms.css
WARNING 2026-05-11 18:08:59,480 log Not Found: /static/admin/js/vendor/jquery/jquery.min.js
WARNING 2026-05-11 18:08:59,484 log Not Found: /static/admin/js/calendar.js
WARNING 2026-05-11 18:08:59,485 log Not Found: /static/admin/js/admin/DateTimeShortcuts.js
WARNING 2026-05-11 18:08:59,486 log Not Found: /static/admin/js/SelectBox.js
WARNING 2026-05-11 18:08:59,498 log Not Found: /static/admin/js/SelectFilter2.js
WARNING 2026-05-11 18:08:59,500 log Not Found: /static/admin/js/vendor/xregexp/xregexp.min.js
WARNING 2026-05-11 18:08:59,512 log Not Found: /static/admin/js/prepopulate_init.js
WARNING 2026-05-11 18:08:59,642 log Not Found: /static/admin/css/forms.css
WARNING 2026-05-11 18:08:59,674 log Not Found: /static/admin/js/change_form.js
WARNING 2026-05-11 18:08:59,708 log Not Found: /static/admin/img/icon-yes.svg
INFO 2026-05-11 18:09:28,994 views Uživatel jiri-charousek si prohlíží soutìž: Léto 2026 - A
ERROR 2026-05-11 18:09:35,524 log Internal Server Error: /kaminka/tenis/zadat-vysledek/
Traceback (most recent call last):
  File "C:\Users\jchar\venv\Lib\site-packages\django\core\handlers\exception.py", line 55, in inner
    response = get_response(request)
  File "C:\Users\jchar\venv\Lib\site-packages\django\core\handlers\base.py", line 197, in _get_response
    response = wrapped_callback(request, *callback_args, **callback_kwargs)
  File "C:\Users\jchar\venv\Lib\site-packages\django\contrib\auth\decorators.py", line 59, in _view_wrapper
    return view_func(request, *args, **kwargs)
  File "C:\Users\jchar\djangoSport\tenis_app\views.py", line 221, in zadat_vysledek
    return render(request, 'tenis_app/tenis_app:zadat_vysledek.html', {'form': form, 'soutez': soutez_obj})
  File "C:\Users\jchar\venv\Lib\site-packages\django\shortcuts.py", line 25, in render
    content = loader.render_to_string(template_name, context, request, using=using)
  File "C:\Users\jchar\venv\Lib\site-packages\django\template\loader.py", line 61, in render_to_string
    template = get_template(template_name, using=using)
  File "C:\Users\jchar\venv\Lib\site-packages\django\template\loader.py", line 19, in get_template
    raise TemplateDoesNotExist(template_name, chain=chain)
django.template.exceptions.TemplateDoesNotExist: tenis_app/tenis_app:zadat_vysledek.html
ERROR 2026-05-11 18:11:42,283 log Internal Server Error: /kaminka/tenis/zadat-vysledek/
Traceback (most recent call last):
  File "C:\Users\jchar\venv\Lib\site-packages\django\core\handlers\exception.py", line 55, in inner
    response = get_response(request)
  File "C:\Users\jchar\venv\Lib\site-packages\django\core\handlers\base.py", line 197, in _get_response
    response = wrapped_callback(request, *callback_args, **callback_kwargs)
  File "C:\Users\jchar\venv\Lib\site-packages\django\contrib\auth\decorators.py", line 59, in _view_wrapper
    return view_func(request, *args, **kwargs)
  File "C:\Users\jchar\djangoSport\tenis_app\views.py", line 221, in zadat_vysledek
    return render(request, 'tenis_app/tenis_app:zadat_vysledek.html', {'form': form, 'soutez': soutez_obj})
  File "C:\Users\jchar\venv\Lib\site-packages\django\shortcuts.py", line 25, in render
    content = loader.render_to_string(template_name, context, request, using=using)
  File "C:\Users\jchar\venv\Lib\site-packages\django\template\loader.py", line 61, in render_to_string
    template = get_template(template_name, using=using)
  File "C:\Users\jchar\venv\Lib\site-packages\django\template\loader.py", line 19, in get_template
    raise TemplateDoesNotExist(template_name, chain=chain)
django.template.exceptions.TemplateDoesNotExist: tenis_app/tenis_app:zadat_vysledek.html
ERROR 2026-05-11 18:18:07,634 log Internal Server Error: /kaminka/tenis/zadat-vysledek/
Traceback (most recent call last):
  File "C:\Users\jchar\venv\Lib\site-packages\django\core\handlers\exception.py", line 55, in inner
    response = get_response(request)
  File "C:\Users\jchar\venv\Lib\site-packages\django\core\handlers\base.py", line 197, in _get_response
    response = wrapped_callback(request, *callback_args, **callback_kwargs)
  File "C:\Users\jchar\venv\Lib\site-packages\django\contrib\auth\decorators.py", line 59, in _view_wrapper
    return view_func(request, *args, **kwargs)
  File "C:\Users\jchar\djangoSport\tenis_app\views.py", line 221, in zadat_vysledek
    return render(request, 'tenis_app/tenis_app:zadat_vysledek.html', {'form': form, 'soutez': soutez_obj})
  File "C:\Users\jchar\venv\Lib\site-packages\django\shortcuts.py", line 25, in render
    content = loader.render_to_string(template_name, context, request, using=using)
  File "C:\Users\jchar\venv\Lib\site-packages\django\template\loader.py", line 61, in render_to_string
    template = get_template(template_name, using=using)
  File "C:\Users\jchar\venv\Lib\site-packages\django\template\loader.py", line 19, in get_template
    raise TemplateDoesNotExist(template_name, chain=chain)
django.template.exceptions.TemplateDoesNotExist: tenis_app/tenis_app:zadat_vysledek.html
INFO 2026-05-11 18:20:51,968 autoreload C:\Users\jchar\djangoSport\tenis_app\views.py changed, reloading.
INFO 2026-05-11 18:20:53,291 autoreload Watching for file changes with StatReloader
ERROR 2026-05-11 18:21:00,101 log Internal Server Error: /kaminka/tenis/zadat-vysledek/
Traceback (most recent call last):
  File "C:\Users\jchar\venv\Lib\site-packages\django\core\handlers\exception.py", line 55, in inner
    response = get_response(request)
  File "C:\Users\jchar\venv\Lib\site-packages\django\core\handlers\base.py", line 197, in _get_response
    response = wrapped_callback(request, *callback_args, **callback_kwargs)
  File "C:\Users\jchar\venv\Lib\site-packages\django\contrib\auth\decorators.py", line 59, in _view_wrapper
    return view_func(request, *args, **kwargs)
  File "C:\Users\jchar\djangoSport\tenis_app\views.py", line 221, in zadat_vysledek
    return render(request, 'tenis_app:zadat_vysledek.html', {'form': form, 'soutez': soutez_obj})
  File "C:\Users\jchar\venv\Lib\site-packages\django\shortcuts.py", line 25, in render
    content = loader.render_to_string(template_name, context, request, using=using)
  File "C:\Users\jchar\venv\Lib\site-packages\django\template\loader.py", line 61, in render_to_string
    template = get_template(template_name, using=using)
  File "C:\Users\jchar\venv\Lib\site-packages\django\template\loader.py", line 19, in get_template
    raise TemplateDoesNotExist(template_name, chain=chain)
django.template.exceptions.TemplateDoesNotExist: tenis_app:zadat_vysledek.html
INFO 2026-05-11 18:24:01,813 autoreload C:\Users\jchar\djangoSport\tenis_app\views.py changed, reloading.
INFO 2026-05-11 18:24:02,880 autoreload Watching for file changes with StatReloader
ERROR 2026-05-11 18:24:15,648 log Internal Server Error: /kaminka/tenis/zadat-vysledek/
Traceback (most recent call last):
  File "C:\Users\jchar\venv\Lib\site-packages\django\core\handlers\exception.py", line 55, in inner
    response = get_response(request)
  File "C:\Users\jchar\venv\Lib\site-packages\django\core\handlers\base.py", line 197, in _get_response
    response = wrapped_callback(request, *callback_args, **callback_kwargs)
  File "C:\Users\jchar\venv\Lib\site-packages\django\contrib\auth\decorators.py", line 59, in _view_wrapper
    return view_func(request, *args, **kwargs)
  File "C:\Users\jchar\djangoSport\tenis_app\views.py", line 221, in zadat_vysledek
    return render(request, 'tenis_app:zadat_vysledek.html', {'form': form, 'soutez': soutez_obj})
  File "C:\Users\jchar\venv\Lib\site-packages\django\shortcuts.py", line 25, in render
    content = loader.render_to_string(template_name, context, request, using=using)
  File "C:\Users\jchar\venv\Lib\site-packages\django\template\loader.py", line 61, in render_to_string
    template = get_template(template_name, using=using)
  File "C:\Users\jchar\venv\Lib\site-packages\django\template\loader.py", line 19, in get_template
    raise TemplateDoesNotExist(template_name, chain=chain)
django.template.exceptions.TemplateDoesNotExist: tenis_app:zadat_vysledek.html
INFO 2026-05-11 21:28:51,535 autoreload C:\Users\jchar\djangoSport\core\settings.py changed, reloading.
INFO 2026-05-11 21:28:52,300 autoreload Watching for file changes with StatReloader
ERROR 2026-05-11 21:29:06,346 log Internal Server Error: /kaminka/tenis/zadat-vysledek/
Traceback (most recent call last):
  File "C:\Users\jchar\venv\Lib\site-packages\django\core\handlers\exception.py", line 55, in inner
    response = get_response(request)
  File "C:\Users\jchar\venv\Lib\site-packages\django\core\handlers\base.py", line 197, in _get_response
    response = wrapped_callback(request, *callback_args, **callback_kwargs)
  File "C:\Users\jchar\venv\Lib\site-packages\django\contrib\auth\decorators.py", line 59, in _view_wrapper
    return view_func(request, *args, **kwargs)
  File "C:\Users\jchar\djangoSport\tenis_app\views.py", line 221, in zadat_vysledek
    return render(request, 'tenis_app:zadat_vysledek.html', {'form': form, 'soutez': soutez_obj})
  File "C:\Users\jchar\venv\Lib\site-packages\django\shortcuts.py", line 25, in render
    content = loader.render_to_string(template_name, context, request, using=using)
  File "C:\Users\jchar\venv\Lib\site-packages\django\template\loader.py", line 61, in render_to_string
    template = get_template(template_name, using=using)
  File "C:\Users\jchar\venv\Lib\site-packages\django\template\loader.py", line 19, in get_template
    raise TemplateDoesNotExist(template_name, chain=chain)
django.template.exceptions.TemplateDoesNotExist: tenis_app:zadat_vysledek.html
INFO 2026-05-11 21:37:11,455 autoreload C:\Users\jchar\djangoSport\tenis_app\views.py changed, reloading.
INFO 2026-05-11 21:37:12,070 autoreload Watching for file changes with StatReloader
INFO 2026-05-11 21:37:48,132 views VÝSLEDEK ZAPSÁN: Jiøí CHLOUBA vs Jiøí CHAROUSEK - 3:6
INFO 2026-05-11 21:37:48,159 views Uživatel jiri-charousek si prohlíží soutìž: 2026 zebricek
INFO 2026-05-11 21:50:14,152 autoreload C:\Users\jchar\djangoSport\tenis_app\views.py changed, reloading.
INFO 2026-05-11 21:50:14,763 autoreload Watching for file changes with StatReloader
INFO 2026-05-11 21:50:34,066 views VÝSLEDEK ZAPSÁN: Jan ŠEVÈÍK vs Jiøí CHAROUSEK - 1:6
ERROR 2026-05-11 21:50:34,132 log Internal Server Error: /kaminka/tenis/zadat-vysledek/
Traceback (most recent call last):
  File "C:\Users\jchar\venv\Lib\site-packages\django\core\handlers\exception.py", line 55, in inner
    response = get_response(request)
  File "C:\Users\jchar\venv\Lib\site-packages\django\core\handlers\base.py", line 197, in _get_response
    response = wrapped_callback(request, *callback_args, **callback_kwargs)
  File "C:\Users\jchar\venv\Lib\site-packages\django\contrib\auth\decorators.py", line 59, in _view_wrapper
    return view_func(request, *args, **kwargs)
  File "C:\Users\jchar\djangoSport\tenis_app\views.py", line 214, in zadat_vysledek
    return redirect('tenis_app:zebricek_list', soutez_slug=soutez_obj.slug)
  File "C:\Users\jchar\venv\Lib\site-packages\django\shortcuts.py", line 51, in redirect
    resolve_url(to, *args, **kwargs),
    ~~~~~~~~~~~^^^^^^^^^^^^^^^^^^^^^
  File "C:\Users\jchar\venv\Lib\site-packages\django\shortcuts.py", line 184, in resolve_url
    return reverse(to, args=args, kwargs=kwargs)
  File "C:\Users\jchar\venv\Lib\site-packages\django\urls\base.py", line 98, in reverse
    resolved_url = resolver._reverse_with_prefix(view, prefix, *args, **kwargs)
  File "C:\Users\jchar\venv\Lib\site-packages\django\urls\resolvers.py", line 831, in _reverse_with_prefix
    raise NoReverseMatch(msg)
django.urls.exceptions.NoReverseMatch: Reverse for 'zebricek_list' not found. 'zebricek_list' is not a valid view function or pattern name.
INFO 2026-05-11 21:50:54,047 autoreload C:\Users\jchar\djangoSport\tenis_app\views.py changed, reloading.
INFO 2026-05-11 21:50:54,598 autoreload Watching for file changes with StatReloader
INFO 2026-05-11 21:50:58,280 views VÝSLEDEK ZAPSÁN: Jan ŠEVÈÍK vs Jiøí CHAROUSEK - 1:6
WARNING 2026-05-11 21:50:58,297 log Not Found: /kaminka/tenis/zadat-vysledek/tenis_app/zebricek_list
INFO 2026-05-11 21:51:19,445 autoreload C:\Users\jchar\djangoSport\tenis_app\views.py changed, reloading.
INFO 2026-05-11 21:51:19,959 autoreload Watching for file changes with StatReloader
INFO 2026-05-11 21:51:23,374 views VÝSLEDEK ZAPSÁN: Jan ŠEVÈÍK vs Jiøí CHAROUSEK - 1:6
ERROR 2026-05-11 21:51:23,408 log Internal Server Error: /kaminka/tenis/zadat-vysledek/
Traceback (most recent call last):
  File "C:\Users\jchar\venv\Lib\site-packages\django\core\handlers\exception.py", line 55, in inner
    response = get_response(request)
  File "C:\Users\jchar\venv\Lib\site-packages\django\core\handlers\base.py", line 197, in _get_response
    response = wrapped_callback(request, *callback_args, **callback_kwargs)
  File "C:\Users\jchar\venv\Lib\site-packages\django\contrib\auth\decorators.py", line 59, in _view_wrapper
    return view_func(request, *args, **kwargs)
  File "C:\Users\jchar\djangoSport\tenis_app\views.py", line 214, in zadat_vysledek
    return redirect('tenis_app:zebricek_list', soutez_slug=soutez_obj.slug)
  File "C:\Users\jchar\venv\Lib\site-packages\django\shortcuts.py", line 51, in redirect
    resolve_url(to, *args, **kwargs),
    ~~~~~~~~~~~^^^^^^^^^^^^^^^^^^^^^
  File "C:\Users\jchar\venv\Lib\site-packages\django\shortcuts.py", line 184, in resolve_url
    return reverse(to, args=args, kwargs=kwargs)
  File "C:\Users\jchar\venv\Lib\site-packages\django\urls\base.py", line 98, in reverse
    resolved_url = resolver._reverse_with_prefix(view, prefix, *args, **kwargs)
  File "C:\Users\jchar\venv\Lib\site-packages\django\urls\resolvers.py", line 831, in _reverse_with_prefix
    raise NoReverseMatch(msg)
django.urls.exceptions.NoReverseMatch: Reverse for 'zebricek_list' not found. 'zebricek_list' is not a valid view function or pattern name.
INFO 2026-05-11 21:53:38,080 autoreload C:\Users\jchar\djangoSport\tenis_app\views.py changed, reloading.
INFO 2026-05-11 21:53:38,641 autoreload Watching for file changes with StatReloader
INFO 2026-05-11 21:53:41,839 views VÝSLEDEK ZAPSÁN: Jan ŠEVÈÍK vs Jiøí CHAROUSEK - 1:6
WARNING 2026-05-11 21:53:41,850 log Not Found: /kaminka/tenis/zebricek/2026_zebricek/
INFO 2026-05-11 21:54:06,697 autoreload C:\Users\jchar\djangoSport\tenis_app\views.py changed, reloading.
INFO 2026-05-11 21:54:07,270 autoreload Watching for file changes with StatReloader
INFO 2026-05-11 21:54:07,739 views VÝSLEDEK ZAPSÁN: Jan ŠEVÈÍK vs Jiøí CHAROUSEK - 1:6
ERROR 2026-05-11 21:54:07,769 log Internal Server Error: /kaminka/tenis/zadat-vysledek/
Traceback (most recent call last):
  File "C:\Users\jchar\venv\Lib\site-packages\django\core\handlers\exception.py", line 55, in inner
    response = get_response(request)
  File "C:\Users\jchar\venv\Lib\site-packages\django\core\handlers\base.py", line 197, in _get_response
    response = wrapped_callback(request, *callback_args, **callback_kwargs)
  File "C:\Users\jchar\venv\Lib\site-packages\django\contrib\auth\decorators.py", line 59, in _view_wrapper
    return view_func(request, *args, **kwargs)
  File "C:\Users\jchar\djangoSport\tenis_app\views.py", line 214, in zadat_vysledek
    return redirect('tenis_app:zebricek_list', soutez_slug=soutez_obj.slug)
  File "C:\Users\jchar\venv\Lib\site-packages\django\shortcuts.py", line 51, in redirect
    resolve_url(to, *args, **kwargs),
    ~~~~~~~~~~~^^^^^^^^^^^^^^^^^^^^^
  File "C:\Users\jchar\venv\Lib\site-packages\django\shortcuts.py", line 184, in resolve_url
    return reverse(to, args=args, kwargs=kwargs)
  File "C:\Users\jchar\venv\Lib\site-packages\django\urls\base.py", line 98, in reverse
    resolved_url = resolver._reverse_with_prefix(view, prefix, *args, **kwargs)
  File "C:\Users\jchar\venv\Lib\site-packages\django\urls\resolvers.py", line 831, in _reverse_with_prefix
    raise NoReverseMatch(msg)
django.urls.exceptions.NoReverseMatch: Reverse for 'zebricek_list' not found. 'zebricek_list' is not a valid view function or pattern name.
INFO 2026-05-11 21:54:20,808 autoreload C:\Users\jchar\djangoSport\tenis_app\views.py changed, reloading.
INFO 2026-05-11 21:54:21,343 autoreload Watching for file changes with StatReloader
INFO 2026-05-11 21:54:27,958 views VÝSLEDEK ZAPSÁN: Jan ŠEVÈÍK vs Jiøí CHAROUSEK - 1:6
WARNING 2026-05-11 21:54:27,971 log Not Found: /kaminka/tenis/zadat-vysledek/tenis_app/zebricek_list
INFO 2026-05-11 21:55:27,608 views VÝSLEDEK ZAPSÁN: Jan ŠEVÈÍK vs Jiøí CHAROUSEK - 1:6
WARNING 2026-05-11 21:55:27,620 log Not Found: /kaminka/tenis/zadat-vysledek/tenis_app/zebricek_list
INFO 2026-05-11 21:55:44,551 autoreload C:\Users\jchar\djangoSport\tenis_app\views.py changed, reloading.
INFO 2026-05-11 21:55:45,107 autoreload Watching for file changes with StatReloader
INFO 2026-05-11 21:56:10,896 autoreload C:\Users\jchar\djangoSport\tenis_app\views.py changed, reloading.
INFO 2026-05-11 21:56:11,424 autoreload Watching for file changes with StatReloader
INFO 2026-05-11 21:56:12,026 views VÝSLEDEK ZAPSÁN: Jan ŠEVÈÍK vs Jiøí CHAROUSEK - 1:6
ERROR 2026-05-11 21:56:12,057 log Internal Server Error: /kaminka/tenis/zadat-vysledek/
Traceback (most recent call last):
  File "C:\Users\jchar\venv\Lib\site-packages\django\core\handlers\exception.py", line 55, in inner
    response = get_response(request)
  File "C:\Users\jchar\venv\Lib\site-packages\django\core\handlers\base.py", line 197, in _get_response
    response = wrapped_callback(request, *callback_args, **callback_kwargs)
  File "C:\Users\jchar\venv\Lib\site-packages\django\contrib\auth\decorators.py", line 59, in _view_wrapper
    return view_func(request, *args, **kwargs)
  File "C:\Users\jchar\djangoSport\tenis_app\views.py", line 214, in zadat_vysledek
    return redirect('tenis_app:zebricek_list', soutez_slug=soutez_obj.slug)
  File "C:\Users\jchar\venv\Lib\site-packages\django\shortcuts.py", line 51, in redirect
    resolve_url(to, *args, **kwargs),
    ~~~~~~~~~~~^^^^^^^^^^^^^^^^^^^^^
  File "C:\Users\jchar\venv\Lib\site-packages\django\shortcuts.py", line 184, in resolve_url
    return reverse(to, args=args, kwargs=kwargs)
  File "C:\Users\jchar\venv\Lib\site-packages\django\urls\base.py", line 98, in reverse
    resolved_url = resolver._reverse_with_prefix(view, prefix, *args, **kwargs)
  File "C:\Users\jchar\venv\Lib\site-packages\django\urls\resolvers.py", line 831, in _reverse_with_prefix
    raise NoReverseMatch(msg)
django.urls.exceptions.NoReverseMatch: Reverse for 'zebricek_list' not found. 'zebricek_list' is not a valid view function or pattern name.
INFO 2026-05-11 21:56:25,986 autoreload C:\Users\jchar\djangoSport\tenis_app\views.py changed, reloading.
INFO 2026-05-11 21:56:26,508 autoreload Watching for file changes with StatReloader
INFO 2026-05-11 21:56:28,483 views VÝSLEDEK ZAPSÁN: Jan ŠEVÈÍK vs Jiøí CHAROUSEK - 1:6
INFO 2026-05-11 21:56:28,491 views Uživatel jiri-charousek si prohlíží soutìž: 2026 zebricek
INFO 2026-05-11 21:59:53,181 views VÝSLEDEK ZAPSÁN: Petra HANZLÍÈKOVÁ vs Jiøí CHAROUSEK - 1:6
INFO 2026-05-11 21:59:53,201 views Uživatel jiri-charousek si prohlíží soutìž: 2026 zebricek
INFO 2026-05-11 22:06:44,792 autoreload C:\Users\jchar\djangoSport\tenis_app\views.py changed, reloading.
INFO 2026-05-11 22:06:45,366 autoreload Watching for file changes with StatReloader
INFO 2026-05-11 22:07:12,567 views VÝSLEDEK ZAPSÁN: Miroslav ŠTEMBERK vs Jiøí CHAROUSEK - 1:6
ERROR 2026-05-11 22:07:12,618 log Internal Server Error: /kaminka/tenis/zadat-vysledek/
Traceback (most recent call last):
  File "C:\Users\jchar\venv\Lib\site-packages\django\core\handlers\exception.py", line 55, in inner
    response = get_response(request)
  File "C:\Users\jchar\venv\Lib\site-packages\django\core\handlers\base.py", line 197, in _get_response
    response = wrapped_callback(request, *callback_args, **callback_kwargs)
  File "C:\Users\jchar\venv\Lib\site-packages\django\contrib\auth\decorators.py", line 59, in _view_wrapper
    return view_func(request, *args, **kwargs)
  File "C:\Users\jchar\djangoSport\tenis_app\views.py", line 215, in zadat_vysledek
    return redirect('zebricek_detail')
  File "C:\Users\jchar\venv\Lib\site-packages\django\shortcuts.py", line 51, in redirect
    resolve_url(to, *args, **kwargs),
    ~~~~~~~~~~~^^^^^^^^^^^^^^^^^^^^^
  File "C:\Users\jchar\venv\Lib\site-packages\django\shortcuts.py", line 184, in resolve_url
    return reverse(to, args=args, kwargs=kwargs)
  File "C:\Users\jchar\venv\Lib\site-packages\django\urls\base.py", line 98, in reverse
    resolved_url = resolver._reverse_with_prefix(view, prefix, *args, **kwargs)
  File "C:\Users\jchar\venv\Lib\site-packages\django\urls\resolvers.py", line 831, in _reverse_with_prefix
    raise NoReverseMatch(msg)
django.urls.exceptions.NoReverseMatch: Reverse for 'zebricek_detail' not found. 'zebricek_detail' is not a valid view function or pattern name.
INFO 2026-05-11 22:09:32,201 autoreload C:\Users\jchar\djangoSport\tenis_app\views.py changed, reloading.
INFO 2026-05-11 22:09:32,833 autoreload Watching for file changes with StatReloader
INFO 2026-05-11 22:09:38,992 views VÝSLEDEK ZAPSÁN: Miroslav ŠTEMBERK vs Jiøí CHAROUSEK - 1:6
INFO 2026-05-11 22:09:58,474 views VÝSLEDEK ZAPSÁN: Josef AUGUSTA vs Jiøí CHAROUSEK - 1:6
INFO 2026-05-11 22:10:27,145 views VÝSLEDEK ZAPSÁN: Petr KOPRNICKÝ vs Jiøí CHAROUSEK - 0:6
INFO 2026-05-11 22:17:47,522 autoreload C:\Users\jchar\djangoSport\zebricek_app\views.py changed, reloading.
INFO 2026-05-11 22:17:48,034 autoreload Watching for file changes with StatReloader
ERROR 2026-05-11 22:18:08,924 log Internal Server Error: /kaminka/zebricek/
Traceback (most recent call last):
  File "C:\Users\jchar\venv\Lib\site-packages\django\core\handlers\exception.py", line 55, in inner
    response = get_response(request)
  File "C:\Users\jchar\venv\Lib\site-packages\django\core\handlers\base.py", line 197, in _get_response
    response = wrapped_callback(request, *callback_args, **callback_kwargs)
  File "C:\Users\jchar\venv\Lib\site-packages\django\contrib\auth\decorators.py", line 59, in _view_wrapper
    return view_func(request, *args, **kwargs)
  File "C:\Users\jchar\djangoSport\zebricek_app\views.py", line 40, in zebricek_index
    historie_zapasu = Zapas.objects.filter(
                      ^^^^^
NameError: name 'Zapas' is not defined
INFO 2026-05-11 22:19:01,267 autoreload C:\Users\jchar\djangoSport\zebricek_app\views.py changed, reloading.
INFO 2026-05-11 22:19:01,851 autoreload Watching for file changes with StatReloader
INFO 2026-05-11 22:19:07,134 views VÝSLEDEK ZAPSÁN: Petr KOPRNICKÝ vs Jiøí CHAROUSEK - 0:6
INFO 2026-05-11 22:32:47,232 views VÝSLEDEK ZAPSÁN: Daniel Padevìt vs Jiøí CHAROUSEK - 1:6
INFO 2026-05-11 22:33:16,227 views Uživatel jiri-charousek si prohlíží soutìž: 2026 zebricek
INFO 2026-05-11 22:36:31,150 views VÝSLEDEK ZAPSÁN: Zdenìk MÁLEK vs Jiøí CHAROUSEK - 6:3
INFO 2026-05-11 22:37:26,988 views VÝSLEDEK ZAPSÁN: Michal GÁBRLE vs Jiøí CHAROUSEK - 6:3
INFO 2026-05-11 22:38:40,470 views VÝSLEDEK ZAPSÁN: Boris NESTRAŠIL vs Jiøí CHAROUSEK - 3:6
INFO 2026-05-11 22:39:25,319 views VÝSLEDEK ZAPSÁN: David KREMLÍK vs Jiøí CHAROUSEK - 6:1
INFO 2026-05-11 22:39:52,434 views Uživatel jiri-charousek si prohlíží soutìž: 2026 zebricek
INFO 2026-05-11 22:41:42,627 views VÝSLEDEK ZAPSÁN: Ivan POLEDNÍK vs Jiøí CHAROUSEK - 2:6
INFO 2026-05-11 22:47:02,935 autoreload C:\Users\jchar\djangoSport\core\settings.py changed, reloading.
INFO 2026-05-11 22:47:03,790 autoreload Watching for file changes with StatReloader
INFO 2026-05-11 22:55:21,318 autoreload Watching for file changes with StatReloader
INFO 2026-05-11 22:55:35,643 views VÝSLEDEK ZAPSÁN: Miroslav SIEDEM vs Jiøí CHAROUSEK - 5:7
INFO 2026-05-11 22:56:07,822 views Uživatel jiri-charousek si prohlíží soutìž: 2026 zebricek
INFO 2026-05-11 22:59:29,732 views Uživatel jiri-charousek si prohlíží soutìž: Léto 2026 - A
INFO 2026-05-11 23:00:11,836 views VÝSLEDEK ZAPSÁN: Michal ZMEŠKAL vs Jiøí CHAROUSEK - 2:6
INFO 2026-05-11 23:05:16,112 autoreload C:\Users\jchar\djangoSport\zebricek_app\views.py changed, reloading.
INFO 2026-05-11 23:05:16,747 autoreload Watching for file changes with StatReloader
INFO 2026-05-11 23:05:50,564 views VÝSLEDEK ZAPSÁN: Romana BENEŠOVÁ vs Jiøí CHAROUSEK - 2:6
ERROR 2026-05-11 23:05:50,573 log Internal Server Error: /kaminka/tenis/zadat-vysledek/
Traceback (most recent call last):
  File "C:\Users\jchar\venv\Lib\site-packages\django\core\handlers\exception.py", line 55, in inner
    response = get_response(request)
  File "C:\Users\jchar\venv\Lib\site-packages\django\core\handlers\base.py", line 197, in _get_response
    response = wrapped_callback(request, *callback_args, **callback_kwargs)
  File "C:\Users\jchar\venv\Lib\site-packages\django\contrib\auth\decorators.py", line 59, in _view_wrapper
    return view_func(request, *args, **kwargs)
  File "C:\Users\jchar\djangoSport\tenis_app\views.py", line 211, in zadat_vysledek
    aktualizuj_pozice_zebricku(zapas)
    ~~~~~~~~~~~~~~~~~~~~~~~~~~^^^^^^^
  File "C:\Users\jchar\djangoSport\zebricek_app\views.py", line 116, in aktualizuj_pozice_zebricku
    ).update(pozice=F('pozice') + 1)
                    ^
NameError: name 'F' is not defined
INFO 2026-05-11 23:06:41,450 autoreload C:\Users\jchar\djangoSport\zebricek_app\views.py changed, reloading.
INFO 2026-05-11 23:06:42,017 autoreload Watching for file changes with StatReloader
INFO 2026-05-11 23:06:48,738 views VÝSLEDEK ZAPSÁN: Romana BENEŠOVÁ vs Jiøí CHAROUSEK - 2:6
ERROR 2026-05-11 23:06:48,745 log Internal Server Error: /kaminka/tenis/zadat-vysledek/
Traceback (most recent call last):
  File "C:\Users\jchar\venv\Lib\site-packages\django\db\backends\utils.py", line 105, in _execute
    return self.cursor.execute(sql, params)
           ~~~~~~~~~~~~~~~~~~~^^^^^^^^^^^^^
  File "C:\Users\jchar\venv\Lib\site-packages\django\db\backends\sqlite3\base.py", line 360, in execute
    return super().execute(query, params)
           ~~~~~~~~~~~~~~~^^^^^^^^^^^^^^^
sqlite3.IntegrityError: UNIQUE constraint failed: zebricek_app_zebricekpozice.pozice

The above exception was the direct cause of the following exception:

Traceback (most recent call last):
  File "C:\Users\jchar\venv\Lib\site-packages\django\core\handlers\exception.py", line 55, in inner
    response = get_response(request)
  File "C:\Users\jchar\venv\Lib\site-packages\django\core\handlers\base.py", line 197, in _get_response
    response = wrapped_callback(request, *callback_args, **callback_kwargs)
  File "C:\Users\jchar\venv\Lib\site-packages\django\contrib\auth\decorators.py", line 59, in _view_wrapper
    return view_func(request, *args, **kwargs)
  File "C:\Users\jchar\djangoSport\tenis_app\views.py", line 211, in zadat_vysledek
    aktualizuj_pozice_zebricku(zapas)
    ~~~~~~~~~~~~~~~~~~~~~~~~~~^^^^^^^
  File "C:\Users\jchar\djangoSport\zebricek_app\views.py", line 117, in aktualizuj_pozice_zebricku
    ).update(pozice=F('pozice') + 1)
      ~~~~~~^^^^^^^^^^^^^^^^^^^^^^^^
  File "C:\Users\jchar\venv\Lib\site-packages\django\db\models\query.py", line 1263, in update
    rows = query.get_compiler(self.db).execute_sql(ROW_COUNT)
  File "C:\Users\jchar\venv\Lib\site-packages\django\db\models\sql\compiler.py", line 2060, in execute_sql
    row_count = super().execute_sql(result_type)
  File "C:\Users\jchar\venv\Lib\site-packages\django\db\models\sql\compiler.py", line 1623, in execute_sql
    cursor.execute(sql, params)
    ~~~~~~~~~~~~~~^^^^^^^^^^^^^
  File "C:\Users\jchar\venv\Lib\site-packages\django\db\backends\utils.py", line 79, in execute
    return self._execute_with_wrappers(
           ~~~~~~~~~~~~~~~~~~~~~~~~~~~^
        sql, params, many=False, executor=self._execute
        ^^^^^^^^^^^^^^^^^^^^^^^^^^^^^^^^^^^^^^^^^^^^^^^
    )
    ^
  File "C:\Users\jchar\venv\Lib\site-packages\django\db\backends\utils.py", line 92, in _execute_with_wrappers
    return executor(sql, params, many, context)
  File "C:\Users\jchar\venv\Lib\site-packages\django\db\backends\utils.py", line 100, in _execute
    with self.db.wrap_database_errors:
         ^^^^^^^^^^^^^^^^^^^^^^^^^^^^
  File "C:\Users\jchar\venv\Lib\site-packages\django\db\utils.py", line 91, in __exit__
    raise dj_exc_value.with_traceback(traceback) from exc_value
  File "C:\Users\jchar\venv\Lib\site-packages\django\db\backends\utils.py", line 105, in _execute
    return self.cursor.execute(sql, params)
           ~~~~~~~~~~~~~~~~~~~^^^^^^^^^^^^^
  File "C:\Users\jchar\venv\Lib\site-packages\django\db\backends\sqlite3\base.py", line 360, in execute
    return super().execute(query, params)
           ~~~~~~~~~~~~~~~^^^^^^^^^^^^^^^
django.db.utils.IntegrityError: UNIQUE constraint failed: zebricek_app_zebricekpozice.pozice
INFO 2026-05-11 23:07:50,988 autoreload C:\Users\jchar\djangoSport\zebricek_app\views.py changed, reloading.
INFO 2026-05-11 23:07:51,521 autoreload Watching for file changes with StatReloader
INFO 2026-05-11 23:07:57,787 views VÝSLEDEK ZAPSÁN: Romana BENEŠOVÁ vs Jiøí CHAROUSEK - 2:6
ERROR 2026-05-11 23:07:57,794 log Internal Server Error: /kaminka/tenis/zadat-vysledek/
Traceback (most recent call last):
  File "C:\Users\jchar\venv\Lib\site-packages\django\db\backends\utils.py", line 105, in _execute
    return self.cursor.execute(sql, params)
           ~~~~~~~~~~~~~~~~~~~^^^^^^^^^^^^^
  File "C:\Users\jchar\venv\Lib\site-packages\django\db\backends\sqlite3\base.py", line 360, in execute
    return super().execute(query, params)
           ~~~~~~~~~~~~~~~^^^^^^^^^^^^^^^
sqlite3.IntegrityError: UNIQUE constraint failed: zebricek_app_zebricekpozice.pozice

The above exception was the direct cause of the following exception:

Traceback (most recent call last):
  File "C:\Users\jchar\venv\Lib\site-packages\django\core\handlers\exception.py", line 55, in inner
    response = get_response(request)
  File "C:\Users\jchar\venv\Lib\site-packages\django\core\handlers\base.py", line 197, in _get_response
    response = wrapped_callback(request, *callback_args, **callback_kwargs)
  File "C:\Users\jchar\venv\Lib\site-packages\django\contrib\auth\decorators.py", line 59, in _view_wrapper
    return view_func(request, *args, **kwargs)
  File "C:\Users\jchar\djangoSport\tenis_app\views.py", line 211, in zadat_vysledek
    aktualizuj_pozice_zebricku(zapas)
    ~~~~~~~~~~~~~~~~~~~~~~~~~~^^^^^^^
  File "C:\Users\jchar\djangoSport\zebricek_app\views.py", line 125, in aktualizuj_pozice_zebricku
    ).update(pozice=F('pozice') + 1)
      ~~~~~~^^^^^^^^^^^^^^^^^^^^^^^^
  File "C:\Users\jchar\venv\Lib\site-packages\django\db\models\query.py", line 1263, in update
    rows = query.get_compiler(self.db).execute_sql(ROW_COUNT)
  File "C:\Users\jchar\venv\Lib\site-packages\django\db\models\sql\compiler.py", line 2060, in execute_sql
    row_count = super().execute_sql(result_type)
  File "C:\Users\jchar\venv\Lib\site-packages\django\db\models\sql\compiler.py", line 1623, in execute_sql
    cursor.execute(sql, params)
    ~~~~~~~~~~~~~~^^^^^^^^^^^^^
  File "C:\Users\jchar\venv\Lib\site-packages\django\db\backends\utils.py", line 79, in execute
    return self._execute_with_wrappers(
           ~~~~~~~~~~~~~~~~~~~~~~~~~~~^
        sql, params, many=False, executor=self._execute
        ^^^^^^^^^^^^^^^^^^^^^^^^^^^^^^^^^^^^^^^^^^^^^^^
    )
    ^
  File "C:\Users\jchar\venv\Lib\site-packages\django\db\backends\utils.py", line 92, in _execute_with_wrappers
    return executor(sql, params, many, context)
  File "C:\Users\jchar\venv\Lib\site-packages\django\db\backends\utils.py", line 100, in _execute
    with self.db.wrap_database_errors:
         ^^^^^^^^^^^^^^^^^^^^^^^^^^^^
  File "C:\Users\jchar\venv\Lib\site-packages\django\db\utils.py", line 91, in __exit__
    raise dj_exc_value.with_traceback(traceback) from exc_value
  File "C:\Users\jchar\venv\Lib\site-packages\django\db\backends\utils.py", line 105, in _execute
    return self.cursor.execute(sql, params)
           ~~~~~~~~~~~~~~~~~~~^^^^^^^^^^^^^
  File "C:\Users\jchar\venv\Lib\site-packages\django\db\backends\sqlite3\base.py", line 360, in execute
    return super().execute(query, params)
           ~~~~~~~~~~~~~~~^^^^^^^^^^^^^^^
django.db.utils.IntegrityError: UNIQUE constraint failed: zebricek_app_zebricekpozice.pozice
INFO 2026-05-11 23:08:47,306 autoreload C:\Users\jchar\djangoSport\zebricek_app\views.py changed, reloading.
INFO 2026-05-11 23:08:47,889 autoreload Watching for file changes with StatReloader
INFO 2026-05-11 23:08:55,041 views VÝSLEDEK ZAPSÁN: Romana BENEŠOVÁ vs Jiøí CHAROUSEK - 2:6
INFO 2026-05-12 08:21:47,562 autoreload Watching for file changes with StatReloader
INFO 2026-05-12 08:22:02,875 views Uživatel jiri-charousek si prohlíží soutìž: 2026 zebricek
INFO 2026-05-12 08:22:20,778 views Uživatel jiri-charousek si prohlíží soutìž: 2026 zebricek
INFO 2026-05-12 08:22:40,417 views Uživatel jiri-charousek si prohlíží soutìž: 2026 zebricek
INFO 2026-05-12 08:26:41,324 autoreload C:\Users\jchar\djangoSport\tenis_app\views.py changed, reloading.
INFO 2026-05-12 08:26:41,935 autoreload Watching for file changes with StatReloader
INFO 2026-05-12 08:31:58,668 autoreload Watching for file changes with StatReloader
INFO 2026-05-12 18:40:11,420 autoreload Watching for file changes with StatReloader
WARNING 2026-05-12 18:40:31,269 log Not Found: /tenis/
ERROR 2026-05-12 18:40:46,119 log Internal Server Error: /kaminka/zebricek/
Traceback (most recent call last):
  File "C:\Users\jchar\venv\Lib\site-packages\django\core\handlers\exception.py", line 55, in inner
    response = get_response(request)
  File "C:\Users\jchar\venv\Lib\site-packages\django\core\handlers\base.py", line 197, in _get_response
    response = wrapped_callback(request, *callback_args, **callback_kwargs)
  File "C:\Users\jchar\venv\Lib\site-packages\django\contrib\auth\decorators.py", line 59, in _view_wrapper
    return view_func(request, *args, **kwargs)
  File "C:\Users\jchar\djangoSport\zebricek_app\views.py", line 59, in zebricek_index
    models.Q(hrac_domaci=moje_data.hrac) | models.Q(hrac_hoste=moje_data.hrac)
    ^^^^^^
NameError: name 'models' is not defined
ERROR 2026-05-12 18:41:00,053 log Internal Server Error: /kaminka/zebricek/
Traceback (most recent call last):
  File "C:\Users\jchar\venv\Lib\site-packages\django\core\handlers\exception.py", line 55, in inner
    response = get_response(request)
  File "C:\Users\jchar\venv\Lib\site-packages\django\core\handlers\base.py", line 197, in _get_response
    response = wrapped_callback(request, *callback_args, **callback_kwargs)
  File "C:\Users\jchar\venv\Lib\site-packages\django\contrib\auth\decorators.py", line 59, in _view_wrapper
    return view_func(request, *args, **kwargs)
  File "C:\Users\jchar\djangoSport\zebricek_app\views.py", line 59, in zebricek_index
    models.Q(hrac_domaci=moje_data.hrac) | models.Q(hrac_hoste=moje_data.hrac)
    ^^^^^^
NameError: name 'models' is not defined
INFO 2026-05-12 18:43:02,436 autoreload C:\Users\jchar\djangoSport\zebricek_app\views.py changed, reloading.
INFO 2026-05-12 18:43:03,007 autoreload Watching for file changes with StatReloader
INFO 2026-05-12 18:43:23,991 views VÝSLEDEK ZAPSÁN: Sofie PØEROVSKÁ vs Jiøí CHAROUSEK - 1:6
INFO 2026-05-12 18:44:46,401 autoreload C:\Users\jchar\djangoSport\zebricek_app\views.py changed, reloading.
INFO 2026-05-12 18:44:46,892 autoreload Watching for file changes with StatReloader
WARNING 2026-05-12 18:55:56,136 log Not Found: /static/images/kaminka260512.png"
WARNING 2026-05-12 18:56:26,976 log Not Found: /static/images/kaminka260512.png
WARNING 2026-05-12 18:56:29,337 log Not Found: /static/images/kaminka260512.png
ERROR 2026-05-12 18:57:40,654 log Internal Server Error: /kaminka/
Traceback (most recent call last):
  File "C:\Users\jchar\venv\Lib\site-packages\django\template\base.py", line 510, in parse
    compile_func = self.tags[command]
                   ~~~~~~~~~^^^^^^^^^
KeyError: "'static/images/kaminka260512.png'"

During handling of the above exception, another exception occurred:

Traceback (most recent call last):
  File "C:\Users\jchar\venv\Lib\site-packages\django\core\handlers\exception.py", line 55, in inner
    response = get_response(request)
  File "C:\Users\jchar\venv\Lib\site-packages\django\core\handlers\base.py", line 220, in _get_response
    response = response.render()
  File "C:\Users\jchar\venv\Lib\site-packages\django\template\response.py", line 114, in render
    self.content = self.rendered_content
                   ^^^^^^^^^^^^^^^^^^^^^
  File "C:\Users\jchar\venv\Lib\site-packages\django\template\response.py", line 90, in rendered_content
    template = self.resolve_template(self.template_name)
  File "C:\Users\jchar\venv\Lib\site-packages\django\template\response.py", line 72, in resolve_template
    return select_template(template, using=self.using)
  File "C:\Users\jchar\venv\Lib\site-packages\django\template\loader.py", line 42, in select_template
    return engine.get_template(template_name)
           ~~~~~~~~~~~~~~~~~~~^^^^^^^^^^^^^^^
  File "C:\Users\jchar\venv\Lib\site-packages\django\template\backends\django.py", line 79, in get_template
    return Template(self.engine.get_template(template_name), self)
                    ~~~~~~~~~~~~~~~~~~~~~~~~^^^^^^^^^^^^^^^
  File "C:\Users\jchar\venv\Lib\site-packages\django\template\engine.py", line 177, in get_template
    template, origin = self.find_template(template_name)
                       ~~~~~~~~~~~~~~~~~~^^^^^^^^^^^^^^^
  File "C:\Users\jchar\venv\Lib\site-packages\django\template\engine.py", line 159, in find_template
    template = loader.get_template(name, skip=skip)
  File "C:\Users\jchar\venv\Lib\site-packages\django\template\loaders\cached.py", line 57, in get_template
    template = super().get_template(template_name, skip)
  File "C:\Users\jchar\venv\Lib\site-packages\django\template\loaders\base.py", line 28, in get_template
    return Template(
        contents,
    ...<2 lines>...
        self.engine,
    )
  File "C:\Users\jchar\venv\Lib\site-packages\django\template\base.py", line 154, in __init__
    self.nodelist = self.compile_nodelist()
                    ~~~~~~~~~~~~~~~~~~~~~^^
  File "C:\Users\jchar\venv\Lib\site-packages\django\template\base.py", line 196, in compile_nodelist
    nodelist = parser.parse()
  File "C:\Users\jchar\venv\Lib\site-packages\django\template\base.py", line 512, in parse
    self.invalid_block_tag(token, command, parse_until)
    ~~~~~~~~~~~~~~~~~~~~~~^^^^^^^^^^^^^^^^^^^^^^^^^^^^^
  File "C:\Users\jchar\venv\Lib\site-packages\django\template\base.py", line 577, in invalid_block_tag
    raise self.error(
    ...<3 lines>...
    )
django.template.exceptions.TemplateSyntaxError: Invalid block tag on line 39: ''static/images/kaminka260512.png''. Did you forget to register or load this tag?
WARNING 2026-05-12 18:58:58,113 log Not Found: /static/images/kaminka260512.png
INFO 2026-05-12 19:00:21,308 autoreload Watching for file changes with StatReloader
WARNING 2026-05-12 19:00:26,327 log Not Found: /static/images/kaminka260512.png
INFO 2026-05-12 19:00:35,706 views Uživatel jiri-charousek si prohlíží soutìž: Léto 2026 - A
WARNING 2026-05-12 19:00:38,837 log Not Found: /static/images/kaminka260512.png
WARNING 2026-05-12 19:02:34,303 log Not Found: /static/images/kaminka260512.PNG
WARNING 2026-05-12 19:02:56,709 log Not Found: /static/images/kaminka260512.png
WARNING 2026-05-12 19:03:22,769 log Not Found: /static/images/kaminka260512.png
WARNING 2026-05-12 19:03:37,142 log Not Found: /static/images/kaminka260512.png
INFO 2026-05-12 19:05:41,196 autoreload C:\Users\jchar\djangoSport\core\settings.py changed, reloading.
INFO 2026-05-12 19:05:41,710 autoreload Watching for file changes with StatReloader
WARNING 2026-05-12 19:05:46,123 log Not Found: /static/images/kaminka260512.png
INFO 2026-05-12 19:05:57,839 autoreload Watching for file changes with StatReloader
WARNING 2026-05-12 19:06:00,699 log Not Found: /static/images/kaminka260512.png
WARNING 2026-05-12 19:06:02,555 log Not Found: /static/images/kaminka260512.png
WARNING 2026-05-12 19:06:03,289 log Not Found: /static/images/kaminka260512.png
WARNING 2026-05-12 19:06:03,712 log Not Found: /static/images/kaminka260512.png
WARNING 2026-05-12 19:06:04,134 log Not Found: /static/images/kaminka260512.png
WARNING 2026-05-12 19:06:51,695 log Not Found: /static/images/kaminka260512.png
WARNING 2026-05-12 19:08:14,531 log Not Found: /.well-known/appspecific/com.chrome.devtools.json
WARNING 2026-05-12 19:10:04,467 log Not Found: /.well-known/appspecific/com.chrome.devtools.json
WARNING 2026-05-12 19:10:04,479 log Not Found: /static/images/kaminka260512.png
WARNING 2026-05-12 19:10:08,731 log Not Found: /.well-known/appspecific/com.chrome.devtools.json
WARNING 2026-05-12 19:10:08,741 log Not Found: /static/images/kaminka260512.png
WARNING 2026-05-12 19:10:09,482 log Not Found: /favicon.ico
WARNING 2026-05-12 19:12:02,125 log Not Found: /static/images/kaminka260512.png
INFO 2026-05-12 19:15:09,321 autoreload C:\Users\jchar\djangoSport\core\settings.py changed, reloading.
INFO 2026-05-12 19:15:09,926 autoreload Watching for file changes with StatReloader
WARNING 2026-05-12 19:15:13,937 log Not Found: /.well-known/appspecific/com.chrome.devtools.json
INFO 2026-05-12 19:15:33,809 autoreload C:\Users\jchar\djangoSport\core\settings.py changed, reloading.
INFO 2026-05-12 19:15:34,354 autoreload Watching for file changes with StatReloader
WARNING 2026-05-12 19:15:39,973 log Not Found: /.well-known/appspecific/com.chrome.devtools.json
INFO 2026-05-12 20:19:41,110 autoreload Watching for file changes with StatReloader
WARNING 2026-05-12 20:24:24,418 log Not Found: /favicon.ico
INFO 2026-05-12 20:24:29,838 views Uživatel jiri-charousek si prohlíží soutìž: Léto 2026 - E
WARNING 2026-05-12 20:24:53,162 log Not Found: /static/admin/js/vendor/jquery/jquery.min.js
WARNING 2026-05-12 20:24:53,169 log Not Found: /static/admin/js/vendor/xregexp/xregexp.min.js
WARNING 2026-05-12 20:25:06,043 log Not Found: /static/admin/js/vendor/jquery/jquery.min.js
WARNING 2026-05-12 20:25:06,044 log Not Found: /static/admin/js/vendor/xregexp/xregexp.min.js
WARNING 2026-05-12 20:25:06,046 log Not Found: /static/admin/js/calendar.js
WARNING 2026-05-12 20:25:06,048 log Not Found: /static/admin/js/admin/DateTimeShortcuts.js
WARNING 2026-05-12 20:25:06,053 log Not Found: /static/admin/js/prepopulate_init.js
WARNING 2026-05-12 20:25:06,115 log Not Found: /static/admin/js/change_form.js
WARNING 2026-05-12 20:25:21,339 log Not Found: /static/admin/js/vendor/jquery/jquery.min.js
WARNING 2026-05-12 20:25:21,339 log Not Found: /static/admin/img/icon-no.svg
WARNING 2026-05-12 20:25:21,340 log Not Found: /static/admin/js/vendor/xregexp/xregexp.min.js
WARNING 2026-05-12 20:25:21,501 log Not Found: /static/admin/img/icon-no.svg
WARNING 2026-05-12 20:25:27,752 log Not Found: /static/admin/js/vendor/jquery/jquery.min.js
WARNING 2026-05-12 20:25:27,754 log Not Found: /static/admin/js/admin/DateTimeShortcuts.js
WARNING 2026-05-12 20:25:27,753 log Not Found: /static/admin/js/calendar.js
WARNING 2026-05-12 20:25:27,756 log Not Found: /static/admin/js/SelectFilter2.js
WARNING 2026-05-12 20:25:27,757 log Not Found: /static/admin/js/vendor/xregexp/xregexp.min.js
WARNING 2026-05-12 20:25:27,759 log Not Found: /static/admin/js/SelectBox.js
WARNING 2026-05-12 20:25:27,761 log Not Found: /static/admin/js/prepopulate_init.js
WARNING 2026-05-12 20:25:27,843 log Not Found: /static/admin/js/change_form.js
WARNING 2026-05-12 20:25:37,739 log Not Found: /static/admin/css/login.css
WARNING 2026-05-12 20:26:01,363 log Not Found: /static/admin/js/vendor/jquery/jquery.min.js
WARNING 2026-05-12 20:26:01,364 log Not Found: /static/admin/js/vendor/xregexp/xregexp.min.js
WARNING 2026-05-12 20:26:01,375 log Not Found: /static/admin/img/icon-no.svg
WARNING 2026-05-12 20:26:01,444 log Not Found: /static/admin/img/icon-no.svg
INFO 2026-05-12 20:26:24,482 views Uživatel jchar si prohlíží soutìž: Léto 2026 - E
WARNING 2026-05-12 20:26:33,859 log Not Found: /static/images/kaminka260512.png
WARNING 2026-05-12 20:26:38,726 log Not Found: /static/images/kaminka260512.png
WARNING 2026-05-12 20:27:22,438 log Not Found: /static/images/kaminka260512.png
WARNING 2026-05-12 20:29:41,469 log Not Found: /static/admin/js/vendor/jquery/jquery.min.js
WARNING 2026-05-12 20:29:41,471 log Not Found: /static/admin/js/vendor/xregexp/xregexp.min.js
WARNING 2026-05-12 20:30:17,374 log Not Found: /static/admin/js/vendor/jquery/jquery.min.js
WARNING 2026-05-12 20:30:17,375 log Not Found: /static/admin/js/vendor/xregexp/xregexp.min.js
WARNING 2026-05-12 20:30:17,388 log Not Found: /static/admin/img/icon-no.svg
WARNING 2026-05-12 20:30:17,508 log Not Found: /static/admin/img/icon-no.svg
WARNING 2026-05-12 20:30:29,326 log Not Found: /static/admin/js/vendor/jquery/jquery.min.js
WARNING 2026-05-12 20:30:29,328 log Not Found: /static/admin/js/admin/DateTimeShortcuts.js
WARNING 2026-05-12 20:30:29,334 log Not Found: /static/admin/js/calendar.js
WARNING 2026-05-12 20:30:29,336 log Not Found: /static/admin/js/vendor/xregexp/xregexp.min.js
WARNING 2026-05-12 20:30:29,339 log Not Found: /static/admin/js/SelectBox.js
WARNING 2026-05-12 20:30:29,341 log Not Found: /static/admin/js/SelectFilter2.js
WARNING 2026-05-12 20:30:29,342 log Not Found: /static/admin/js/prepopulate_init.js
WARNING 2026-05-12 20:30:29,414 log Not Found: /static/admin/js/change_form.js
WARNING 2026-05-12 20:30:48,379 log Not Found: /static/images/kaminka260512.png
WARNING 2026-05-12 20:33:00,368 log Not Found: /static/images/kaminka260512.png
INFO 2026-05-12 20:33:02,162 views Uživatel josef-augusta si prohlíží soutìž: Léto 2026 - A
INFO 2026-05-12 20:33:18,232 views Uživatel josef-augusta si prohlíží soutìž: Léto 2026 - A
WARNING 2026-05-12 20:33:38,214 log Not Found: /static/images/kaminka260512.png
WARNING 2026-05-12 20:33:39,801 log Not Found: /static/images/kaminka260512.png
WARNING 2026-05-12 20:33:58,732 log Not Found: /static/images/kaminka260512.png
INFO 2026-05-12 20:34:00,517 views Uživatel simon-hruby si prohlíží soutìž: Léto 2026 - A
INFO 2026-05-12 20:34:08,160 views Uživatel simon-hruby si prohlíží soutìž: Léto 2026 - C
INFO 2026-05-12 20:34:12,168 views Uživatel simon-hruby si prohlíží soutìž: Léto 2026 - B
INFO 2026-05-12 20:34:19,657 views Uživatel simon-hruby si prohlíží soutìž: Léto 2026 - E
ERROR 2026-05-12 20:34:32,544 log Internal Server Error: /kaminka/tenis/editovat-vysledek/2961/
Traceback (most recent call last):
  File "C:\Users\jchar\venv\Lib\site-packages\django\core\handlers\exception.py", line 55, in inner
    response = get_response(request)
  File "C:\Users\jchar\venv\Lib\site-packages\django\core\handlers\base.py", line 197, in _get_response
    response = wrapped_callback(request, *callback_args, **callback_kwargs)
  File "C:\Users\jchar\venv\Lib\site-packages\django\contrib\auth\decorators.py", line 59, in _view_wrapper
    return view_func(request, *args, **kwargs)
TypeError: editovat_vysledek() got an unexpected keyword argument 'pk'
INFO 2026-05-12 20:34:39,835 views Uživatel simon-hruby si prohlíží soutìž: Léto 2026 - D
INFO 2026-05-12 20:34:42,144 views Uživatel simon-hruby si prohlíží soutìž: Léto 2026 - C
INFO 2026-05-12 20:34:45,007 views Uživatel simon-hruby si prohlíží soutìž: Léto 2026 - B
INFO 2026-05-12 20:34:52,457 views Uživatel simon-hruby si prohlíží soutìž: Léto 2026 - C
INFO 2026-05-12 20:34:56,258 views Uživatel simon-hruby si prohlíží soutìž: Léto 2026 - D
INFO 2026-05-12 20:35:00,833 views Uživatel simon-hruby si prohlíží soutìž: Léto 2026 - E
INFO 2026-05-12 20:35:05,380 views Uživatel simon-hruby si prohlíží soutìž: Léto 2026 - Ženy
INFO 2026-05-12 20:35:11,058 views Uživatel simon-hruby si prohlíží soutìž: Léto 2026 - A
INFO 2026-05-12 20:35:15,279 views Uživatel simon-hruby si prohlíží soutìž: Léto 2026 - B
INFO 2026-05-12 20:35:21,264 views Uživatel simon-hruby si prohlíží soutìž: Léto 2026 - C
INFO 2026-05-12 20:35:27,848 views Uživatel simon-hruby si prohlíží soutìž: Léto 2026 - D
INFO 2026-05-12 20:35:34,336 views Uživatel simon-hruby si prohlíží soutìž: Léto 2026 - E
INFO 2026-05-12 20:35:39,472 views Uživatel simon-hruby si prohlíží soutìž: Léto 2026 - Ženy
INFO 2026-05-12 20:35:41,713 views Uživatel simon-hruby si prohlíží soutìž: Léto 2026 - A
INFO 2026-05-12 20:35:44,623 views Uživatel simon-hruby si prohlíží soutìž: Léto 2026 - A
ERROR 2026-05-12 20:35:47,665 log Internal Server Error: /kaminka/tenis/editovat-vysledek/2689/
Traceback (most recent call last):
  File "C:\Users\jchar\venv\Lib\site-packages\django\core\handlers\exception.py", line 55, in inner
    response = get_response(request)
  File "C:\Users\jchar\venv\Lib\site-packages\django\core\handlers\base.py", line 197, in _get_response
    response = wrapped_callback(request, *callback_args, **callback_kwargs)
  File "C:\Users\jchar\venv\Lib\site-packages\django\contrib\auth\decorators.py", line 59, in _view_wrapper
    return view_func(request, *args, **kwargs)
TypeError: editovat_vysledek() got an unexpected keyword argument 'pk'
ERROR 2026-05-12 20:35:55,215 log Internal Server Error: /kaminka/tenis/editovat-vysledek/2693/
Traceback (most recent call last):
  File "C:\Users\jchar\venv\Lib\site-packages\django\core\handlers\exception.py", line 55, in inner
    response = get_response(request)
  File "C:\Users\jchar\venv\Lib\site-packages\django\core\handlers\base.py", line 197, in _get_response
    response = wrapped_callback(request, *callback_args, **callback_kwargs)
  File "C:\Users\jchar\venv\Lib\site-packages\django\contrib\auth\decorators.py", line 59, in _view_wrapper
    return view_func(request, *args, **kwargs)
TypeError: editovat_vysledek() got an unexpected keyword argument 'pk'
INFO 2026-05-12 20:37:06,520 autoreload C:\Users\jchar\djangoSport\core\settings.py changed, reloading.
INFO 2026-05-12 20:37:07,365 autoreload Watching for file changes with StatReloader
ERROR 2026-05-12 20:37:08,682 log Internal Server Error: /kaminka/tenis/editovat-vysledek/2689/
Traceback (most recent call last):
  File "C:\Users\jchar\venv\Lib\site-packages\django\core\handlers\exception.py", line 55, in inner
    response = get_response(request)
  File "C:\Users\jchar\venv\Lib\site-packages\django\core\handlers\base.py", line 197, in _get_response
    response = wrapped_callback(request, *callback_args, **callback_kwargs)
  File "C:\Users\jchar\venv\Lib\site-packages\django\contrib\auth\decorators.py", line 59, in _view_wrapper
    return view_func(request, *args, **kwargs)
TypeError: editovat_vysledek() got an unexpected keyword argument 'pk'
INFO 2026-05-12 20:41:09,844 autoreload C:\Users\jchar\djangoSport\tenis_app\views.py changed, reloading.
INFO 2026-05-12 20:41:10,416 autoreload Watching for file changes with StatReloader
INFO 2026-05-12 20:41:34,414 views Uživatel simon-hruby si prohlíží soutìž: Léto 2026 - A
INFO 2026-05-12 20:46:27,236 views Uživatel simon-hruby si prohlíží soutìž: Léto 2026 - C
INFO 2026-05-12 20:46:32,878 views Uživatel simon-hruby si prohlíží soutìž: Léto 2026 - B
INFO 2026-05-12 20:46:35,473 views Uživatel simon-hruby si prohlíží soutìž: Léto 2026 - A
INFO 2026-05-12 20:48:11,151 views Uživatel simon-hruby si prohlíží soutìž: Léto 2026 - Ženy
INFO 2026-05-12 20:48:15,463 views Uživatel simon-hruby si prohlíží soutìž: Léto 2026 - B
INFO 2026-05-12 20:48:17,951 views Uživatel simon-hruby si prohlíží soutìž: Léto 2026 - A
INFO 2026-05-12 20:50:10,565 autoreload Watching for file changes with StatReloader
INFO 2026-05-12 20:50:41,581 views VÝSLEDEK ZAPSÁN: Lukáš TICHÝ vs Šimon HRUBÝ - 1:6
ERROR 2026-05-12 20:50:48,298 log Internal Server Error: /kaminka/tenis/smazat-vysledek/3126/
Traceback (most recent call last):
  File "C:\Users\jchar\venv\Lib\site-packages\django\core\handlers\exception.py", line 55, in inner
    response = get_response(request)
  File "C:\Users\jchar\venv\Lib\site-packages\django\core\handlers\base.py", line 197, in _get_response
    response = wrapped_callback(request, *callback_args, **callback_kwargs)
  File "C:\Users\jchar\venv\Lib\site-packages\django\contrib\auth\decorators.py", line 59, in _view_wrapper
    return view_func(request, *args, **kwargs)
  File "C:\Users\jchar\djangoSport\tenis_app\views.py", line 273, in smazat_vysledek
    return render(request, 'tenis_app/potvrdit_smazani.html', {'zapas': zapas})
  File "C:\Users\jchar\venv\Lib\site-packages\django\shortcuts.py", line 25, in render
    content = loader.render_to_string(template_name, context, request, using=using)
  File "C:\Users\jchar\venv\Lib\site-packages\django\template\loader.py", line 62, in render_to_string
    return template.render(context, request)
           ~~~~~~~~~~~~~~~^^^^^^^^^^^^^^^^^^
  File "C:\Users\jchar\venv\Lib\site-packages\django\template\backends\django.py", line 107, in render
    return self.template.render(context)
           ~~~~~~~~~~~~~~~~~~~~^^^^^^^^^
  File "C:\Users\jchar\venv\Lib\site-packages\django\template\base.py", line 171, in render
    return self._render(context)
           ~~~~~~~~~~~~^^^^^^^^^
  File "C:\Users\jchar\venv\Lib\site-packages\django\template\base.py", line 163, in _render
    return self.nodelist.render(context)
           ~~~~~~~~~~~~~~~~~~~~^^^^^^^^^
  File "C:\Users\jchar\venv\Lib\site-packages\django\template\base.py", line 1016, in render
    return SafeString("".join([node.render_annotated(context) for node in self]))
                               ~~~~~~~~~~~~~~~~~~~~~^^^^^^^^^
  File "C:\Users\jchar\venv\Lib\site-packages\django\template\base.py", line 977, in render_annotated
    return self.render(context)
           ~~~~~~~~~~~^^^^^^^^^
  File "C:\Users\jchar\venv\Lib\site-packages\django\template\loader_tags.py", line 159, in render
    return compiled_parent._render(context)
           ~~~~~~~~~~~~~~~~~~~~~~~^^^^^^^^^
  File "C:\Users\jchar\venv\Lib\site-packages\django\template\base.py", line 163, in _render
    return self.nodelist.render(context)
           ~~~~~~~~~~~~~~~~~~~~^^^^^^^^^
  File "C:\Users\jchar\venv\Lib\site-packages\django\template\base.py", line 1016, in render
    return SafeString("".join([node.render_annotated(context) for node in self]))
                               ~~~~~~~~~~~~~~~~~~~~~^^^^^^^^^
  File "C:\Users\jchar\venv\Lib\site-packages\django\template\base.py", line 977, in render_annotated
    return self.render(context)
           ~~~~~~~~~~~^^^^^^^^^
  File "C:\Users\jchar\venv\Lib\site-packages\django\template\loader_tags.py", line 65, in render
    result = block.nodelist.render(context)
  File "C:\Users\jchar\venv\Lib\site-packages\django\template\base.py", line 1016, in render
    return SafeString("".join([node.render_annotated(context) for node in self]))
                               ~~~~~~~~~~~~~~~~~~~~~^^^^^^^^^
  File "C:\Users\jchar\venv\Lib\site-packages\django\template\base.py", line 977, in render_annotated
    return self.render(context)
           ~~~~~~~~~~~^^^^^^^^^
  File "C:\Users\jchar\venv\Lib\site-packages\django\template\defaulttags.py", line 480, in render
    url = reverse(view_name, args=args, kwargs=kwargs, current_app=current_app)
  File "C:\Users\jchar\venv\Lib\site-packages\django\urls\base.py", line 98, in reverse
    resolved_url = resolver._reverse_with_prefix(view, prefix, *args, **kwargs)
  File "C:\Users\jchar\venv\Lib\site-packages\django\urls\resolvers.py", line 831, in _reverse_with_prefix
    raise NoReverseMatch(msg)
django.urls.exceptions.NoReverseMatch: Reverse for '' not found. '' is not a valid view function or pattern name.
INFO 2026-05-12 20:53:44,621 views Uživatel simon-hruby si prohlíží soutìž: 2026 zebricek
INFO 2026-05-12 20:56:10,103 autoreload C:\Users\jchar\djangoSport\tenis_app\views.py changed, reloading.
INFO 2026-05-12 20:56:10,607 autoreload Watching for file changes with StatReloader
INFO 2026-05-12 20:59:08,043 autoreload C:\Users\jchar\djangoSport\tenis_app\views.py changed, reloading.
INFO 2026-05-12 20:59:08,521 autoreload Watching for file changes with StatReloader
WARNING 2026-05-12 20:59:19,990 log Not Found: /kaminka/tenis/smazat-vysledek/3126/
INFO 2026-05-12 21:01:08,912 autoreload C:\Users\jchar\djangoSport\tenis_app\views.py changed, reloading.
INFO 2026-05-12 21:01:09,467 autoreload Watching for file changes with StatReloader
WARNING 2026-05-12 21:01:18,399 log Not Found: /kaminka/tenis/smazat-vysledek/3126/
INFO 2026-05-12 21:02:32,936 autoreload C:\Users\jchar\djangoSport\tenis_app\views.py changed, reloading.
INFO 2026-05-12 21:02:33,450 autoreload Watching for file changes with StatReloader
INFO 2026-05-12 21:03:13,778 autoreload C:\Users\jchar\djangoSport\tenis_app\views.py changed, reloading.
INFO 2026-05-12 21:03:14,334 autoreload Watching for file changes with StatReloader
INFO 2026-05-12 21:03:25,067 views VÝSLEDEK ZAPSÁN: Lukáš TICHÝ vs Šimon HRUBÝ - 1:6
INFO 2026-05-12 21:03:52,430 views VÝSLEDEK ZAPSÁN: Jiøí CHAROUSEK vs Šimon HRUBÝ - 6:3
INFO 2026-05-12 21:04:14,524 views Uživatel simon-hruby si prohlíží soutìž: Léto 2026 - D
INFO 2026-05-12 21:04:19,616 views Uživatel simon-hruby si prohlíží soutìž: Léto 2026 - A
INFO 2026-05-12 21:09:50,555 autoreload Watching for file changes with StatReloader
INFO 2026-05-12 21:09:53,290 views Uživatel simon-hruby si prohlíží soutìž: Léto 2026 - A
ERROR 2026-05-12 21:09:57,218 log Internal Server Error: /kaminka/tenis/editovat-hrace/65/
Traceback (most recent call last):
  File "C:\Users\jchar\venv\Lib\site-packages\django\core\handlers\exception.py", line 55, in inner
    response = get_response(request)
  File "C:\Users\jchar\venv\Lib\site-packages\django\core\handlers\base.py", line 197, in _get_response
    response = wrapped_callback(request, *callback_args, **callback_kwargs)
  File "C:\Users\jchar\venv\Lib\site-packages\django\contrib\auth\decorators.py", line 59, in _view_wrapper
    return view_func(request, *args, **kwargs)
  File "C:\Users\jchar\djangoSport\tenis_app\views.py", line 313, in editovat_hrace
    return render(request, 'tenis_app/editovat_hrace.html', {
        'form': form,
        'hrac': hrac
    })
  File "C:\Users\jchar\venv\Lib\site-packages\django\shortcuts.py", line 25, in render
    content = loader.render_to_string(template_name, context, request, using=using)
  File "C:\Users\jchar\venv\Lib\site-packages\django\template\loader.py", line 62, in render_to_string
    return template.render(context, request)
           ~~~~~~~~~~~~~~~^^^^^^^^^^^^^^^^^^
  File "C:\Users\jchar\venv\Lib\site-packages\django\template\backends\django.py", line 107, in render
    return self.template.render(context)
           ~~~~~~~~~~~~~~~~~~~~^^^^^^^^^
  File "C:\Users\jchar\venv\Lib\site-packages\django\template\base.py", line 171, in render
    return self._render(context)
           ~~~~~~~~~~~~^^^^^^^^^
  File "C:\Users\jchar\venv\Lib\site-packages\django\template\base.py", line 163, in _render
    return self.nodelist.render(context)
           ~~~~~~~~~~~~~~~~~~~~^^^^^^^^^
  File "C:\Users\jchar\venv\Lib\site-packages\django\template\base.py", line 1016, in render
    return SafeString("".join([node.render_annotated(context) for node in self]))
                               ~~~~~~~~~~~~~~~~~~~~~^^^^^^^^^
  File "C:\Users\jchar\venv\Lib\site-packages\django\template\base.py", line 977, in render_annotated
    return self.render(context)
           ~~~~~~~~~~~^^^^^^^^^
  File "C:\Users\jchar\venv\Lib\site-packages\django\template\loader_tags.py", line 159, in render
    return compiled_parent._render(context)
           ~~~~~~~~~~~~~~~~~~~~~~~^^^^^^^^^
  File "C:\Users\jchar\venv\Lib\site-packages\django\template\base.py", line 163, in _render
    return self.nodelist.render(context)
           ~~~~~~~~~~~~~~~~~~~~^^^^^^^^^
  File "C:\Users\jchar\venv\Lib\site-packages\django\template\base.py", line 1016, in render
    return SafeString("".join([node.render_annotated(context) for node in self]))
                               ~~~~~~~~~~~~~~~~~~~~~^^^^^^^^^
  File "C:\Users\jchar\venv\Lib\site-packages\django\template\base.py", line 977, in render_annotated
    return self.render(context)
           ~~~~~~~~~~~^^^^^^^^^
  File "C:\Users\jchar\venv\Lib\site-packages\django\template\loader_tags.py", line 65, in render
    result = block.nodelist.render(context)
  File "C:\Users\jchar\venv\Lib\site-packages\django\template\base.py", line 1016, in render
    return SafeString("".join([node.render_annotated(context) for node in self]))
                               ~~~~~~~~~~~~~~~~~~~~~^^^^^^^^^
  File "C:\Users\jchar\venv\Lib\site-packages\django\template\base.py", line 977, in render_annotated
    return self.render(context)
           ~~~~~~~~~~~^^^^^^^^^
  File "C:\Users\jchar\venv\Lib\site-packages\django\template\defaulttags.py", line 480, in render
    url = reverse(view_name, args=args, kwargs=kwargs, current_app=current_app)
  File "C:\Users\jchar\venv\Lib\site-packages\django\urls\base.py", line 98, in reverse
    resolved_url = resolver._reverse_with_prefix(view, prefix, *args, **kwargs)
  File "C:\Users\jchar\venv\Lib\site-packages\django\urls\resolvers.py", line 831, in _reverse_with_prefix
    raise NoReverseMatch(msg)
django.urls.exceptions.NoReverseMatch: Reverse for 'tenis_index' not found. 'tenis_index' is not a valid view function or pattern name.
INFO 2026-05-12 21:15:26,218 autoreload C:\Users\jchar\djangoSport\tenis_app\views.py changed, reloading.
INFO 2026-05-12 21:15:26,813 autoreload Watching for file changes with StatReloader
INFO 2026-05-12 21:26:31,425 autoreload C:\Users\jchar\djangoSport\tenis_app\views.py changed, reloading.
INFO 2026-05-12 21:26:31,930 autoreload Watching for file changes with StatReloader
INFO 2026-05-12 21:26:54,724 autoreload C:\Users\jchar\djangoSport\tenis_app\views.py changed, reloading.
INFO 2026-05-12 21:26:55,253 autoreload Watching for file changes with StatReloader
INFO 2026-05-16 13:38:52,330 autoreload Watching for file changes with StatReloader
WARNING 2026-05-16 13:39:41,699 log Not Found: /agenda/
INFO 2026-05-17 08:02:44,143 autoreload Watching for file changes with StatReloader
INFO 2026-05-17 08:03:01,877 views Uživatel jchar si prohlíží soutìž: Léto 2026 - C
ERROR 2026-05-17 08:03:02,203 log Internal Server Error: /kaminka/tenis/liga/26_kaminka_leto_C/
Traceback (most recent call last):
  File "C:\Users\jchar\venv\Lib\site-packages\django\core\handlers\exception.py", line 55, in inner
    response = get_response(request)
  File "C:\Users\jchar\venv\Lib\site-packages\django\core\handlers\base.py", line 197, in _get_response
    response = wrapped_callback(request, *callback_args, **callback_kwargs)
  File "C:\Users\jchar\venv\Lib\site-packages\django\contrib\auth\decorators.py", line 59, in _view_wrapper
    return view_func(request, *args, **kwargs)
  File "C:\Users\jchar\djangoSport\tenis_app\views.py", line 139, in detail_souteze
    context = vypocitej_tabulku_dat(soutez=soutez, request=request)
  File "C:\Users\jchar\djangoSport\tenis_app\views.py", line 25, in vypocitej_tabulku_dat
    if not hraci_obj:
           ^^^^^^^^^
UnboundLocalError: cannot access local variable 'hraci_obj' where it is not associated with a value
INFO 2026-05-17 08:07:32,960 autoreload C:\Users\jchar\djangoSport\tenis_app\views.py changed, reloading.
INFO 2026-05-17 08:07:34,463 autoreload Watching for file changes with StatReloader
INFO 2026-05-17 08:07:54,352 views Uživatel jchar si prohlíží soutìž: Léto 2026 - D
INFO 2026-05-17 08:07:57,617 views Uživatel jchar si prohlíží soutìž: Léto 2026 - B
INFO 2026-05-17 08:07:59,769 views Uživatel jchar si prohlíží soutìž: Léto 2026 - A
INFO 2026-05-17 08:08:04,494 views Uživatel jchar si prohlíží soutìž: Léto 2026 - Ženy
INFO 2026-05-17 08:08:17,440 views Uživatel jchar si prohlíží soutìž: Léto 2026 - E
INFO 2026-05-17 08:09:44,740 views Uživatel jchar si prohlíží soutìž: Léto 2026 - A
INFO 2026-05-17 08:13:56,512 views Uživatel jchar si prohlíží soutìž: Léto 2026 - E
INFO 2026-05-17 08:14:38,777 views Uživatel jchar si prohlíží soutìž: Léto 2026 - E
INFO 2026-05-17 08:15:06,892 views Uživatel jchar si prohlíží soutìž: Léto 2026 - E
INFO 2026-05-17 08:15:47,873 views Uživatel jchar si prohlíží soutìž: Léto 2026 - E
INFO 2026-05-17 08:16:27,784 views Uživatel jchar si prohlíží soutìž: Léto 2026 - E
INFO 2026-05-17 08:16:35,199 views Uživatel jchar si prohlíží soutìž: Léto 2026 - E
INFO 2026-05-17 08:17:10,718 views Uživatel jchar si prohlíží soutìž: Léto 2026 - E
INFO 2026-05-17 08:17:16,411 views Uživatel jchar si prohlíží soutìž: Léto 2026 - Ženy
INFO 2026-05-17 08:17:47,652 views Uživatel jchar si prohlíží soutìž: Léto 2026 - Ženy
INFO 2026-05-17 08:18:24,006 views Uživatel jchar si prohlíží soutìž: Léto 2026 - Ženy
INFO 2026-05-17 08:19:01,895 views Uživatel jchar si prohlíží soutìž: Léto 2026 - Ženy
INFO 2026-05-17 08:20:08,816 views Uživatel jchar si prohlíží soutìž: Léto 2026 - Ženy
INFO 2026-05-17 08:20:14,761 views Uživatel jchar si prohlíží soutìž: Léto 2026 - Ženy
INFO 2026-05-17 08:20:29,518 views Uživatel jchar si prohlíží soutìž: Léto 2026 - D
INFO 2026-05-17 08:21:58,452 views Uživatel jchar si prohlíží soutìž: Léto 2026 - A
INFO 2026-05-17 08:22:02,153 views Uživatel jchar si prohlíží soutìž: Léto 2026 - Ženy
INFO 2026-05-17 08:26:10,488 views Uživatel jchar si prohlíží soutìž: Léto 2026 - A
INFO 2026-05-17 08:26:18,491 views Uživatel jchar si prohlíží soutìž: Léto 2026 - Ženy
INFO 2026-05-17 08:26:30,618 views Uživatel jchar si prohlíží soutìž: Léto 2026 - Ženy
INFO 2026-05-17 08:26:48,971 views Uživatel jchar si prohlíží soutìž: Léto 2026 - Ženy
INFO 2026-05-17 08:29:33,176 autoreload Watching for file changes with StatReloader
INFO 2026-05-17 08:30:10,059 views Uživatel jchar si prohlíží soutìž: Léto 2026 - Ženy
INFO 2026-05-17 08:30:20,013 views Uživatel jchar si prohlíží soutìž: Léto 2026 - A
INFO 2026-05-19 22:16:30,498 autoreload Watching for file changes with StatReloader
INFO 2026-05-19 22:17:13,479 views Uživatel jchar si prohlíží soutìž: Léto 2026 - E
INFO 2026-05-19 22:22:19,669 autoreload Watching for file changes with StatReloader
INFO 2026-05-19 22:34:20,953 autoreload Watching for file changes with StatReloader
INFO 2026-05-19 22:40:00,462 autoreload Watching for file changes with StatReloader
INFO 2026-05-19 22:40:01,920 views Uživatel jchar si prohlíží soutìž: Léto 2026 - E
INFO 2026-05-19 22:40:08,504 views Uživatel jchar si prohlíží soutìž: Léto 2026 - C
INFO 2026-05-19 22:41:31,956 autoreload Watching for file changes with StatReloader
WARNING 2026-05-20 11:48:21,163 log Not Found: /ov/
WARNING 2026-05-20 11:48:24,822 log Not Found: /turnusy/
WARNING 2026-05-20 11:48:28,715 log Not Found: /login/
WARNING 2026-05-21 07:50:18,327 log Not Found: /agenda/
WARNING 2026-05-21 07:50:19,114 log Not Found: /favicon.ico
INFO 2026-07-05 14:06:51,624 autoreload Watching for file changes with StatReloader
INFO 2026-07-05 14:09:12,894 autoreload Watching for file changes with StatReloader
INFO 2026-07-05 14:09:42,341 views Uživatel jchar si prohlíží soutìž: Léto 2026 - A
INFO 2026-07-05 14:09:45,034 views Uživatel jchar si prohlíží soutìž: Léto 2026 - B
INFO 2026-07-05 14:09:46,765 views Uživatel jchar si prohlíží soutìž: Léto 2026 - D
WARNING 2026-07-05 14:09:52,904 log Not Found: /static/images/kaminka260512.png
WARNING 2026-07-05 14:09:55,003 log Not Found: /static/images/kaminka260512.png
WARNING 2026-07-05 14:10:29,055 log Not Found: /static/images/kaminka260512.png
INFO 2026-07-05 14:10:30,941 views Uživatel jchar si prohlíží soutìž: Léto 2026 - A
INFO 2026-07-05 14:10:37,878 views Uživatel jchar si prohlíží soutìž: Léto 2026 - D
INFO 2026-07-05 14:11:18,092 views Uživatel jchar si prohlíží soutìž: Léto 2026 - D
WARNING 2026-07-05 14:12:06,641 log Not Found: /projekt/1926/
INFO 2026-07-05 14:12:56,126 views Uživatel jchar si prohlíží soutìž: Léto 2026 - D
INFO 2026-07-05 14:13:10,508 views Uživatel jchar si prohlíží soutìž: Léto 2026 - D
INFO 2026-07-05 14:22:25,967 autoreload C:\Users\jchar\djangoSport\tenis_app\views.py changed, reloading.
INFO 2026-07-05 14:22:26,972 autoreload Watching for file changes with StatReloader
INFO 2026-07-05 14:25:30,233 autoreload C:\Users\jchar\djangoSport\tenis_app\views.py changed, reloading.
INFO 2026-07-05 14:25:30,714 autoreload Watching for file changes with StatReloader
INFO 2026-07-05 15:17:21,871 autoreload Watching for file changes with StatReloader
INFO 2026-07-05 15:18:58,839 autoreload Watching for file changes with StatReloader
INFO 2026-07-05 15:19:07,674 views Uživatel jchar si prohlíží soutìž: Léto 2026 - A
WARNING 2026-07-05 15:19:17,306 log Not Found: /static/admin/css/forms.css
WARNING 2026-07-05 15:19:17,306 log Not Found: /static/admin/js/vendor/xregexp/xregexp.min.js
WARNING 2026-07-05 15:19:17,306 log Not Found: /static/admin/js/vendor/jquery/jquery.min.js
WARNING 2026-07-05 15:19:17,381 log Not Found: /static/admin/img/sorting-icons.svg
WARNING 2026-07-05 15:19:21,142 log Not Found: /static/admin/js/vendor/jquery/jquery.min.js
WARNING 2026-07-05 15:19:21,142 log Not Found: /static/admin/js/vendor/xregexp/xregexp.min.js
WARNING 2026-07-05 15:19:32,241 log Not Found: /static/admin/js/vendor/jquery/jquery.min.js
WARNING 2026-07-05 15:19:32,242 log Not Found: /static/admin/js/vendor/xregexp/xregexp.min.js
WARNING 2026-07-05 15:19:36,627 log Not Found: /static/admin/js/vendor/jquery/jquery.min.js
WARNING 2026-07-05 15:19:36,628 log Not Found: /static/admin/js/vendor/xregexp/xregexp.min.js
WARNING 2026-07-05 15:19:39,444 log Not Found: /static/admin/css/forms.css
WARNING 2026-07-05 15:19:39,445 log Not Found: /static/admin/js/calendar.js
WARNING 2026-07-05 15:19:39,449 log Not Found: /static/admin/js/vendor/jquery/jquery.min.js
WARNING 2026-07-05 15:19:39,447 log Not Found: /static/admin/js/admin/DateTimeShortcuts.js
WARNING 2026-07-05 15:19:39,451 log Not Found: /static/admin/js/vendor/xregexp/xregexp.min.js
WARNING 2026-07-05 15:19:39,454 log Not Found: /static/admin/js/prepopulate_init.js
WARNING 2026-07-05 15:19:39,531 log Not Found: /static/admin/js/change_form.js
INFO 2026-07-05 15:34:50,484 autoreload C:\Users\jchar\djangoSport\tenis_app\models.py changed, reloading.
INFO 2026-07-05 15:34:51,461 autoreload Watching for file changes with StatReloader
INFO 2026-07-05 15:50:07,106 autoreload Watching for file changes with StatReloader
WARNING 2026-07-05 15:50:23,534 log Not Found: /static/images/kaminka260512.png
INFO 2026-07-05 15:50:25,479 views Uživatel jchar si prohlíží soutìž: Léto 2026 - A
INFO 2026-07-05 15:56:38,374 autoreload Watching for file changes with StatReloader
INFO 2026-07-05 15:59:00,929 autoreload Watching for file changes with StatReloader
INFO 2026-07-05 15:59:03,081 views Uživatel jchar si prohlíží soutìž: Léto 2026 - A
INFO 2026-07-05 15:59:09,632 views Uživatel jchar si prohlíží soutìž: Léto 2026 - A
INFO 2026-07-05 15:59:12,433 views Uživatel jchar si prohlíží soutìž: Léto 2026 - C
INFO 2026-07-05 15:59:13,896 views Uživatel jchar si prohlíží soutìž: Léto 2026 - D
INFO 2026-07-05 16:03:38,521 autoreload Watching for file changes with StatReloader
INFO 2026-07-05 16:07:17,585 autoreload C:\Users\jchar\djangoSport\tenis_app\views.py changed, reloading.
INFO 2026-07-05 16:07:18,153 autoreload Watching for file changes with StatReloader
ERROR 2026-07-05 16:07:22,535 log Internal Server Error: /kaminka/tenis/historie/
Traceback (most recent call last):
  File "C:\Users\jchar\venv\Lib\site-packages\django\core\handlers\exception.py", line 55, in inner
    response = get_response(request)
  File "C:\Users\jchar\venv\Lib\site-packages\django\core\handlers\base.py", line 197, in _get_response
    response = wrapped_callback(request, *callback_args, **callback_kwargs)
  File "C:\Users\jchar\venv\Lib\site-packages\django\contrib\auth\decorators.py", line 59, in _view_wrapper
    return view_func(request, *args, **kwargs)
  File "C:\Users\jchar\djangoSport\tenis_app\views.py", line 354, in prehled_vsech_zapasu
    statistiky_hracu = Hrac.objects.annotate(
                       ~~~~~~~~~~~~~~~~~~~~~^
        pocet_zapasu=Count('zapas_domaci', filter=Q(zapas_domaci__odehrano=True)) +
        ^^^^^^^^^^^^^^^^^^^^^^^^^^^^^^^^^^^^^^^^^^^^^^^^^^^^^^^^^^^^^^^^^^^^^^^^^^^
                     Count('zapas_hoste', filter=Q(zapas_hoste__odehrano=True))
                     ^^^^^^^^^^^^^^^^^^^^^^^^^^^^^^^^^^^^^^^^^^^^^^^^^^^^^^^^^^
    ).order_by('-pocet_zapasu', 'jmeno')
    ^
  File "C:\Users\jchar\venv\Lib\site-packages\django\db\models\manager.py", line 87, in manager_method
    return getattr(self.get_queryset(), name)(*args, **kwargs)
           ~~~~~~~~~~~~~~~~~~~~~~~~~~~~~~~~~~^^^^^^^^^^^^^^^^^
  File "C:\Users\jchar\venv\Lib\site-packages\django\db\models\query.py", line 1654, in annotate
    return self._annotate(args, kwargs, select=True)
           ~~~~~~~~~~~~~~^^^^^^^^^^^^^^^^^^^^^^^^^^^
  File "C:\Users\jchar\venv\Lib\site-packages\django\db\models\query.py", line 1706, in _annotate
    clone.query.add_annotation(
    ~~~~~~~~~~~~~~~~~~~~~~~~~~^
        annotation,
        ^^^^^^^^^^^
        alias,
        ^^^^^^
        select=select,
        ^^^^^^^^^^^^^^
    )
    ^
  File "C:\Users\jchar\venv\Lib\site-packages\django\db\models\sql\query.py", line 1218, in add_annotation
    annotation = annotation.resolve_expression(self, allow_joins=True, reuse=None)
  File "C:\Users\jchar\venv\Lib\site-packages\django\db\models\expressions.py", line 775, in resolve_expression
    resolved = super().resolve_expression(
        query,
    ...<3 lines>...
        for_save,
    )
  File "C:\Users\jchar\venv\Lib\site-packages\django\db\models\expressions.py", line 300, in resolve_expression
    expr.resolve_expression(query, allow_joins, reuse, summarize, for_save)
    ~~~~~~~~~~~~~~~~~~~~~~~^^^^^^^^^^^^^^^^^^^^^^^^^^^^^^^^^^^^^^^^^^^^^^^^
  File "C:\Users\jchar\venv\Lib\site-packages\django\db\models\aggregates.py", line 176, in resolve_expression
    result = super().resolve_expression(*args, **kwargs)
  File "C:\Users\jchar\venv\Lib\site-packages\django\db\models\aggregates.py", line 63, in resolve_expression
    c = super().resolve_expression(query, allow_joins, reuse, summarize)
  File "C:\Users\jchar\venv\Lib\site-packages\django\db\models\expressions.py", line 300, in resolve_expression
    expr.resolve_expression(query, allow_joins, reuse, summarize, for_save)
    ~~~~~~~~~~~~~~~~~~~~~~~^^^^^^^^^^^^^^^^^^^^^^^^^^^^^^^^^^^^^^^^^^^^^^^^
  File "C:\Users\jchar\venv\Lib\site-packages\django\db\models\expressions.py", line 902, in resolve_expression
    return query.resolve_ref(self.name, allow_joins, reuse, summarize)
           ~~~~~~~~~~~~~~~~~^^^^^^^^^^^^^^^^^^^^^^^^^^^^^^^^^^^^^^^^^^
  File "C:\Users\jchar\venv\Lib\site-packages\django\db\models\sql\query.py", line 2050, in resolve_ref
    join_info = self.setup_joins(
        field_list, self.get_meta(), self.get_initial_alias(), can_reuse=reuse
    )
  File "C:\Users\jchar\venv\Lib\site-packages\django\db\models\sql\query.py", line 1901, in setup_joins
    path, final_field, targets, rest = self.names_to_path(
                                       ~~~~~~~~~~~~~~~~~~^
        names[:pivot],
        ^^^^^^^^^^^^^^
    ...<2 lines>...
        fail_on_missing=True,
        ^^^^^^^^^^^^^^^^^^^^^
    )
    ^
  File "C:\Users\jchar\venv\Lib\site-packages\django\db\models\sql\query.py", line 1806, in names_to_path
    raise FieldError(
    ...<2 lines>...
    )
django.core.exceptions.FieldError: Cannot resolve keyword 'zapas_domaci' into field. Choices are: datum_narozeni, domaci, email, foto, hoste, id, info, jmeno, klub, souteze, telefon, user, user_id, web, zebricek_data
INFO 2026-07-05 16:08:52,048 autoreload C:\Users\jchar\djangoSport\core\settings.py changed, reloading.
INFO 2026-07-05 16:08:52,484 autoreload Watching for file changes with StatReloader
ERROR 2026-07-05 16:08:58,632 log Internal Server Error: /kaminka/tenis/historie/
Traceback (most recent call last):
  File "C:\Users\jchar\venv\Lib\site-packages\django\core\handlers\exception.py", line 55, in inner
    response = get_response(request)
  File "C:\Users\jchar\venv\Lib\site-packages\django\core\handlers\base.py", line 197, in _get_response
    response = wrapped_callback(request, *callback_args, **callback_kwargs)
  File "C:\Users\jchar\venv\Lib\site-packages\django\contrib\auth\decorators.py", line 59, in _view_wrapper
    return view_func(request, *args, **kwargs)
  File "C:\Users\jchar\djangoSport\tenis_app\views.py", line 354, in prehled_vsech_zapasu
    statistiky_hracu = Hrac.objects.annotate(
                       ~~~~~~~~~~~~~~~~~~~~~^
        pocet_zapasu=Count('zapas_domaci', filter=Q(zapas_domaci__odehrano=True)) +
        ^^^^^^^^^^^^^^^^^^^^^^^^^^^^^^^^^^^^^^^^^^^^^^^^^^^^^^^^^^^^^^^^^^^^^^^^^^^
                     Count('zapas_hoste', filter=Q(zapas_hoste__odehrano=True))
                     ^^^^^^^^^^^^^^^^^^^^^^^^^^^^^^^^^^^^^^^^^^^^^^^^^^^^^^^^^^
    ).order_by('-pocet_zapasu', 'jmeno')
    ^
  File "C:\Users\jchar\venv\Lib\site-packages\django\db\models\manager.py", line 87, in manager_method
    return getattr(self.get_queryset(), name)(*args, **kwargs)
           ~~~~~~~~~~~~~~~~~~~~~~~~~~~~~~~~~~^^^^^^^^^^^^^^^^^
  File "C:\Users\jchar\venv\Lib\site-packages\django\db\models\query.py", line 1654, in annotate
    return self._annotate(args, kwargs, select=True)
           ~~~~~~~~~~~~~~^^^^^^^^^^^^^^^^^^^^^^^^^^^
  File "C:\Users\jchar\venv\Lib\site-packages\django\db\models\query.py", line 1706, in _annotate
    clone.query.add_annotation(
    ~~~~~~~~~~~~~~~~~~~~~~~~~~^
        annotation,
        ^^^^^^^^^^^
        alias,
        ^^^^^^
        select=select,
        ^^^^^^^^^^^^^^
    )
    ^
  File "C:\Users\jchar\venv\Lib\site-packages\django\db\models\sql\query.py", line 1218, in add_annotation
    annotation = annotation.resolve_expression(self, allow_joins=True, reuse=None)
  File "C:\Users\jchar\venv\Lib\site-packages\django\db\models\expressions.py", line 775, in resolve_expression
    resolved = super().resolve_expression(
        query,
    ...<3 lines>...
        for_save,
    )
  File "C:\Users\jchar\venv\Lib\site-packages\django\db\models\expressions.py", line 300, in resolve_expression
    expr.resolve_expression(query, allow_joins, reuse, summarize, for_save)
    ~~~~~~~~~~~~~~~~~~~~~~~^^^^^^^^^^^^^^^^^^^^^^^^^^^^^^^^^^^^^^^^^^^^^^^^
  File "C:\Users\jchar\venv\Lib\site-packages\django\db\models\aggregates.py", line 176, in resolve_expression
    result = super().resolve_expression(*args, **kwargs)
  File "C:\Users\jchar\venv\Lib\site-packages\django\db\models\aggregates.py", line 63, in resolve_expression
    c = super().resolve_expression(query, allow_joins, reuse, summarize)
  File "C:\Users\jchar\venv\Lib\site-packages\django\db\models\expressions.py", line 300, in resolve_expression
    expr.resolve_expression(query, allow_joins, reuse, summarize, for_save)
    ~~~~~~~~~~~~~~~~~~~~~~~^^^^^^^^^^^^^^^^^^^^^^^^^^^^^^^^^^^^^^^^^^^^^^^^
  File "C:\Users\jchar\venv\Lib\site-packages\django\db\models\expressions.py", line 902, in resolve_expression
    return query.resolve_ref(self.name, allow_joins, reuse, summarize)
           ~~~~~~~~~~~~~~~~~^^^^^^^^^^^^^^^^^^^^^^^^^^^^^^^^^^^^^^^^^^
  File "C:\Users\jchar\venv\Lib\site-packages\django\db\models\sql\query.py", line 2050, in resolve_ref
    join_info = self.setup_joins(
        field_list, self.get_meta(), self.get_initial_alias(), can_reuse=reuse
    )
  File "C:\Users\jchar\venv\Lib\site-packages\django\db\models\sql\query.py", line 1901, in setup_joins
    path, final_field, targets, rest = self.names_to_path(
                                       ~~~~~~~~~~~~~~~~~~^
        names[:pivot],
        ^^^^^^^^^^^^^^
    ...<2 lines>...
        fail_on_missing=True,
        ^^^^^^^^^^^^^^^^^^^^^
    )
    ^
  File "C:\Users\jchar\venv\Lib\site-packages\django\db\models\sql\query.py", line 1806, in names_to_path
    raise FieldError(
    ...<2 lines>...
    )
django.core.exceptions.FieldError: Cannot resolve keyword 'zapas_domaci' into field. Choices are: datum_narozeni, domaci, email, foto, hoste, id, info, jmeno, klub, souteze, telefon, user, user_id, web, zebricek_data
INFO 2026-07-05 16:10:05,848 autoreload C:\Users\jchar\djangoSport\tenis_app\views.py changed, reloading.
INFO 2026-07-05 16:10:06,475 autoreload Watching for file changes with StatReloader
INFO 2026-07-05 16:15:52,092 autoreload Watching for file changes with StatReloader
INFO 2026-07-05 16:19:01,358 autoreload Watching for file changes with StatReloader
INFO 2026-07-05 16:27:33,280 autoreload Watching for file changes with StatReloader
INFO 2026-07-05 16:28:25,657 autoreload C:\Users\jchar\djangoSport\tenis_app\views.py changed, reloading.
INFO 2026-07-05 16:28:26,124 autoreload Watching for file changes with StatReloader
INFO 2026-07-05 16:36:36,176 autoreload Watching for file changes with StatReloader
INFO 2026-07-05 16:38:11,004 autoreload C:\Users\jchar\djangoSport\tenis_app\views.py changed, reloading.
INFO 2026-07-05 16:38:11,557 autoreload Watching for file changes with StatReloader
INFO 2026-07-05 16:46:36,411 autoreload Watching for file changes with StatReloader
INFO 2026-07-05 16:52:34,712 autoreload Watching for file changes with StatReloader
INFO 2026-07-05 16:57:29,555 autoreload Watching for file changes with StatReloader
INFO 2026-07-05 20:31:25,835 autoreload Watching for file changes with StatReloader
INFO 2026-07-05 20:37:38,790 autoreload C:\Users\jchar\djangoSport\tenis_app\views.py changed, reloading.
INFO 2026-07-05 20:37:39,471 autoreload Watching for file changes with StatReloader
ERROR 2026-07-05 20:37:44,885 log Internal Server Error: /kaminka/tenis/historie/
Traceback (most recent call last):
  File "C:\Users\jchar\venv\Lib\site-packages\django\core\handlers\exception.py", line 55, in inner
    response = get_response(request)
  File "C:\Users\jchar\venv\Lib\site-packages\django\core\handlers\base.py", line 197, in _get_response
    response = wrapped_callback(request, *callback_args, **callback_kwargs)
  File "C:\Users\jchar\venv\Lib\site-packages\django\contrib\auth\decorators.py", line 59, in _view_wrapper
    return view_func(request, *args, **kwargs)
  File "C:\Users\jchar\djangoSport\tenis_app\views.py", line 404, in prehled_vsech_zapasu
    data_hracu[d_id]['sety_ziskane'] += zapas.sety_domaci
    ~~~~~~~~~~~~~~~~^^^^^^^^^^^^^^^^
KeyError: 'sety_ziskane'
INFO 2026-07-05 20:39:07,295 autoreload C:\Users\jchar\djangoSport\tenis_app\views.py changed, reloading.
INFO 2026-07-05 20:39:07,887 autoreload Watching for file changes with StatReloader
INFO 2026-07-05 20:47:58,435 autoreload Watching for file changes with StatReloader
INFO 2026-07-05 20:54:29,662 autoreload C:\Users\jchar\djangoSport\tenis_app\views.py changed, reloading.
INFO 2026-07-05 20:54:30,194 autoreload Watching for file changes with StatReloader
INFO 2026-07-05 20:59:21,457 autoreload Watching for file changes with StatReloader
INFO 2026-07-05 21:14:49,146 autoreload Watching for file changes with StatReloader
INFO 2026-07-05 21:33:49,720 autoreload C:\Users\jchar\djangoSport\tenis_app\views.py changed, reloading.
INFO 2026-07-05 21:33:50,419 autoreload Watching for file changes with StatReloader
INFO 2026-07-05 21:37:43,157 views Uživatel jchar si prohlíží soutìž: Léto 2026 - D
ERROR 2026-07-05 21:37:43,214 log Internal Server Error: /kaminka/tenis/liga/26_kaminka_leto_D/
Traceback (most recent call last):
  File "C:\Users\jchar\venv\Lib\site-packages\django\core\handlers\exception.py", line 55, in inner
    response = get_response(request)
  File "C:\Users\jchar\venv\Lib\site-packages\django\core\handlers\base.py", line 197, in _get_response
    response = wrapped_callback(request, *callback_args, **callback_kwargs)
  File "C:\Users\jchar\venv\Lib\site-packages\django\contrib\auth\decorators.py", line 59, in _view_wrapper
    return view_func(request, *args, **kwargs)
  File "C:\Users\jchar\djangoSport\tenis_app\views.py", line 282, in detail_souteze
    return render(request, 'tenis_app/tabulka_5ti_lig.html', context)
  File "C:\Users\jchar\venv\Lib\site-packages\django\shortcuts.py", line 25, in render
    content = loader.render_to_string(template_name, context, request, using=using)
  File "C:\Users\jchar\venv\Lib\site-packages\django\template\loader.py", line 61, in render_to_string
    template = get_template(template_name, using=using)
  File "C:\Users\jchar\venv\Lib\site-packages\django\template\loader.py", line 15, in get_template
    return engine.get_template(template_name)
           ~~~~~~~~~~~~~~~~~~~^^^^^^^^^^^^^^^
  File "C:\Users\jchar\venv\Lib\site-packages\django\template\backends\django.py", line 79, in get_template
    return Template(self.engine.get_template(template_name), self)
                    ~~~~~~~~~~~~~~~~~~~~~~~~^^^^^^^^^^^^^^^
  File "C:\Users\jchar\venv\Lib\site-packages\django\template\engine.py", line 177, in get_template
    template, origin = self.find_template(template_name)
                       ~~~~~~~~~~~~~~~~~~^^^^^^^^^^^^^^^
  File "C:\Users\jchar\venv\Lib\site-packages\django\template\engine.py", line 159, in find_template
    template = loader.get_template(name, skip=skip)
  File "C:\Users\jchar\venv\Lib\site-packages\django\template\loaders\cached.py", line 57, in get_template
    template = super().get_template(template_name, skip)
  File "C:\Users\jchar\venv\Lib\site-packages\django\template\loaders\base.py", line 28, in get_template
    return Template(
        contents,
    ...<2 lines>...
        self.engine,
    )
  File "C:\Users\jchar\venv\Lib\site-packages\django\template\base.py", line 154, in __init__
    self.nodelist = self.compile_nodelist()
                    ~~~~~~~~~~~~~~~~~~~~~^^
  File "C:\Users\jchar\venv\Lib\site-packages\django\template\base.py", line 196, in compile_nodelist
    nodelist = parser.parse()
  File "C:\Users\jchar\venv\Lib\site-packages\django\template\base.py", line 518, in parse
    raise self.error(token, e)
  File "C:\Users\jchar\venv\Lib\site-packages\django\template\base.py", line 516, in parse
    compiled_result = compile_func(self, token)
  File "C:\Users\jchar\venv\Lib\site-packages\django\template\loader_tags.py", line 299, in do_extends
    nodelist = parser.parse()
  File "C:\Users\jchar\venv\Lib\site-packages\django\template\base.py", line 518, in parse
    raise self.error(token, e)
  File "C:\Users\jchar\venv\Lib\site-packages\django\template\base.py", line 516, in parse
    compiled_result = compile_func(self, token)
  File "C:\Users\jchar\venv\Lib\site-packages\django\template\loader_tags.py", line 234, in do_block
    nodelist = parser.parse(("endblock",))
  File "C:\Users\jchar\venv\Lib\site-packages\django\template\base.py", line 523, in parse
    self.unclosed_block_tag(parse_until)
    ~~~~~~~~~~~~~~~~~~~~~~~^^^^^^^^^^^^^
  File "C:\Users\jchar\venv\Lib\site-packages\django\template\base.py", line 590, in unclosed_block_tag
    raise self.error(token, msg)
django.template.exceptions.TemplateSyntaxError: Unclosed tag on line 5: 'block'. Looking for one of: endblock.
INFO 2026-07-05 21:38:57,766 autoreload C:\Users\jchar\djangoSport\core\settings.py changed, reloading.
INFO 2026-07-05 21:38:58,313 autoreload Watching for file changes with StatReloader
INFO 2026-07-05 21:39:01,691 views Uživatel jchar si prohlíží soutìž: Léto 2026 - D
ERROR 2026-07-05 21:39:02,059 log Internal Server Error: /kaminka/tenis/liga/26_kaminka_leto_D/
Traceback (most recent call last):
  File "C:\Users\jchar\venv\Lib\site-packages\django\core\handlers\exception.py", line 55, in inner
    response = get_response(request)
  File "C:\Users\jchar\venv\Lib\site-packages\django\core\handlers\base.py", line 197, in _get_response
    response = wrapped_callback(request, *callback_args, **callback_kwargs)
  File "C:\Users\jchar\venv\Lib\site-packages\django\contrib\auth\decorators.py", line 59, in _view_wrapper
    return view_func(request, *args, **kwargs)
  File "C:\Users\jchar\djangoSport\tenis_app\views.py", line 282, in detail_souteze
    return render(request, 'tenis_app/tabulka_5ti_lig.html', context)
  File "C:\Users\jchar\venv\Lib\site-packages\django\shortcuts.py", line 25, in render
    content = loader.render_to_string(template_name, context, request, using=using)
  File "C:\Users\jchar\venv\Lib\site-packages\django\template\loader.py", line 61, in render_to_string
    template = get_template(template_name, using=using)
  File "C:\Users\jchar\venv\Lib\site-packages\django\template\loader.py", line 15, in get_template
    return engine.get_template(template_name)
           ~~~~~~~~~~~~~~~~~~~^^^^^^^^^^^^^^^
  File "C:\Users\jchar\venv\Lib\site-packages\django\template\backends\django.py", line 79, in get_template
    return Template(self.engine.get_template(template_name), self)
                    ~~~~~~~~~~~~~~~~~~~~~~~~^^^^^^^^^^^^^^^
  File "C:\Users\jchar\venv\Lib\site-packages\django\template\engine.py", line 177, in get_template
    template, origin = self.find_template(template_name)
                       ~~~~~~~~~~~~~~~~~~^^^^^^^^^^^^^^^
  File "C:\Users\jchar\venv\Lib\site-packages\django\template\engine.py", line 159, in find_template
    template = loader.get_template(name, skip=skip)
  File "C:\Users\jchar\venv\Lib\site-packages\django\template\loaders\cached.py", line 57, in get_template
    template = super().get_template(template_name, skip)
  File "C:\Users\jchar\venv\Lib\site-packages\django\template\loaders\base.py", line 28, in get_template
    return Template(
        contents,
    ...<2 lines>...
        self.engine,
    )
  File "C:\Users\jchar\venv\Lib\site-packages\django\template\base.py", line 154, in __init__
    self.nodelist = self.compile_nodelist()
                    ~~~~~~~~~~~~~~~~~~~~~^^
  File "C:\Users\jchar\venv\Lib\site-packages\django\template\base.py", line 196, in compile_nodelist
    nodelist = parser.parse()
  File "C:\Users\jchar\venv\Lib\site-packages\django\template\base.py", line 518, in parse
    raise self.error(token, e)
  File "C:\Users\jchar\venv\Lib\site-packages\django\template\base.py", line 516, in parse
    compiled_result = compile_func(self, token)
  File "C:\Users\jchar\venv\Lib\site-packages\django\template\loader_tags.py", line 299, in do_extends
    nodelist = parser.parse()
  File "C:\Users\jchar\venv\Lib\site-packages\django\template\base.py", line 518, in parse
    raise self.error(token, e)
  File "C:\Users\jchar\venv\Lib\site-packages\django\template\base.py", line 516, in parse
    compiled_result = compile_func(self, token)
  File "C:\Users\jchar\venv\Lib\site-packages\django\template\loader_tags.py", line 234, in do_block
    nodelist = parser.parse(("endblock",))
  File "C:\Users\jchar\venv\Lib\site-packages\django\template\base.py", line 523, in parse
    self.unclosed_block_tag(parse_until)
    ~~~~~~~~~~~~~~~~~~~~~~~^^^^^^^^^^^^^
  File "C:\Users\jchar\venv\Lib\site-packages\django\template\base.py", line 590, in unclosed_block_tag
    raise self.error(token, msg)
django.template.exceptions.TemplateSyntaxError: Unclosed tag on line 5: 'block'. Looking for one of: endblock.
INFO 2026-07-05 21:40:16,687 views Uživatel jchar si prohlíží soutìž: Léto 2026 - D
ERROR 2026-07-05 21:40:17,042 log Internal Server Error: /kaminka/tenis/liga/26_kaminka_leto_D/
Traceback (most recent call last):
  File "C:\Users\jchar\venv\Lib\site-packages\django\core\handlers\exception.py", line 55, in inner
    response = get_response(request)
  File "C:\Users\jchar\venv\Lib\site-packages\django\core\handlers\base.py", line 197, in _get_response
    response = wrapped_callback(request, *callback_args, **callback_kwargs)
  File "C:\Users\jchar\venv\Lib\site-packages\django\contrib\auth\decorators.py", line 59, in _view_wrapper
    return view_func(request, *args, **kwargs)
  File "C:\Users\jchar\djangoSport\tenis_app\views.py", line 282, in detail_souteze
    return render(request, 'tenis_app/tabulka_5ti_lig.html', context)
  File "C:\Users\jchar\venv\Lib\site-packages\django\shortcuts.py", line 25, in render
    content = loader.render_to_string(template_name, context, request, using=using)
  File "C:\Users\jchar\venv\Lib\site-packages\django\template\loader.py", line 61, in render_to_string
    template = get_template(template_name, using=using)
  File "C:\Users\jchar\venv\Lib\site-packages\django\template\loader.py", line 15, in get_template
    return engine.get_template(template_name)
           ~~~~~~~~~~~~~~~~~~~^^^^^^^^^^^^^^^
  File "C:\Users\jchar\venv\Lib\site-packages\django\template\backends\django.py", line 79, in get_template
    return Template(self.engine.get_template(template_name), self)
                    ~~~~~~~~~~~~~~~~~~~~~~~~^^^^^^^^^^^^^^^
  File "C:\Users\jchar\venv\Lib\site-packages\django\template\engine.py", line 177, in get_template
    template, origin = self.find_template(template_name)
                       ~~~~~~~~~~~~~~~~~~^^^^^^^^^^^^^^^
  File "C:\Users\jchar\venv\Lib\site-packages\django\template\engine.py", line 159, in find_template
    template = loader.get_template(name, skip=skip)
  File "C:\Users\jchar\venv\Lib\site-packages\django\template\loaders\cached.py", line 57, in get_template
    template = super().get_template(template_name, skip)
  File "C:\Users\jchar\venv\Lib\site-packages\django\template\loaders\base.py", line 28, in get_template
    return Template(
        contents,
    ...<2 lines>...
        self.engine,
    )
  File "C:\Users\jchar\venv\Lib\site-packages\django\template\base.py", line 154, in __init__
    self.nodelist = self.compile_nodelist()
                    ~~~~~~~~~~~~~~~~~~~~~^^
  File "C:\Users\jchar\venv\Lib\site-packages\django\template\base.py", line 196, in compile_nodelist
    nodelist = parser.parse()
  File "C:\Users\jchar\venv\Lib\site-packages\django\template\base.py", line 518, in parse
    raise self.error(token, e)
  File "C:\Users\jchar\venv\Lib\site-packages\django\template\base.py", line 516, in parse
    compiled_result = compile_func(self, token)
  File "C:\Users\jchar\venv\Lib\site-packages\django\template\loader_tags.py", line 299, in do_extends
    nodelist = parser.parse()
  File "C:\Users\jchar\venv\Lib\site-packages\django\template\base.py", line 518, in parse
    raise self.error(token, e)
  File "C:\Users\jchar\venv\Lib\site-packages\django\template\base.py", line 516, in parse
    compiled_result = compile_func(self, token)
  File "C:\Users\jchar\venv\Lib\site-packages\django\template\loader_tags.py", line 234, in do_block
    nodelist = parser.parse(("endblock",))
  File "C:\Users\jchar\venv\Lib\site-packages\django\template\base.py", line 523, in parse
    self.unclosed_block_tag(parse_until)
    ~~~~~~~~~~~~~~~~~~~~~~~^^^^^^^^^^^^^
  File "C:\Users\jchar\venv\Lib\site-packages\django\template\base.py", line 590, in unclosed_block_tag
    raise self.error(token, msg)
django.template.exceptions.TemplateSyntaxError: Unclosed tag on line 5: 'block'. Looking for one of: endblock.
INFO 2026-07-05 21:41:32,648 views Uživatel jchar si prohlíží soutìž: Léto 2026 - D
INFO 2026-07-05 21:43:04,836 views Uživatel jchar si prohlíží soutìž: Léto 2026 - D
INFO 2026-07-05 21:43:28,463 views Uživatel jchar si prohlíží soutìž: Léto 2026 - E
INFO 2026-07-05 21:44:06,552 views Uživatel jchar si prohlíží soutìž: Léto 2026 - E
INFO 2026-07-05 21:47:55,064 autoreload C:\Users\jchar\djangoSport\tenis_app\views.py changed, reloading.
INFO 2026-07-05 21:47:55,590 autoreload Watching for file changes with StatReloader
INFO 2026-07-05 21:48:04,962 views Uživatel jchar si prohlíží soutìž: Léto 2026 - E
INFO 2026-07-05 21:49:21,817 views Uživatel jchar si prohlíží soutìž: Léto 2026 - E
INFO 2026-07-05 21:57:33,141 autoreload Watching for file changes with StatReloader
INFO 2026-07-05 21:57:36,206 views Uživatel jchar si prohlíží soutìž: Léto 2026 - D
INFO 2026-07-13 17:10:57,116 autoreload Watching for file changes with StatReloader
WARNING 2026-07-13 17:11:03,876 log Not Found: /kaminka/kaminka/kaminka/accounts/login/
INFO 2026-07-14 08:06:15,366 autoreload Watching for file changes with StatReloader
WARNING 2026-07-14 08:06:23,482 log Not Found: /kaminka/kaminka/tenis/
WARNING 2026-07-14 08:06:32,503 log Not Found: /kaminka/kaminka
WARNING 2026-07-14 08:07:02,635 log Not Found: /kaminka/kaminka/tenis/
WARNING 2026-07-14 08:07:17,261 log Not Found: /kaminka/kaminka/
WARNING 2026-07-14 08:07:20,142 log Not Found: /kaminka/kaminka/
INFO 2026-07-14 08:10:55,055 autoreload C:\Users\jchar\djangoSport\core\urls.py changed, reloading.
INFO 2026-07-14 08:10:55,601 autoreload Watching for file changes with StatReloader
WARNING 2026-07-14 08:11:40,843 log Not Found: /kaminka/kaminka/accounts/login/
WARNING 2026-07-14 08:11:47,825 log Not Found: /kaminka/kaminka/accounts/login/
WARNING 2026-07-14 08:12:16,000 log Not Found: /kaminka/kaminka/kaminka/
WARNING 2026-07-14 08:34:59,329 log Not Found: /kaminka/kaminka/kaminka/
WARNING 2026-07-14 08:36:24,047 log Not Found: /kaminka/static/images/kaminka260512.png
WARNING 2026-07-14 08:37:34,858 log Not Found: /kaminka/kaminka/accounts/login/
INFO 2026-07-14 08:40:47,483 autoreload C:\Users\jchar\djangoSport\core\settings.py changed, reloading.
INFO 2026-07-14 08:40:48,149 autoreload Watching for file changes with StatReloader
WARNING 2026-07-14 08:41:50,881 log Not Found: /kaminka/kaminka/accounts/login/
WARNING 2026-07-14 08:41:57,056 log Not Found: /kaminka/kaminka/accounts/login/
WARNING 2026-07-14 08:42:03,821 log Not Found: /kaminka/static/images/kaminka260512.png
WARNING 2026-07-14 08:42:08,078 log Not Found: /kaminka/kaminka/kaminka/liga/26_kaminka_leto_A/
WARNING 2026-07-14 08:45:37,065 log Not Found: /kaminka/kaminka/kaminka/login/
WARNING 2026-07-14 08:45:45,958 log Not Found: /kaminka/kaminka/kaminka/liga/26_kaminka_leto_A/
WARNING 2026-07-14 08:47:38,942 log Not Found: /kaminka/kaminka/kaminka/
WARNING 2026-07-14 08:47:40,488 log Not Found: /kaminka/kaminka/kaminka/
INFO 2026-07-14 08:49:59,831 autoreload C:\Users\jchar\djangoSport\core\settings.py changed, reloading.
INFO 2026-07-14 08:50:00,338 autoreload Watching for file changes with StatReloader
INFO 2026-07-14 08:50:24,071 views Uživatel jchar si prohlíží soutìž: Léto 2026 - C
INFO 2026-07-14 08:50:30,427 views Uživatel jchar si prohlíží soutìž: Léto 2026 - D
INFO 2026-07-14 08:50:39,127 views Uživatel jchar si prohlíží soutìž: Léto 2026 - A
INFO 2026-07-14 08:51:06,803 views Uživatel jchar si prohlíží soutìž: Léto 2026 - A
INFO 2026-07-14 08:53:03,624 views Uživatel jchar si prohlíží soutìž: Léto 2025 - A
INFO 2026-07-14 08:53:11,076 views Uživatel jchar si prohlíží soutìž: Léto 2026 - B
INFO 2026-07-14 08:57:25,625 views Uživatel jchar si prohlíží soutìž: Léto 2026 - A
INFO 2026-07-14 08:57:43,488 views Uživatel jchar si prohlíží soutìž: Léto 2026 - A
INFO 2026-07-14 08:59:10,040 views Uživatel jchar si prohlíží soutìž: Léto 2026 - A
INFO 2026-07-14 08:59:13,586 views Uživatel jchar si prohlíží soutìž: Léto 2026 - B
INFO 2026-07-14 08:59:23,435 views Uživatel jchar si prohlíží soutìž: Léto 2026 - D
INFO 2026-07-14 08:59:31,668 views Uživatel jchar si prohlíží soutìž: Léto 2026 - A
INFO 2026-07-14 08:59:34,314 views Uživatel jchar si prohlíží soutìž: Léto 2026 - D
INFO 2026-07-14 09:01:03,394 views Uživatel jchar si prohlíží soutìž: Léto 2026 - A
INFO 2026-07-14 09:01:54,492 autoreload C:\Users\jchar\djangoSport\core\settings.py changed, reloading.
INFO 2026-07-14 09:01:55,102 autoreload Watching for file changes with StatReloader
INFO 2026-07-18 09:52:59,109 autoreload Watching for file changes with StatReloader
WARNING 2026-07-18 09:53:10,527 log Not Found: /kaminka/kaminka/tenis/
WARNING 2026-07-18 09:53:11,987 log Not Found: /kaminka/favicon.ico
WARNING 2026-07-18 09:53:19,210 log Not Found: /kaminka/tenis/
WARNING 2026-07-18 09:53:23,601 log Not Found: /kaminka/tenis/
WARNING 2026-07-18 09:53:29,958 log Not Found: /kaminka/static/images/kaminka260512.png
WARNING 2026-07-18 09:53:34,290 log Not Found: /kaminka/kaminka/kaminka/login/
WARNING 2026-07-18 09:54:00,359 log Not Found: /kaminka/static/images/kaminka260512.png
WARNING 2026-07-18 09:54:02,752 log Not Found: /kaminka/kaminka/kaminka/liga/26_kaminka_leto_A/
INFO 2026-07-18 09:54:10,414 views Uživatel jchar si prohlíží soutìž: Léto 2026 - A
INFO 2026-07-18 09:54:18,724 views Uživatel jchar si prohlíží soutìž: Léto 2026 - A
INFO 2026-07-18 09:54:40,981 views Uživatel jchar si prohlíží soutìž: Léto 2026 - A
INFO 2026-07-18 09:55:59,288 views Uživatel jchar si prohlíží soutìž: Léto 2026 - A
WARNING 2026-07-18 10:28:13,056 log Not Found: /kaminka/kaminka/kaminka/liga/26_kaminka_leto_D/
WARNING 2026-07-18 10:56:14,402 log Not Found: /kaminka/vykazy/
WARNING 2026-07-18 10:56:22,126 log Not Found: /kaminka/static/images/kaminka260512.png
WARNING 2026-07-18 10:56:24,029 log Not Found: /kaminka/kaminka/kaminka/liga/26_kaminka_leto_A/
INFO 2026-07-18 10:56:31,673 views Uživatel jchar si prohlíží soutìž: Léto 2026 - A
INFO 2026-07-18 10:56:35,620 views Uživatel jchar si prohlíží soutìž: Léto 2026 - A
INFO 2026-07-18 10:59:13,554 views Uživatel jchar si prohlíží soutìž: Léto 2026 - A
INFO 2026-07-18 10:59:17,195 views Uživatel jchar si prohlíží soutìž: Léto 2026 - A
INFO 2026-07-18 11:00:19,946 views Uživatel jchar si prohlíží soutìž: Léto 2026 - A
INFO 2026-07-18 11:03:49,359 views Uživatel jchar si prohlíží soutìž: Léto 2026 - A
INFO 2026-07-22 22:21:30,983 autoreload Watching for file changes with StatReloader
WARNING 2026-07-22 22:21:46,163 log Not Found: /kaminka/static/images/kaminka260512.png
WARNING 2026-07-22 22:21:50,005 log Not Found: /kaminka/kaminka/kaminka/login/
INFO 2026-08-04 19:35:11,773 autoreload Watching for file changes with StatReloader
WARNING 2026-08-04 19:35:24,879 log Not Found: /kaminka/kaminka/tenis/
WARNING 2026-08-04 19:35:39,015 log Not Found: /kaminka/kaminka/accounts/login/
WARNING 2026-08-04 19:35:39,426 log Not Found: /kaminka/kaminka/accounts/login/
WARNING 2026-08-04 19:35:48,426 log Not Found: /kaminka/kaminka/accounts/login/
WARNING 2026-08-04 19:36:10,261 log Not Found: /kaminka/static/images/kaminka260512.png
WARNING 2026-08-04 19:36:16,809 log Not Found: /kaminka/kaminka/kaminka/login/
WARNING 2026-08-04 19:36:54,193 log Not Found: /kaminka/static/images/kaminka260512.png
WARNING 2026-08-04 19:36:56,664 log Not Found: /kaminka/kaminka/kaminka/liga/26_kaminka_leto_A/
INFO 2026-08-04 19:37:06,100 views Uživatel jchar si prohlíží soutìž: Léto 2026 - A
INFO 2026-08-04 19:41:13,244 autoreload C:\Users\jchar\djangoSport\core\settings.py changed, reloading.
INFO 2026-08-04 19:41:14,624 autoreload Watching for file changes with StatReloader
WARNING 2026-08-04 19:41:15,999 log Not Found: /dbmatprojekt/
INFO 2026-08-04 19:41:27,510 views Uživatel jchar si prohlíží soutìž: Léto 2026 - A
INFO 2026-08-04 19:49:29,097 autoreload C:\Users\jchar\djangoSport\tenis_app\views.py changed, reloading.
INFO 2026-08-04 19:49:30,161 autoreload Watching for file changes with StatReloader
WARNING 2026-08-04 19:49:42,633 log Not Found: /kaminka/kaminka/
INFO 2026-08-04 19:49:55,035 views Uživatel jchar si prohlíží soutìž: Léto 2026 - A
INFO 2026-08-04 19:51:18,092 autoreload C:\Users\jchar\djangoSport\tenis_app\views.py changed, reloading.
INFO 2026-08-04 19:51:19,244 autoreload Watching for file changes with StatReloader
INFO 2026-08-04 19:51:32,265 views Uživatel jchar si prohlíží soutìž: Léto 2026 - A
INFO 2026-08-04 19:53:55,238 autoreload C:\Users\jchar\djangoSport\tenis_app\views.py changed, reloading.
INFO 2026-08-04 19:53:56,255 autoreload Watching for file changes with StatReloader
INFO 2026-08-04 19:54:07,714 views Uživatel jchar si prohlíží soutìž: Léto 2026 - A
INFO 2026-08-04 19:54:40,173 autoreload C:\Users\jchar\djangoSport\tenis_app\views.py changed, reloading.
INFO 2026-08-04 19:54:41,247 autoreload Watching for file changes with StatReloader
INFO 2026-08-04 19:55:09,778 autoreload Watching for file changes with StatReloader
INFO 2026-08-04 19:55:21,656 views Uživatel jchar si prohlíží soutìž: Léto 2026 - A
WARNING 2026-08-04 19:56:04,978 log Not Found: /k
INFO 2026-08-04 19:56:11,059 views Uživatel jchar si prohlíží soutìž: Léto 2026 - A
INFO 2026-08-04 19:57:08,188 autoreload C:\Users\jchar\djangoSport\tenis_app\urls.py changed, reloading.
INFO 2026-08-04 19:57:09,224 autoreload Watching for file changes with StatReloader
INFO 2026-08-04 19:57:23,974 views Uživatel jchar si prohlíží soutìž: Léto 2026 - A
ERROR 2026-08-04 19:57:24,760 log Internal Server Error: /kaminka/liga/26_kaminka_leto_A/
Traceback (most recent call last):
  File "C:\Users\jchar\venv\Lib\site-packages\django\core\handlers\exception.py", line 55, in inner
    response = get_response(request)
  File "C:\Users\jchar\venv\Lib\site-packages\django\core\handlers\base.py", line 197, in _get_response
    response = wrapped_callback(request, *callback_args, **callback_kwargs)
  File "C:\Users\jchar\venv\Lib\site-packages\django\contrib\auth\decorators.py", line 59, in _view_wrapper
    return view_func(request, *args, **kwargs)
  File "C:\Users\jchar\djangoSport\tenis_app\views.py", line 287, in detail_souteze
    return render(request, 'tenis_app/tabulka_5ti_lig.html', context)
  File "C:\Users\jchar\venv\Lib\site-packages\django\shortcuts.py", line 25, in render
    content = loader.render_to_string(template_name, context, request, using=using)
  File "C:\Users\jchar\venv\Lib\site-packages\django\template\loader.py", line 62, in render_to_string
    return template.render(context, request)
           ~~~~~~~~~~~~~~~^^^^^^^^^^^^^^^^^^
  File "C:\Users\jchar\venv\Lib\site-packages\django\template\backends\django.py", line 107, in render
    return self.template.render(context)
           ~~~~~~~~~~~~~~~~~~~~^^^^^^^^^
  File "C:\Users\jchar\venv\Lib\site-packages\django\template\base.py", line 171, in render
    return self._render(context)
           ~~~~~~~~~~~~^^^^^^^^^
  File "C:\Users\jchar\venv\Lib\site-packages\django\template\base.py", line 163, in _render
    return self.nodelist.render(context)
           ~~~~~~~~~~~~~~~~~~~~^^^^^^^^^
  File "C:\Users\jchar\venv\Lib\site-packages\django\template\base.py", line 1016, in render
    return SafeString("".join([node.render_annotated(context) for node in self]))
                               ~~~~~~~~~~~~~~~~~~~~~^^^^^^^^^
  File "C:\Users\jchar\venv\Lib\site-packages\django\template\base.py", line 977, in render_annotated
    return self.render(context)
           ~~~~~~~~~~~^^^^^^^^^
  File "C:\Users\jchar\venv\Lib\site-packages\django\template\loader_tags.py", line 159, in render
    return compiled_parent._render(context)
           ~~~~~~~~~~~~~~~~~~~~~~~^^^^^^^^^
  File "C:\Users\jchar\venv\Lib\site-packages\django\template\base.py", line 163, in _render
    return self.nodelist.render(context)
           ~~~~~~~~~~~~~~~~~~~~^^^^^^^^^
  File "C:\Users\jchar\venv\Lib\site-packages\django\template\base.py", line 1016, in render
    return SafeString("".join([node.render_annotated(context) for node in self]))
                               ~~~~~~~~~~~~~~~~~~~~~^^^^^^^^^
  File "C:\Users\jchar\venv\Lib\site-packages\django\template\base.py", line 977, in render_annotated
    return self.render(context)
           ~~~~~~~~~~~^^^^^^^^^
  File "C:\Users\jchar\venv\Lib\site-packages\django\template\defaulttags.py", line 480, in render
    url = reverse(view_name, args=args, kwargs=kwargs, current_app=current_app)
  File "C:\Users\jchar\venv\Lib\site-packages\django\urls\base.py", line 98, in reverse
    resolved_url = resolver._reverse_with_prefix(view, prefix, *args, **kwargs)
  File "C:\Users\jchar\venv\Lib\site-packages\django\urls\resolvers.py", line 831, in _reverse_with_prefix
    raise NoReverseMatch(msg)
django.urls.exceptions.NoReverseMatch: Reverse for 'tenis_index' not found. 'tenis_index' is not a valid view function or pattern name.
INFO 2026-08-04 19:57:42,697 autoreload C:\Users\jchar\djangoSport\tenis_app\urls.py changed, reloading.
INFO 2026-08-04 19:57:44,032 autoreload Watching for file changes with StatReloader
INFO 2026-08-04 19:57:44,581 views Uživatel jchar si prohlíží soutìž: Léto 2026 - A
INFO 2026-08-04 20:00:16,635 autoreload C:\Users\jchar\djangoSport\tenis_app\views.py changed, reloading.
INFO 2026-08-04 20:00:17,807 autoreload Watching for file changes with StatReloader
INFO 2026-08-04 20:08:21,196 views Uživatel jchar si prohlíží soutìž: Léto 2026 - A
INFO 2026-08-04 20:08:36,523 views Uživatel jchar si prohlíží soutìž: Léto 2026 - A
INFO 2026-08-04 20:08:41,829 views Uživatel jchar si prohlíží soutìž: Léto 2026 - A
INFO 2026-08-04 20:09:45,740 autoreload C:\Users\jchar\djangoSport\tenis_app\views.py changed, reloading.
INFO 2026-08-04 20:09:47,211 autoreload Watching for file changes with StatReloader
INFO 2026-08-04 20:11:38,764 views Uživatel jchar si prohlíží soutìž: Léto 2026 - A
INFO 2026-08-04 20:11:42,677 views Uživatel jchar si prohlíží soutìž: Léto 2026 - A
INFO 2026-08-04 20:17:11,055 autoreload C:\Users\jchar\djangoSport\tenis_app\views.py changed, reloading.
INFO 2026-08-04 20:17:12,429 autoreload Watching for file changes with StatReloader
INFO 2026-08-04 20:18:59,837 autoreload Watching for file changes with StatReloader
INFO 2026-08-04 20:32:02,338 autoreload C:\Users\jchar\djangoSport\tenis_app\views.py changed, reloading.
INFO 2026-08-04 20:32:03,604 autoreload Watching for file changes with StatReloader
INFO 2026-08-04 20:34:41,933 autoreload C:\Users\jchar\djangoSport\tenis_app\views.py changed, reloading.
INFO 2026-08-04 20:34:43,284 autoreload Watching for file changes with StatReloader
INFO 2026-08-04 20:51:05,483 autoreload Watching for file changes with StatReloader
INFO 2026-08-05 08:30:07,988 autoreload Watching for file changes with StatReloader
WARNING 2026-08-05 08:30:10,672 log Not Found: /kaminka/kaminka/accounts/logout/
WARNING 2026-08-05 08:30:11,793 log Not Found: /kaminka/favicon.ico
WARNING 2026-08-05 08:30:22,096 log Not Found: /kaminka/kaminka/tenis/
WARNING 2026-08-05 08:30:31,136 log Not Found: /kaminka/kaminka/kaminka/
INFO 2026-08-05 08:32:53,241 autoreload C:\Users\jchar\djangoSport\core\settings.py changed, reloading.
INFO 2026-08-05 08:32:54,985 autoreload Watching for file changes with StatReloader
WARNING 2026-08-05 08:35:05,033 log Not Found: /kaminka/tenis/
INFO 2026-08-05 08:36:03,887 views Uživatel jchar si prohlíží soutìž: Léto 2026 - A
INFO 2026-08-05 08:37:49,035 autoreload C:\Users\jchar\djangoSport\tenis_app\views.py changed, reloading.
INFO 2026-08-05 08:37:49,575 autoreload Watching for file changes with StatReloader
INFO 2026-08-05 08:38:26,430 views Uživatel jchar si prohlíží soutìž: Léto 2026 - A
ERROR 2026-08-05 08:39:47,540 log Internal Server Error: /
Traceback (most recent call last):
  File "C:\Users\jchar\venv\Lib\site-packages\django\core\handlers\exception.py", line 55, in inner
    response = get_response(request)
  File "C:\Users\jchar\venv\Lib\site-packages\django\core\handlers\base.py", line 220, in _get_response
    response = response.render()
  File "C:\Users\jchar\venv\Lib\site-packages\django\template\response.py", line 114, in render
    self.content = self.rendered_content
                   ^^^^^^^^^^^^^^^^^^^^^
  File "C:\Users\jchar\venv\Lib\site-packages\django\template\response.py", line 90, in rendered_content
    template = self.resolve_template(self.template_name)
  File "C:\Users\jchar\venv\Lib\site-packages\django\template\response.py", line 72, in resolve_template
    return select_template(template, using=self.using)
  File "C:\Users\jchar\venv\Lib\site-packages\django\template\loader.py", line 42, in select_template
    return engine.get_template(template_name)
           ~~~~~~~~~~~~~~~~~~~^^^^^^^^^^^^^^^
  File "C:\Users\jchar\venv\Lib\site-packages\django\template\backends\django.py", line 79, in get_template
    return Template(self.engine.get_template(template_name), self)
                    ~~~~~~~~~~~~~~~~~~~~~~~~^^^^^^^^^^^^^^^
  File "C:\Users\jchar\venv\Lib\site-packages\django\template\engine.py", line 177, in get_template
    template, origin = self.find_template(template_name)
                       ~~~~~~~~~~~~~~~~~~^^^^^^^^^^^^^^^
  File "C:\Users\jchar\venv\Lib\site-packages\django\template\engine.py", line 159, in find_template
    template = loader.get_template(name, skip=skip)
  File "C:\Users\jchar\venv\Lib\site-packages\django\template\loaders\cached.py", line 57, in get_template
    template = super().get_template(template_name, skip)
  File "C:\Users\jchar\venv\Lib\site-packages\django\template\loaders\base.py", line 28, in get_template
    return Template(
        contents,
    ...<2 lines>...
        self.engine,
    )
  File "C:\Users\jchar\venv\Lib\site-packages\django\template\base.py", line 154, in __init__
    self.nodelist = self.compile_nodelist()
                    ~~~~~~~~~~~~~~~~~~~~~^^
  File "C:\Users\jchar\venv\Lib\site-packages\django\template\base.py", line 196, in compile_nodelist
    nodelist = parser.parse()
  File "C:\Users\jchar\venv\Lib\site-packages\django\template\base.py", line 518, in parse
    raise self.error(token, e)
  File "C:\Users\jchar\venv\Lib\site-packages\django\template\base.py", line 516, in parse
    compiled_result = compile_func(self, token)
  File "C:\Users\jchar\venv\Lib\site-packages\django\template\defaulttags.py", line 962, in do_if
    nodelist = parser.parse(("elif", "else", "endif"))
  File "C:\Users\jchar\venv\Lib\site-packages\django\template\base.py", line 523, in parse
    self.unclosed_block_tag(parse_until)
    ~~~~~~~~~~~~~~~~~~~~~~~^^^^^^^^^^^^^
  File "C:\Users\jchar\venv\Lib\site-packages\django\template\base.py", line 590, in unclosed_block_tag
    raise self.error(token, msg)
django.template.exceptions.TemplateSyntaxError: Unclosed tag on line 152: 'if'. Looking for one of: elif, else, endif.
INFO 2026-08-05 08:40:44,634 views Uživatel jchar si prohlíží soutìž: Léto 2026 - A
INFO 2026-08-05 08:44:07,094 autoreload Watching for file changes with StatReloader
INFO 2026-08-05 08:48:01,295 views Uživatel jchar si prohlíží soutìž: Léto 2026 - A
INFO 2026-08-05 08:49:24,401 autoreload C:\Users\jchar\djangoSport\tenis_app\views.py changed, reloading.
INFO 2026-08-05 08:49:24,928 autoreload Watching for file changes with StatReloader
INFO 2026-08-05 08:52:46,445 autoreload C:\Users\jchar\djangoSport\tenis_app\views.py changed, reloading.
INFO 2026-08-05 08:52:47,027 autoreload Watching for file changes with StatReloader
INFO 2026-08-05 08:53:06,588 views Uživatel jchar si prohlíží soutìž: Léto 2026 - A
INFO 2026-08-05 08:54:26,559 views Uživatel jchar si prohlíží soutìž: Léto 2026 - A
INFO 2026-08-05 08:55:52,111 views Uživatel jchar si prohlíží soutìž: Léto 2026 - A
INFO 2026-08-05 08:56:01,862 views Uživatel jchar si prohlíží soutìž: Léto 2026 - A
INFO 2026-08-05 08:57:27,152 views Uživatel jchar si prohlíží soutìž: Léto 2026 - A
INFO 2026-08-05 08:57:30,175 views Uživatel jchar si prohlíží soutìž: Léto 2026 - A
INFO 2026-08-05 08:57:56,808 views Uživatel jchar si prohlíží soutìž: Léto 2026 - A
INFO 2026-08-05 08:58:24,693 views Uživatel jchar si prohlíží soutìž: Léto 2026 - A
INFO 2026-09-23 20:47:35,423 autoreload Watching for file changes with StatReloader
WARNING 2026-09-23 20:48:08,158 log Not Found: /kaminka/kaminka/tenis/
WARNING 2026-09-23 20:48:09,061 log Not Found: /kaminka/favicon.ico
WARNING 2026-09-23 20:48:22,566 log Not Found: /kaminka/tenis/
WARNING 2026-09-23 20:48:40,455 log Not Found: /kaminka/static/images/kaminka260512.png
WARNING 2026-09-23 20:48:45,160 log Not Found: /kaminka/kaminka/kaminka/login/
WARNING 2026-09-23 20:50:22,404 log Not Found: /kaminka/static/images/kaminka260512.png
WARNING 2026-09-23 20:50:25,372 log Not Found: /kaminka/kaminka/kaminka/liga/26_kaminka_leto_A/
INFO 2026-09-23 20:50:33,552 views Uživatel jchar si prohlíží soutìž: Léto 2026 - A
WARNING 2026-09-23 20:50:44,947 log Not Found: /kaminka/static/admin/css/dashboard.css
WARNING 2026-09-23 20:50:44,961 log Not Found: /kaminka/static/admin/css/dashboard.css
WARNING 2026-09-23 20:50:44,989 log Not Found: /kaminka/static/admin/img/icon-changelink.svg
WARNING 2026-09-23 20:50:49,153 log Not Found: /kaminka/static/admin/css/dashboard.css
INFO 2026-09-23 20:52:33,981 autoreload C:\Users\jchar\djangoSport\core\settings.py changed, reloading.
INFO 2026-09-23 20:52:36,638 autoreload Watching for file changes with StatReloader
WARNING 2026-09-23 20:52:37,064 log Not Found: /kaminka/kaminka/liga/26_kaminka_leto_C/
WARNING 2026-09-23 20:52:41,573 log Not Found: /kaminka/kaminka/
INFO 2026-09-23 20:53:01,631 autoreload C:\Users\jchar\djangoSport\core\settings.py changed, reloading.
INFO 2026-09-23 20:53:02,641 autoreload Watching for file changes with StatReloader
WARNING 2026-09-23 20:53:05,112 log Not Found: /kaminka/kaminka/kaminka/liga/26_kaminka_leto_C/
INFO 2026-09-23 20:54:56,028 views Uživatel jchar si prohlíží soutìž: Léto 2026 - C
INFO 2026-09-23 20:55:05,091 views Uživatel jchar si prohlíží soutìž: Léto 2026 - C
WARNING 2026-09-23 20:55:19,730 log Not Found: /kaminka/kaminka/kaminka/liga/26_kaminka_leto_D/
INFO 2026-09-23 20:58:05,091 autoreload C:\Users\jchar\djangoSport\core\settings.py changed, reloading.
INFO 2026-09-23 20:58:06,819 autoreload Watching for file changes with StatReloader
INFO 2026-09-23 20:58:12,524 autoreload Watching for file changes with StatReloader
WARNING 2026-09-23 20:58:22,497 log Not Found: /kaminka/kaminka/liga/26_kaminka_leto_D/
INFO 2026-09-23 21:01:18,565 autoreload C:\Users\jchar\djangoSport\core\settings.py changed, reloading.
INFO 2026-09-23 21:01:20,175 autoreload Watching for file changes with StatReloader
INFO 2026-09-23 21:01:26,345 autoreload Watching for file changes with StatReloader
WARNING 2026-09-23 21:01:34,927 log Not Found: /kaminka/kaminka/kaminka/liga/26_kaminka_leto_D/
WARNING 2026-09-23 21:01:38,707 log Not Found: /kaminka/kaminka/kaminka/liga/26_kaminka_leto_B/
INFO 2026-09-23 21:03:53,286 autoreload C:\Users\jchar\djangoSport\core\settings.py changed, reloading.
INFO 2026-09-23 21:03:55,794 autoreload Watching for file changes with StatReloader
INFO 2026-09-23 21:03:59,984 autoreload Watching for file changes with StatReloader
INFO 2026-09-23 21:04:08,005 views Uživatel jchar si prohlíží soutìž: Léto 2026 - C
INFO 2026-09-23 21:04:10,195 views Uživatel jchar si prohlíží soutìž: Léto 2026 - D
INFO 2026-09-23 21:04:13,402 views Uživatel jchar si prohlíží soutìž: Léto 2026 - C
INFO 2026-09-23 21:04:15,321 views Uživatel jchar si prohlíží soutìž: Léto 2026 - B
INFO 2026-09-23 21:04:16,985 views Uživatel jchar si prohlíží soutìž: Léto 2026 - A
INFO 2026-09-23 21:04:44,483 autoreload C:\Users\jchar\djangoSport\core\settings.py changed, reloading.
INFO 2026-09-23 21:04:46,086 autoreload Watching for file changes with StatReloader
INFO 2026-09-23 21:04:48,530 views Uživatel jchar si prohlíží soutìž: Léto 2026 - D
WARNING 2026-09-23 21:04:50,406 log Not Found: /kaminka/kaminka/kaminka/liga/26_kaminka_leto_B/
WARNING 2026-09-23 21:04:54,085 log Not Found: /kaminka/kaminka/kaminka/liga/26_kaminka_leto_E/
INFO 2026-09-23 21:05:07,106 autoreload C:\Users\jchar\djangoSport\core\settings.py changed, reloading.
INFO 2026-09-23 21:05:08,780 autoreload Watching for file changes with StatReloader
WARNING 2026-09-23 21:05:11,554 log Not Found: /kaminka/kaminka/liga/26_kaminka_leto_C/
WARNING 2026-09-23 21:05:14,266 log Not Found: /kaminka/kaminka/liga/26_kaminka_leto_B/
WARNING 2026-09-23 21:05:17,423 log Not Found: /kaminka/kaminka/liga/26_kaminka_leto_A/
INFO 2026-09-23 21:05:21,286 views Uživatel jchar si prohlíží soutìž: Léto 2026 - D
INFO 2026-09-23 21:05:22,616 views Uživatel jchar si prohlíží soutìž: Léto 2026 - D
INFO 2026-09-23 21:05:24,224 views Uživatel jchar si prohlíží soutìž: Léto 2026 - C
INFO 2026-09-23 21:05:25,535 views Uživatel jchar si prohlíží soutìž: Léto 2026 - B
INFO 2026-09-23 21:05:26,745 views Uživatel jchar si prohlíží soutìž: Léto 2026 - A
INFO 2026-09-23 21:05:43,536 views Uživatel jchar si prohlíží soutìž: Léto 2026 - C
INFO 2026-09-23 21:05:47,482 views Uživatel jchar si prohlíží soutìž: Léto 2026 - D
INFO 2026-09-23 21:05:48,777 views Uživatel jchar si prohlíží soutìž: Léto 2026 - C
INFO 2026-09-23 21:06:56,747 views Uživatel jchar si prohlíží soutìž: Léto 2026 - A
INFO 2026-09-23 21:08:38,684 autoreload Watching for file changes with StatReloader
INFO 2026-09-23 21:14:22,872 autoreload Watching for file changes with StatReloader
INFO 2026-09-23 21:14:24,927 views Uživatel jchar si prohlíží soutìž: Léto 2026 - A
INFO 2026-09-23 21:15:44,617 views Uživatel jchar si prohlíží soutìž: Léto 2026 - A
INFO 2026-09-23 21:17:07,737 views Uživatel jchar si prohlíží soutìž: Léto 2026 - A
INFO 2026-09-23 21:17:11,529 views Uživatel jchar si prohlíží soutìž: Léto 2026 - A
INFO 2026-09-23 21:17:23,757 views Uživatel jchar si prohlíží soutìž: Léto 2026 - A
INFO 2026-09-23 21:18:08,180 views Uživatel jchar si prohlíží soutìž: Léto 2026 - A
INFO 2026-09-23 21:18:33,126 views Uživatel jchar si prohlíží soutìž: Léto 2026 - A
INFO 2026-09-23 21:18:50,468 views Uživatel jchar si prohlíží soutìž: Léto 2026 - A
INFO 2026-09-23 21:19:07,019 views Uživatel jchar si prohlíží soutìž: Léto 2026 - A
INFO 2026-09-23 21:19:09,127 views Uživatel jchar si prohlíží soutìž: Léto 2026 - A
INFO 2026-09-23 21:19:40,784 views Uživatel jchar si prohlíží soutìž: Léto 2026 - A
INFO 2026-09-23 21:20:00,530 views Uživatel jchar si prohlíží soutìž: Léto 2026 - A
INFO 2026-09-23 21:20:24,636 views Uživatel jchar si prohlíží soutìž: Léto 2026 - A
INFO 2026-09-23 21:20:36,488 views Uživatel jchar si prohlíží soutìž: Léto 2026 - A
INFO 2026-09-23 21:21:01,519 views Uživatel jchar si prohlíží soutìž: Léto 2026 - A
INFO 2026-09-23 21:21:27,016 views Uživatel jchar si prohlíží soutìž: Léto 2026 - A
INFO 2026-09-23 21:21:54,064 views Uživatel jchar si prohlíží soutìž: Léto 2026 - A
INFO 2026-09-23 21:22:07,328 views Uživatel jchar si prohlíží soutìž: Léto 2026 - A
INFO 2026-09-23 21:22:16,063 views Uživatel jchar si prohlíží soutìž: Léto 2026 - A
INFO 2026-09-23 21:22:39,620 views Uživatel jchar si prohlíží soutìž: Léto 2026 - A
INFO 2026-09-23 21:22:55,180 views Uživatel jchar si prohlíží soutìž: Léto 2026 - A
INFO 2026-09-23 21:23:09,147 views Uživatel jchar si prohlíží soutìž: Léto 2026 - A
INFO 2026-09-23 21:23:21,445 views Uživatel jchar si prohlíží soutìž: Léto 2026 - A
INFO 2026-09-23 21:23:44,915 views Uživatel jchar si prohlíží soutìž: Léto 2026 - A
INFO 2026-09-23 21:25:10,515 views Uživatel jchar si prohlíží soutìž: Léto 2026 - A
INFO 2026-09-23 21:27:10,298 autoreload Watching for file changes with StatReloader
INFO 2026-09-23 21:37:11,788 autoreload C:\Users\jchar\djangoSport\core\settings.py changed, reloading.
INFO 2026-09-23 21:37:13,420 autoreload Watching for file changes with StatReloader
INFO 2026-09-23 21:41:05,212 autoreload Watching for file changes with StatReloader
INFO 2026-09-23 21:41:08,693 views Uživatel jchar si prohlíží soutìž: Léto 2026 - D
INFO 2026-09-23 21:44:02,676 views Uživatel jchar si prohlíží soutìž: Léto 2026 - D
INFO 2026-09-23 21:44:22,087 views Uživatel jchar si prohlíží soutìž: Léto 2026 - D
INFO 2026-09-23 21:45:35,631 views Uživatel jchar si prohlíží soutìž: Léto 2026 - D
INFO 2026-09-23 21:45:55,696 views Uživatel jchar si prohlíží soutìž: Léto 2026 - D
INFO 2026-09-23 21:46:30,632 views Uživatel jchar si prohlíží soutìž: Léto 2026 - D
INFO 2026-09-23 21:48:21,706 views Uživatel jchar si prohlíží soutìž: Léto 2026 - D
INFO 2026-09-23 21:48:35,673 views Uživatel jchar si prohlíží soutìž: Léto 2026 - D
INFO 2026-09-23 21:49:13,726 views Uživatel jchar si prohlíží soutìž: Léto 2026 - D
INFO 2026-09-23 21:53:55,849 autoreload Watching for file changes with StatReloader
WARNING 2026-09-23 21:53:58,852 log Not Found: /kaminka/kaminka/kaminka/liga/26_kaminka_leto_C/
WARNING 2026-09-23 21:54:03,087 log Not Found: /kaminka/kaminka/kaminka/liga/26_kaminka_leto_C/
WARNING 2026-09-23 21:54:08,104 log Not Found: /kaminka/kaminka/kaminka/liga/26_kaminka_leto_C/
INFO 2026-09-23 21:54:17,881 views Uživatel jchar si prohlíží soutìž: Léto 2026 - C
INFO 2026-09-23 21:54:24,138 views Uživatel jchar si prohlíží soutìž: Léto 2026 - C
WARNING 2026-09-23 21:54:32,159 log Not Found: /kaminka/kaminka/kaminka/liga/26_kaminka_leto_B/
WARNING 2026-09-23 21:59:03,838 log Not Found: /kaminka/kaminka/kaminka/liga/26_kaminka_leto_B/
INFO 2026-09-23 21:59:12,557 autoreload Watching for file changes with StatReloader
INFO 2026-09-23 21:59:16,964 views Uživatel jchar si prohlíží soutìž: Léto 2026 - C
WARNING 2026-09-23 21:59:20,101 log Not Found: /kaminka/kaminka/kaminka/liga/26_kaminka_leto_B/
INFO 2026-09-23 21:59:36,591 views Uživatel jchar si prohlíží soutìž: Léto 2026 - B
WARNING 2026-09-23 22:00:11,840 log Not Found: /kaminka/kaminka/kaminka/liga/26_kaminka_leto_C/
INFO 2026-09-23 22:00:18,423 views Uživatel jchar si prohlíží soutìž: Léto 2026 - C
INFO 2026-09-23 22:01:27,886 views Uživatel jchar si prohlíží soutìž: Léto 2026 - C
INFO 2026-09-23 22:03:53,531 autoreload C:\Users\jchar\djangoSport\core\settings.py changed, reloading.
INFO 2026-09-23 22:03:55,217 autoreload Watching for file changes with StatReloader
INFO 2026-09-23 22:03:56,937 views Uživatel jchar si prohlíží soutìž: Léto 2026 - C
WARNING 2026-09-23 22:03:59,947 log Not Found: /kaminka/kaminka/kaminka/liga/26_kaminka_leto_D/
WARNING 2026-09-23 22:04:06,851 log Not Found: /kaminka/kaminka/kaminka/liga/26_kaminka_leto_D/
WARNING 2026-09-23 22:04:09,698 log Not Found: /kaminka/kaminka/kaminka/liga/26_kaminka_leto_A/
WARNING 2026-09-23 22:05:14,462 log Not Found: /kaminka/kaminka/accounts/login/
WARNING 2026-09-23 22:05:30,417 log Not Found: /kaminka/kaminka/accounts/login/
WARNING 2026-09-23 22:05:39,109 log Not Found: /kaminka/kaminka/kaminka/liga/26_kaminka_leto_B/
WARNING 2026-09-23 22:07:03,393 log Not Found: /kaminka/static/images/kaminka260512.png
WARNING 2026-09-23 22:07:06,653 log Not Found: /kaminka/kaminka/kaminka/liga/26_kaminka_leto_A/
WARNING 2026-09-23 22:08:26,369 log Not Found: /kaminka/static/images/kaminka260512.png
WARNING 2026-09-23 22:08:30,256 log Not Found: /kaminka/kaminka/kaminka/login/
INFO 2026-09-23 22:10:47,035 autoreload C:\Users\jchar\djangoSport\core\urls.py changed, reloading.
INFO 2026-09-23 22:10:48,753 autoreload Watching for file changes with StatReloader
INFO 2026-09-23 22:11:35,984 autoreload C:\Users\jchar\djangoSport\core\urls.py changed, reloading.
INFO 2026-09-23 22:11:37,571 autoreload Watching for file changes with StatReloader
INFO 2026-09-23 22:11:45,597 autoreload Watching for file changes with StatReloader
WARNING 2026-09-23 22:11:53,174 log Not Found: /kaminka/kaminka/kaminka/liga/26_kaminka_leto_A/
WARNING 2026-09-23 22:12:24,038 log Not Found: /kaminka/kaminka/kaminka/liga/26_kaminka_leto_A/
INFO 2026-09-23 22:13:39,239 autoreload C:\Users\jchar\djangoSport\core\settings.py changed, reloading.
INFO 2026-09-23 22:13:41,778 autoreload Watching for file changes with StatReloader
WARNING 2026-09-23 22:13:46,034 log Not Found: /kaminka/kaminka/kaminka/liga/26_kaminka_leto_A/
WARNING 2026-09-23 22:13:51,734 log Not Found: /kaminka/kaminka/kaminka/liga/26_kaminka_leto_A/
WARNING 2026-09-23 22:13:53,554 log Not Found: /kaminka/kaminka/kaminka/liga/26_kaminka_leto_A/
WARNING 2026-09-23 22:13:57,838 log Not Found: /kaminka/kaminka/kaminka/liga/26_kaminka_leto_A/
INFO 2026-09-23 22:14:04,005 autoreload Watching for file changes with StatReloader
WARNING 2026-09-23 22:14:07,916 log Not Found: /kaminka/kaminka/kaminka/liga/26_kaminka_leto_A/
INFO 2026-09-23 22:14:51,299 autoreload C:\Users\jchar\djangoSport\core\settings.py changed, reloading.
INFO 2026-09-23 22:14:52,861 autoreload Watching for file changes with StatReloader
INFO 2026-09-23 22:14:56,903 autoreload Watching for file changes with StatReloader
WARNING 2026-09-23 22:15:03,952 log Not Found: /kaminka/static/images/kaminka260512.png
WARNING 2026-09-23 22:15:05,821 log Not Found: /kaminka/kaminka/kaminka/liga/26_kaminka_leto_A/
WARNING 2026-09-23 22:15:08,911 log Not Found: /kaminka/kaminka/kaminka/liga/26_kaminka_leto_A/
WARNING 2026-09-23 22:15:14,110 log Not Found: /kaminka/static/images/kaminka260512.png
WARNING 2026-09-23 22:15:15,182 log Not Found: /kaminka/static/images/kaminka260512.png
WARNING 2026-09-23 22:15:15,657 log Not Found: /kaminka/static/images/kaminka260512.png
WARNING 2026-09-23 22:15:16,116 log Not Found: /kaminka/static/images/kaminka260512.png
WARNING 2026-09-23 22:15:16,565 log Not Found: /kaminka/static/images/kaminka260512.png
WARNING 2026-09-23 22:15:16,977 log Not Found: /kaminka/static/images/kaminka260512.png
WARNING 2026-09-23 22:15:22,091 log Not Found: /kaminka/static/images/kaminka260512.png
WARNING 2026-09-23 22:15:58,034 log Not Found: /kaminka/kaminka/kaminka/liga/26_kaminka_leto_A/
WARNING 2026-09-23 22:16:59,017 log Not Found: /kaminka/kaminka/kaminka/liga/26_kaminka_leto_A/
INFO 2026-09-23 22:17:06,463 autoreload Watching for file changes with StatReloader
WARNING 2026-09-23 22:17:11,896 log Not Found: /kaminka/static/images/kaminka260512.png
WARNING 2026-09-23 22:17:13,491 log Not Found: /kaminka/kaminka/kaminka/liga/26_kaminka_leto_A/
INFO 2026-09-23 22:19:24,426 autoreload Watching for file changes with StatReloader
WARNING 2026-09-23 22:19:36,742 log Not Found: /kaminka/static/images/kaminka260512.png
WARNING 2026-09-23 22:19:57,711 log Not Found: /kaminka/kaminka/kaminka/liga/26_kaminka_leto_A/
INFO 2026-09-23 22:24:24,345 autoreload C:\Users\jchar\djangoSport\core\urls.py changed, reloading.
INFO 2026-09-23 22:24:25,907 autoreload Watching for file changes with StatReloader
WARNING 2026-09-23 22:24:31,810 log Not Found: /kaminka/kaminka/kaminka/liga/26_kaminka_leto_A/
WARNING 2026-09-23 22:25:04,097 log Not Found: /kaminka/static/images/kaminka260512.png
WARNING 2026-09-23 22:25:05,779 log Not Found: /kaminka/kaminka/kaminka/liga/26_kaminka_leto_A/
INFO 2026-09-23 22:26:06,009 autoreload Watching for file changes with StatReloader
WARNING 2026-09-23 22:26:13,287 log Not Found: /kaminka/kaminka/kaminka/liga/26_kaminka_leto_A/
WARNING 2026-09-23 22:26:18,555 log Not Found: /kaminka/static/images/kaminka260512.png
WARNING 2026-09-23 22:26:19,721 log Not Found: /kaminka/kaminka/kaminka/liga/26_kaminka_leto_A/
INFO 2026-09-23 22:26:27,628 views Uživatel jchar si prohlíží soutìž: Léto 2026 - A
WARNING 2026-09-23 22:26:30,642 log Not Found: /kaminka/kaminka/kaminka/liga/26_kaminka_leto_C/
WARNING 2026-09-23 22:28:22,928 log Not Found: /kaminka/kaminka/tenis/
WARNING 2026-09-23 22:28:28,839 log Not Found: /kaminka/static/images/kaminka260512.png
WARNING 2026-09-23 22:28:30,462 log Not Found: /kaminka/kaminka/kaminka/liga/26_kaminka_leto_A/
WARNING 2026-09-23 22:31:29,530 log Not Found: /kaminka/kaminka/kaminka/liga/26_kaminka_leto_A/
INFO 2026-09-23 22:34:34,636 autoreload C:\Users\jchar\djangoSport\core\settings.py changed, reloading.
INFO 2026-09-23 22:34:36,273 autoreload Watching for file changes with StatReloader
WARNING 2026-09-23 22:34:40,023 log Not Found: /kaminka/kaminka/kaminka/liga/26_kaminka_leto_A/
WARNING 2026-09-23 22:35:25,565 log Not Found: /kaminka/static/images/kaminka260512.png
WARNING 2026-09-23 22:35:50,943 log Not Found: /kaminka/kaminka/kaminka/liga/26_kaminka_leto_A/
INFO 2026-09-23 22:38:42,635 autoreload C:\Users\jchar\djangoSport\core\urls.py changed, reloading.
INFO 2026-09-23 22:38:44,250 autoreload Watching for file changes with StatReloader
INFO 2026-09-23 22:38:59,741 autoreload C:\Users\jchar\djangoSport\core\urls.py changed, reloading.
INFO 2026-09-23 22:39:01,335 autoreload Watching for file changes with StatReloader
WARNING 2026-09-23 22:39:08,882 log Not Found: /kaminka/kaminka/kaminka/liga/26_kaminka_leto_A/
INFO 2026-09-23 22:40:35,971 autoreload C:\Users\jchar\djangoSport\tenis_app\urls.py changed, reloading.
INFO 2026-09-23 22:40:37,591 autoreload Watching for file changes with StatReloader
WARNING 2026-09-23 22:40:44,633 log Not Found: /kaminka/kaminka/kaminka/liga/26_kaminka_leto_A/
WARNING 2026-09-23 22:44:20,390 log Not Found: /kaminka/kaminka/kaminka/liga/26_kaminka_leto_A/
INFO 2026-09-23 22:46:17,288 autoreload Watching for file changes with StatReloader
WARNING 2026-09-23 22:46:24,539 log Not Found: /kaminka/kaminka/kaminka/liga/26_kaminka_leto_A/
WARNING 2026-09-23 22:47:31,027 log Not Found: /kaminka/kaminka/kaminka/liga/26_kaminka_leto_A/
INFO 2026-09-23 22:47:40,408 autoreload Watching for file changes with StatReloader
WARNING 2026-09-23 22:47:46,138 log Not Found: /kaminka/kaminka/kaminka/liga/26_kaminka_leto_A/
WARNING 2026-09-24 11:17:37,368 log Not Found: /kaminka/kaminka/kaminka/liga/26_kaminka_leto_A/
INFO 2026-09-24 11:22:37,965 autoreload C:\Users\jchar\djangoSport\core\settings.py changed, reloading.
INFO 2026-09-24 11:22:40,779 autoreload Watching for file changes with StatReloader
WARNING 2026-09-24 11:22:45,279 log Not Found: /kaminka/kaminka/liga/26_kaminka_leto_A/
WARNING 2026-09-24 11:22:50,557 log Not Found: /static/images/kaminka260512.png
INFO 2026-09-24 11:22:52,616 views Uživatel jchar si prohlíží soutìž: Léto 2026 - A
INFO 2026-09-24 11:22:56,138 views Uživatel jchar si prohlíží soutìž: Léto 2026 - C
INFO 2026-09-24 11:22:57,609 views Uživatel jchar si prohlíží soutìž: Léto 2026 - D
INFO 2026-09-24 11:22:59,230 views Uživatel jchar si prohlíží soutìž: Léto 2026 - A
INFO 2026-09-24 11:23:01,113 views Uživatel jchar si prohlíží soutìž: Léto 2026 - E
INFO 2026-09-24 11:23:02,552 views Uživatel jchar si prohlíží soutìž: Léto 2026 - B
INFO 2026-09-24 11:30:26,764 autoreload Watching for file changes with StatReloader
INFO 2026-09-24 11:30:27,761 views Uživatel jchar si prohlíží soutìž: Léto 2026 - D
WARNING 2026-09-24 11:30:29,719 log Not Found: /kaminka/kaminka/kaminka/detail/26_kaminka_leto_B/
INFO 2026-09-24 11:30:38,405 autoreload C:\Users\jchar\djangoSport\core\settings.py changed, reloading.
INFO 2026-09-24 11:30:40,064 autoreload Watching for file changes with StatReloader
INFO 2026-09-24 11:30:44,239 views Uživatel jchar si prohlíží soutìž: Léto 2026 - D
INFO 2026-09-24 11:30:45,986 views Uživatel jchar si prohlíží soutìž: Léto 2026 - C
INFO 2026-09-24 11:30:47,504 views Uživatel jchar si prohlíží soutìž: Léto 2026 - B
INFO 2026-09-24 11:35:47,557 autoreload Watching for file changes with StatReloader
INFO 2026-09-24 11:36:00,873 views Uživatel jchar si prohlíží soutìž: Léto 2026 - B
WARNING 2026-09-24 11:36:03,741 log Not Found: /kaminka/kaminka/kaminka/detail/26_kaminka_leto_C/
INFO 2026-09-24 11:41:06,471 autoreload Watching for file changes with StatReloader
INFO 2026-09-24 11:41:14,755 views Uživatel jchar si prohlíží soutìž: Léto 2026 - B
INFO 2026-09-24 11:41:17,433 views Uživatel jchar si prohlíží soutìž: Léto 2026 - D
INFO 2026-09-24 11:41:19,090 views Uživatel jchar si prohlíží soutìž: Léto 2026 - D
INFO 2026-09-24 11:41:20,480 views Uživatel jchar si prohlíží soutìž: Léto 2026 - B
INFO 2026-09-24 11:41:21,592 views Uživatel jchar si prohlíží soutìž: Léto 2026 - D
INFO 2026-09-24 11:45:57,490 autoreload Watching for file changes with StatReloader
INFO 2026-09-24 11:46:06,437 views Uživatel jchar si prohlíží soutìž: Léto 2026 - D
ERROR 2026-09-24 11:46:07,127 log Internal Server Error: /kaminka/detail/26_kaminka_leto_D/
Traceback (most recent call last):
  File "C:\Users\jchar\venv\Lib\site-packages\django\core\handlers\exception.py", line 55, in inner
    response = get_response(request)
  File "C:\Users\jchar\venv\Lib\site-packages\django\core\handlers\base.py", line 197, in _get_response
    response = wrapped_callback(request, *callback_args, **callback_kwargs)
  File "C:\Users\jchar\venv\Lib\site-packages\django\contrib\auth\decorators.py", line 59, in _view_wrapper
    return view_func(request, *args, **kwargs)
  File "C:\Users\jchar\djangoSport\tenis_app\views.py", line 287, in detail_souteze
    return render(request, 'tenis_app/tabulka_5ti_lig.html', context)
  File "C:\Users\jchar\venv\Lib\site-packages\django\shortcuts.py", line 25, in render
    content = loader.render_to_string(template_name, context, request, using=using)
  File "C:\Users\jchar\venv\Lib\site-packages\django\template\loader.py", line 62, in render_to_string
    return template.render(context, request)
           ~~~~~~~~~~~~~~~^^^^^^^^^^^^^^^^^^
  File "C:\Users\jchar\venv\Lib\site-packages\django\template\backends\django.py", line 107, in render
    return self.template.render(context)
           ~~~~~~~~~~~~~~~~~~~~^^^^^^^^^
  File "C:\Users\jchar\venv\Lib\site-packages\django\template\base.py", line 171, in render
    return self._render(context)
           ~~~~~~~~~~~~^^^^^^^^^
  File "C:\Users\jchar\venv\Lib\site-packages\django\template\base.py", line 163, in _render
    return self.nodelist.render(context)
           ~~~~~~~~~~~~~~~~~~~~^^^^^^^^^
  File "C:\Users\jchar\venv\Lib\site-packages\django\template\base.py", line 1016, in render
    return SafeString("".join([node.render_annotated(context) for node in self]))
                               ~~~~~~~~~~~~~~~~~~~~~^^^^^^^^^
  File "C:\Users\jchar\venv\Lib\site-packages\django\template\base.py", line 977, in render_annotated
    return self.render(context)
           ~~~~~~~~~~~^^^^^^^^^
  File "C:\Users\jchar\venv\Lib\site-packages\django\template\loader_tags.py", line 159, in render
    return compiled_parent._render(context)
           ~~~~~~~~~~~~~~~~~~~~~~~^^^^^^^^^
  File "C:\Users\jchar\venv\Lib\site-packages\django\template\base.py", line 163, in _render
    return self.nodelist.render(context)
           ~~~~~~~~~~~~~~~~~~~~^^^^^^^^^
  File "C:\Users\jchar\venv\Lib\site-packages\django\template\base.py", line 1016, in render
    return SafeString("".join([node.render_annotated(context) for node in self]))
                               ~~~~~~~~~~~~~~~~~~~~~^^^^^^^^^
  File "C:\Users\jchar\venv\Lib\site-packages\django\template\base.py", line 977, in render_annotated
    return self.render(context)
           ~~~~~~~~~~~^^^^^^^^^
  File "C:\Users\jchar\venv\Lib\site-packages\django\template\defaulttags.py", line 327, in render
    return nodelist.render(context)
           ~~~~~~~~~~~~~~~^^^^^^^^^
  File "C:\Users\jchar\venv\Lib\site-packages\django\template\base.py", line 1016, in render
    return SafeString("".join([node.render_annotated(context) for node in self]))
                               ~~~~~~~~~~~~~~~~~~~~~^^^^^^^^^
  File "C:\Users\jchar\venv\Lib\site-packages\django\template\base.py", line 977, in render_annotated
    return self.render(context)
           ~~~~~~~~~~~^^^^^^^^^
  File "C:\Users\jchar\venv\Lib\site-packages\django\template\defaulttags.py", line 480, in render
    url = reverse(view_name, args=args, kwargs=kwargs, current_app=current_app)
  File "C:\Users\jchar\venv\Lib\site-packages\django\urls\base.py", line 98, in reverse
    resolved_url = resolver._reverse_with_prefix(view, prefix, *args, **kwargs)
  File "C:\Users\jchar\venv\Lib\site-packages\django\urls\resolvers.py", line 831, in _reverse_with_prefix
    raise NoReverseMatch(msg)
django.urls.exceptions.NoReverseMatch: Reverse for 'zimni_liga_admin' not found. 'zimni_liga_admin' is not a valid view function or pattern name.
INFO 2026-09-24 11:53:48,328 views Uživatel jchar si prohlíží soutìž: Léto 2026 - A
ERROR 2026-09-24 11:53:48,812 log Internal Server Error: /kaminka/detail/26_kaminka_leto_A/
Traceback (most recent call last):
  File "C:\Users\jchar\venv\Lib\site-packages\django\core\handlers\exception.py", line 55, in inner
    response = get_response(request)
  File "C:\Users\jchar\venv\Lib\site-packages\django\core\handlers\base.py", line 197, in _get_response
    response = wrapped_callback(request, *callback_args, **callback_kwargs)
  File "C:\Users\jchar\venv\Lib\site-packages\django\contrib\auth\decorators.py", line 59, in _view_wrapper
    return view_func(request, *args, **kwargs)
  File "C:\Users\jchar\djangoSport\tenis_app\views.py", line 287, in detail_souteze
    return render(request, 'tenis_app/tabulka_5ti_lig.html', context)
  File "C:\Users\jchar\venv\Lib\site-packages\django\shortcuts.py", line 25, in render
    content = loader.render_to_string(template_name, context, request, using=using)
  File "C:\Users\jchar\venv\Lib\site-packages\django\template\loader.py", line 62, in render_to_string
    return template.render(context, request)
           ~~~~~~~~~~~~~~~^^^^^^^^^^^^^^^^^^
  File "C:\Users\jchar\venv\Lib\site-packages\django\template\backends\django.py", line 107, in render
    return self.template.render(context)
           ~~~~~~~~~~~~~~~~~~~~^^^^^^^^^
  File "C:\Users\jchar\venv\Lib\site-packages\django\template\base.py", line 171, in render
    return self._render(context)
           ~~~~~~~~~~~~^^^^^^^^^
  File "C:\Users\jchar\venv\Lib\site-packages\django\template\base.py", line 163, in _render
    return self.nodelist.render(context)
           ~~~~~~~~~~~~~~~~~~~~^^^^^^^^^
  File "C:\Users\jchar\venv\Lib\site-packages\django\template\base.py", line 1016, in render
    return SafeString("".join([node.render_annotated(context) for node in self]))
                               ~~~~~~~~~~~~~~~~~~~~~^^^^^^^^^
  File "C:\Users\jchar\venv\Lib\site-packages\django\template\base.py", line 977, in render_annotated
    return self.render(context)
           ~~~~~~~~~~~^^^^^^^^^
  File "C:\Users\jchar\venv\Lib\site-packages\django\template\loader_tags.py", line 159, in render
    return compiled_parent._render(context)
           ~~~~~~~~~~~~~~~~~~~~~~~^^^^^^^^^
  File "C:\Users\jchar\venv\Lib\site-packages\django\template\base.py", line 163, in _render
    return self.nodelist.render(context)
           ~~~~~~~~~~~~~~~~~~~~^^^^^^^^^
  File "C:\Users\jchar\venv\Lib\site-packages\django\template\base.py", line 1016, in render
    return SafeString("".join([node.render_annotated(context) for node in self]))
                               ~~~~~~~~~~~~~~~~~~~~~^^^^^^^^^
  File "C:\Users\jchar\venv\Lib\site-packages\django\template\base.py", line 977, in render_annotated
    return self.render(context)
           ~~~~~~~~~~~^^^^^^^^^
  File "C:\Users\jchar\venv\Lib\site-packages\django\template\defaulttags.py", line 327, in render
    return nodelist.render(context)
           ~~~~~~~~~~~~~~~^^^^^^^^^
  File "C:\Users\jchar\venv\Lib\site-packages\django\template\base.py", line 1016, in render
    return SafeString("".join([node.render_annotated(context) for node in self]))
                               ~~~~~~~~~~~~~~~~~~~~~^^^^^^^^^
  File "C:\Users\jchar\venv\Lib\site-packages\django\template\base.py", line 977, in render_annotated
    return self.render(context)
           ~~~~~~~~~~~^^^^^^^^^
  File "C:\Users\jchar\venv\Lib\site-packages\django\template\defaulttags.py", line 480, in render
    url = reverse(view_name, args=args, kwargs=kwargs, current_app=current_app)
  File "C:\Users\jchar\venv\Lib\site-packages\django\urls\base.py", line 98, in reverse
    resolved_url = resolver._reverse_with_prefix(view, prefix, *args, **kwargs)
  File "C:\Users\jchar\venv\Lib\site-packages\django\urls\resolvers.py", line 831, in _reverse_with_prefix
    raise NoReverseMatch(msg)
django.urls.exceptions.NoReverseMatch: Reverse for 'zimni_liga_admin' not found. 'zimni_liga_admin' is not a valid view function or pattern name.
INFO 2026-09-24 11:53:56,619 views Uživatel jchar si prohlíží soutìž: Léto 2026 - C
ERROR 2026-09-24 11:53:57,120 log Internal Server Error: /kaminka/detail/26_kaminka_leto_C/
Traceback (most recent call last):
  File "C:\Users\jchar\venv\Lib\site-packages\django\core\handlers\exception.py", line 55, in inner
    response = get_response(request)
  File "C:\Users\jchar\venv\Lib\site-packages\django\core\handlers\base.py", line 197, in _get_response
    response = wrapped_callback(request, *callback_args, **callback_kwargs)
  File "C:\Users\jchar\venv\Lib\site-packages\django\contrib\auth\decorators.py", line 59, in _view_wrapper
    return view_func(request, *args, **kwargs)
  File "C:\Users\jchar\djangoSport\tenis_app\views.py", line 287, in detail_souteze
    return render(request, 'tenis_app/tabulka_5ti_lig.html', context)
  File "C:\Users\jchar\venv\Lib\site-packages\django\shortcuts.py", line 25, in render
    content = loader.render_to_string(template_name, context, request, using=using)
  File "C:\Users\jchar\venv\Lib\site-packages\django\template\loader.py", line 62, in render_to_string
    return template.render(context, request)
           ~~~~~~~~~~~~~~~^^^^^^^^^^^^^^^^^^
  File "C:\Users\jchar\venv\Lib\site-packages\django\template\backends\django.py", line 107, in render
    return self.template.render(context)
           ~~~~~~~~~~~~~~~~~~~~^^^^^^^^^
  File "C:\Users\jchar\venv\Lib\site-packages\django\template\base.py", line 171, in render
    return self._render(context)
           ~~~~~~~~~~~~^^^^^^^^^
  File "C:\Users\jchar\venv\Lib\site-packages\django\template\base.py", line 163, in _render
    return self.nodelist.render(context)
           ~~~~~~~~~~~~~~~~~~~~^^^^^^^^^
  File "C:\Users\jchar\venv\Lib\site-packages\django\template\base.py", line 1016, in render
    return SafeString("".join([node.render_annotated(context) for node in self]))
                               ~~~~~~~~~~~~~~~~~~~~~^^^^^^^^^
  File "C:\Users\jchar\venv\Lib\site-packages\django\template\base.py", line 977, in render_annotated
    return self.render(context)
           ~~~~~~~~~~~^^^^^^^^^
  File "C:\Users\jchar\venv\Lib\site-packages\django\template\loader_tags.py", line 159, in render
    return compiled_parent._render(context)
           ~~~~~~~~~~~~~~~~~~~~~~~^^^^^^^^^
  File "C:\Users\jchar\venv\Lib\site-packages\django\template\base.py", line 163, in _render
    return self.nodelist.render(context)
           ~~~~~~~~~~~~~~~~~~~~^^^^^^^^^
  File "C:\Users\jchar\venv\Lib\site-packages\django\template\base.py", line 1016, in render
    return SafeString("".join([node.render_annotated(context) for node in self]))
                               ~~~~~~~~~~~~~~~~~~~~~^^^^^^^^^
  File "C:\Users\jchar\venv\Lib\site-packages\django\template\base.py", line 977, in render_annotated
    return self.render(context)
           ~~~~~~~~~~~^^^^^^^^^
  File "C:\Users\jchar\venv\Lib\site-packages\django\template\defaulttags.py", line 327, in render
    return nodelist.render(context)
           ~~~~~~~~~~~~~~~^^^^^^^^^
  File "C:\Users\jchar\venv\Lib\site-packages\django\template\base.py", line 1016, in render
    return SafeString("".join([node.render_annotated(context) for node in self]))
                               ~~~~~~~~~~~~~~~~~~~~~^^^^^^^^^
  File "C:\Users\jchar\venv\Lib\site-packages\django\template\base.py", line 977, in render_annotated
    return self.render(context)
           ~~~~~~~~~~~^^^^^^^^^
  File "C:\Users\jchar\venv\Lib\site-packages\django\template\defaulttags.py", line 480, in render
    url = reverse(view_name, args=args, kwargs=kwargs, current_app=current_app)
  File "C:\Users\jchar\venv\Lib\site-packages\django\urls\base.py", line 98, in reverse
    resolved_url = resolver._reverse_with_prefix(view, prefix, *args, **kwargs)
  File "C:\Users\jchar\venv\Lib\site-packages\django\urls\resolvers.py", line 831, in _reverse_with_prefix
    raise NoReverseMatch(msg)
django.urls.exceptions.NoReverseMatch: Reverse for 'zimni_liga_admin' not found. 'zimni_liga_admin' is not a valid view function or pattern name.
INFO 2026-09-24 11:54:00,368 views Uživatel jchar si prohlíží soutìž: Léto 2026 - E
ERROR 2026-09-24 11:54:00,823 log Internal Server Error: /kaminka/detail/26_kaminka_leto_E/
Traceback (most recent call last):
  File "C:\Users\jchar\venv\Lib\site-packages\django\core\handlers\exception.py", line 55, in inner
    response = get_response(request)
  File "C:\Users\jchar\venv\Lib\site-packages\django\core\handlers\base.py", line 197, in _get_response
    response = wrapped_callback(request, *callback_args, **callback_kwargs)
  File "C:\Users\jchar\venv\Lib\site-packages\django\contrib\auth\decorators.py", line 59, in _view_wrapper
    return view_func(request, *args, **kwargs)
  File "C:\Users\jchar\djangoSport\tenis_app\views.py", line 287, in detail_souteze
    return render(request, 'tenis_app/tabulka_5ti_lig.html', context)
  File "C:\Users\jchar\venv\Lib\site-packages\django\shortcuts.py", line 25, in render
    content = loader.render_to_string(template_name, context, request, using=using)
  File "C:\Users\jchar\venv\Lib\site-packages\django\template\loader.py", line 62, in render_to_string
    return template.render(context, request)
           ~~~~~~~~~~~~~~~^^^^^^^^^^^^^^^^^^
  File "C:\Users\jchar\venv\Lib\site-packages\django\template\backends\django.py", line 107, in render
    return self.template.render(context)
           ~~~~~~~~~~~~~~~~~~~~^^^^^^^^^
  File "C:\Users\jchar\venv\Lib\site-packages\django\template\base.py", line 171, in render
    return self._render(context)
           ~~~~~~~~~~~~^^^^^^^^^
  File "C:\Users\jchar\venv\Lib\site-packages\django\template\base.py", line 163, in _render
    return self.nodelist.render(context)
           ~~~~~~~~~~~~~~~~~~~~^^^^^^^^^
  File "C:\Users\jchar\venv\Lib\site-packages\django\template\base.py", line 1016, in render
    return SafeString("".join([node.render_annotated(context) for node in self]))
                               ~~~~~~~~~~~~~~~~~~~~~^^^^^^^^^
  File "C:\Users\jchar\venv\Lib\site-packages\django\template\base.py", line 977, in render_annotated
    return self.render(context)
           ~~~~~~~~~~~^^^^^^^^^
  File "C:\Users\jchar\venv\Lib\site-packages\django\template\loader_tags.py", line 159, in render
    return compiled_parent._render(context)
           ~~~~~~~~~~~~~~~~~~~~~~~^^^^^^^^^
  File "C:\Users\jchar\venv\Lib\site-packages\django\template\base.py", line 163, in _render
    return self.nodelist.render(context)
           ~~~~~~~~~~~~~~~~~~~~^^^^^^^^^
  File "C:\Users\jchar\venv\Lib\site-packages\django\template\base.py", line 1016, in render
    return SafeString("".join([node.render_annotated(context) for node in self]))
                               ~~~~~~~~~~~~~~~~~~~~~^^^^^^^^^
  File "C:\Users\jchar\venv\Lib\site-packages\django\template\base.py", line 977, in render_annotated
    return self.render(context)
           ~~~~~~~~~~~^^^^^^^^^
  File "C:\Users\jchar\venv\Lib\site-packages\django\template\defaulttags.py", line 327, in render
    return nodelist.render(context)
           ~~~~~~~~~~~~~~~^^^^^^^^^
  File "C:\Users\jchar\venv\Lib\site-packages\django\template\base.py", line 1016, in render
    return SafeString("".join([node.render_annotated(context) for node in self]))
                               ~~~~~~~~~~~~~~~~~~~~~^^^^^^^^^
  File "C:\Users\jchar\venv\Lib\site-packages\django\template\base.py", line 977, in render_annotated
    return self.render(context)
           ~~~~~~~~~~~^^^^^^^^^
  File "C:\Users\jchar\venv\Lib\site-packages\django\template\defaulttags.py", line 480, in render
    url = reverse(view_name, args=args, kwargs=kwargs, current_app=current_app)
  File "C:\Users\jchar\venv\Lib\site-packages\django\urls\base.py", line 98, in reverse
    resolved_url = resolver._reverse_with_prefix(view, prefix, *args, **kwargs)
  File "C:\Users\jchar\venv\Lib\site-packages\django\urls\resolvers.py", line 831, in _reverse_with_prefix
    raise NoReverseMatch(msg)
django.urls.exceptions.NoReverseMatch: Reverse for 'zimni_liga_admin' not found. 'zimni_liga_admin' is not a valid view function or pattern name.
INFO 2026-09-24 11:54:40,869 views Uživatel jchar si prohlíží soutìž: Léto 2026 - C
ERROR 2026-09-24 11:54:41,375 log Internal Server Error: /kaminka/detail/26_kaminka_leto_C/
Traceback (most recent call last):
  File "C:\Users\jchar\venv\Lib\site-packages\django\core\handlers\exception.py", line 55, in inner
    response = get_response(request)
  File "C:\Users\jchar\venv\Lib\site-packages\django\core\handlers\base.py", line 197, in _get_response
    response = wrapped_callback(request, *callback_args, **callback_kwargs)
  File "C:\Users\jchar\venv\Lib\site-packages\django\contrib\auth\decorators.py", line 59, in _view_wrapper
    return view_func(request, *args, **kwargs)
  File "C:\Users\jchar\djangoSport\tenis_app\views.py", line 287, in detail_souteze
    return render(request, 'tenis_app/tabulka_5ti_lig.html', context)
  File "C:\Users\jchar\venv\Lib\site-packages\django\shortcuts.py", line 25, in render
    content = loader.render_to_string(template_name, context, request, using=using)
  File "C:\Users\jchar\venv\Lib\site-packages\django\template\loader.py", line 62, in render_to_string
    return template.render(context, request)
           ~~~~~~~~~~~~~~~^^^^^^^^^^^^^^^^^^
  File "C:\Users\jchar\venv\Lib\site-packages\django\template\backends\django.py", line 107, in render
    return self.template.render(context)
           ~~~~~~~~~~~~~~~~~~~~^^^^^^^^^
  File "C:\Users\jchar\venv\Lib\site-packages\django\template\base.py", line 171, in render
    return self._render(context)
           ~~~~~~~~~~~~^^^^^^^^^
  File "C:\Users\jchar\venv\Lib\site-packages\django\template\base.py", line 163, in _render
    return self.nodelist.render(context)
           ~~~~~~~~~~~~~~~~~~~~^^^^^^^^^
  File "C:\Users\jchar\venv\Lib\site-packages\django\template\base.py", line 1016, in render
    return SafeString("".join([node.render_annotated(context) for node in self]))
                               ~~~~~~~~~~~~~~~~~~~~~^^^^^^^^^
  File "C:\Users\jchar\venv\Lib\site-packages\django\template\base.py", line 977, in render_annotated
    return self.render(context)
           ~~~~~~~~~~~^^^^^^^^^
  File "C:\Users\jchar\venv\Lib\site-packages\django\template\loader_tags.py", line 159, in render
    return compiled_parent._render(context)
           ~~~~~~~~~~~~~~~~~~~~~~~^^^^^^^^^
  File "C:\Users\jchar\venv\Lib\site-packages\django\template\base.py", line 163, in _render
    return self.nodelist.render(context)
           ~~~~~~~~~~~~~~~~~~~~^^^^^^^^^
  File "C:\Users\jchar\venv\Lib\site-packages\django\template\base.py", line 1016, in render
    return SafeString("".join([node.render_annotated(context) for node in self]))
                               ~~~~~~~~~~~~~~~~~~~~~^^^^^^^^^
  File "C:\Users\jchar\venv\Lib\site-packages\django\template\base.py", line 977, in render_annotated
    return self.render(context)
           ~~~~~~~~~~~^^^^^^^^^
  File "C:\Users\jchar\venv\Lib\site-packages\django\template\defaulttags.py", line 327, in render
    return nodelist.render(context)
           ~~~~~~~~~~~~~~~^^^^^^^^^
  File "C:\Users\jchar\venv\Lib\site-packages\django\template\base.py", line 1016, in render
    return SafeString("".join([node.render_annotated(context) for node in self]))
                               ~~~~~~~~~~~~~~~~~~~~~^^^^^^^^^
  File "C:\Users\jchar\venv\Lib\site-packages\django\template\base.py", line 977, in render_annotated
    return self.render(context)
           ~~~~~~~~~~~^^^^^^^^^
  File "C:\Users\jchar\venv\Lib\site-packages\django\template\defaulttags.py", line 480, in render
    url = reverse(view_name, args=args, kwargs=kwargs, current_app=current_app)
  File "C:\Users\jchar\venv\Lib\site-packages\django\urls\base.py", line 98, in reverse
    resolved_url = resolver._reverse_with_prefix(view, prefix, *args, **kwargs)
  File "C:\Users\jchar\venv\Lib\site-packages\django\urls\resolvers.py", line 831, in _reverse_with_prefix
    raise NoReverseMatch(msg)
django.urls.exceptions.NoReverseMatch: Reverse for 'zimni_liga_admin' not found. 'zimni_liga_admin' is not a valid view function or pattern name.
INFO 2026-09-24 11:54:43,503 views Uživatel jchar si prohlíží soutìž: Léto 2026 - C
ERROR 2026-09-24 11:54:43,974 log Internal Server Error: /kaminka/detail/26_kaminka_leto_C/
Traceback (most recent call last):
  File "C:\Users\jchar\venv\Lib\site-packages\django\core\handlers\exception.py", line 55, in inner
    response = get_response(request)
  File "C:\Users\jchar\venv\Lib\site-packages\django\core\handlers\base.py", line 197, in _get_response
    response = wrapped_callback(request, *callback_args, **callback_kwargs)
  File "C:\Users\jchar\venv\Lib\site-packages\django\contrib\auth\decorators.py", line 59, in _view_wrapper
    return view_func(request, *args, **kwargs)
  File "C:\Users\jchar\djangoSport\tenis_app\views.py", line 287, in detail_souteze
    return render(request, 'tenis_app/tabulka_5ti_lig.html', context)
  File "C:\Users\jchar\venv\Lib\site-packages\django\shortcuts.py", line 25, in render
    content = loader.render_to_string(template_name, context, request, using=using)
  File "C:\Users\jchar\venv\Lib\site-packages\django\template\loader.py", line 62, in render_to_string
    return template.render(context, request)
           ~~~~~~~~~~~~~~~^^^^^^^^^^^^^^^^^^
  File "C:\Users\jchar\venv\Lib\site-packages\django\template\backends\django.py", line 107, in render
    return self.template.render(context)
           ~~~~~~~~~~~~~~~~~~~~^^^^^^^^^
  File "C:\Users\jchar\venv\Lib\site-packages\django\template\base.py", line 171, in render
    return self._render(context)
           ~~~~~~~~~~~~^^^^^^^^^
  File "C:\Users\jchar\venv\Lib\site-packages\django\template\base.py", line 163, in _render
    return self.nodelist.render(context)
           ~~~~~~~~~~~~~~~~~~~~^^^^^^^^^
  File "C:\Users\jchar\venv\Lib\site-packages\django\template\base.py", line 1016, in render
    return SafeString("".join([node.render_annotated(context) for node in self]))
                               ~~~~~~~~~~~~~~~~~~~~~^^^^^^^^^
  File "C:\Users\jchar\venv\Lib\site-packages\django\template\base.py", line 977, in render_annotated
    return self.render(context)
           ~~~~~~~~~~~^^^^^^^^^
  File "C:\Users\jchar\venv\Lib\site-packages\django\template\loader_tags.py", line 159, in render
    return compiled_parent._render(context)
           ~~~~~~~~~~~~~~~~~~~~~~~^^^^^^^^^
  File "C:\Users\jchar\venv\Lib\site-packages\django\template\base.py", line 163, in _render
    return self.nodelist.render(context)
           ~~~~~~~~~~~~~~~~~~~~^^^^^^^^^
  File "C:\Users\jchar\venv\Lib\site-packages\django\template\base.py", line 1016, in render
    return SafeString("".join([node.render_annotated(context) for node in self]))
                               ~~~~~~~~~~~~~~~~~~~~~^^^^^^^^^
  File "C:\Users\jchar\venv\Lib\site-packages\django\template\base.py", line 977, in render_annotated
    return self.render(context)
           ~~~~~~~~~~~^^^^^^^^^
  File "C:\Users\jchar\venv\Lib\site-packages\django\template\defaulttags.py", line 327, in render
    return nodelist.render(context)
           ~~~~~~~~~~~~~~~^^^^^^^^^
  File "C:\Users\jchar\venv\Lib\site-packages\django\template\base.py", line 1016, in render
    return SafeString("".join([node.render_annotated(context) for node in self]))
                               ~~~~~~~~~~~~~~~~~~~~~^^^^^^^^^
  File "C:\Users\jchar\venv\Lib\site-packages\django\template\base.py", line 977, in render_annotated
    return self.render(context)
           ~~~~~~~~~~~^^^^^^^^^
  File "C:\Users\jchar\venv\Lib\site-packages\django\template\defaulttags.py", line 480, in render
    url = reverse(view_name, args=args, kwargs=kwargs, current_app=current_app)
  File "C:\Users\jchar\venv\Lib\site-packages\django\urls\base.py", line 98, in reverse
    resolved_url = resolver._reverse_with_prefix(view, prefix, *args, **kwargs)
  File "C:\Users\jchar\venv\Lib\site-packages\django\urls\resolvers.py", line 831, in _reverse_with_prefix
    raise NoReverseMatch(msg)
django.urls.exceptions.NoReverseMatch: Reverse for 'zimni_liga_admin' not found. 'zimni_liga_admin' is not a valid view function or pattern name.
INFO 2026-09-24 11:54:47,198 views Uživatel jchar si prohlíží soutìž: Léto 2026 - D
ERROR 2026-09-24 11:54:47,734 log Internal Server Error: /kaminka/detail/26_kaminka_leto_D/
Traceback (most recent call last):
  File "C:\Users\jchar\venv\Lib\site-packages\django\core\handlers\exception.py", line 55, in inner
    response = get_response(request)
  File "C:\Users\jchar\venv\Lib\site-packages\django\core\handlers\base.py", line 197, in _get_response
    response = wrapped_callback(request, *callback_args, **callback_kwargs)
  File "C:\Users\jchar\venv\Lib\site-packages\django\contrib\auth\decorators.py", line 59, in _view_wrapper
    return view_func(request, *args, **kwargs)
  File "C:\Users\jchar\djangoSport\tenis_app\views.py", line 287, in detail_souteze
    return render(request, 'tenis_app/tabulka_5ti_lig.html', context)
  File "C:\Users\jchar\venv\Lib\site-packages\django\shortcuts.py", line 25, in render
    content = loader.render_to_string(template_name, context, request, using=using)
  File "C:\Users\jchar\venv\Lib\site-packages\django\template\loader.py", line 62, in render_to_string
    return template.render(context, request)
           ~~~~~~~~~~~~~~~^^^^^^^^^^^^^^^^^^
  File "C:\Users\jchar\venv\Lib\site-packages\django\template\backends\django.py", line 107, in render
    return self.template.render(context)
           ~~~~~~~~~~~~~~~~~~~~^^^^^^^^^
  File "C:\Users\jchar\venv\Lib\site-packages\django\template\base.py", line 171, in render
    return self._render(context)
           ~~~~~~~~~~~~^^^^^^^^^
  File "C:\Users\jchar\venv\Lib\site-packages\django\template\base.py", line 163, in _render
    return self.nodelist.render(context)
           ~~~~~~~~~~~~~~~~~~~~^^^^^^^^^
  File "C:\Users\jchar\venv\Lib\site-packages\django\template\base.py", line 1016, in render
    return SafeString("".join([node.render_annotated(context) for node in self]))
                               ~~~~~~~~~~~~~~~~~~~~~^^^^^^^^^
  File "C:\Users\jchar\venv\Lib\site-packages\django\template\base.py", line 977, in render_annotated
    return self.render(context)
           ~~~~~~~~~~~^^^^^^^^^
  File "C:\Users\jchar\venv\Lib\site-packages\django\template\loader_tags.py", line 159, in render
    return compiled_parent._render(context)
           ~~~~~~~~~~~~~~~~~~~~~~~^^^^^^^^^
  File "C:\Users\jchar\venv\Lib\site-packages\django\template\base.py", line 163, in _render
    return self.nodelist.render(context)
           ~~~~~~~~~~~~~~~~~~~~^^^^^^^^^
  File "C:\Users\jchar\venv\Lib\site-packages\django\template\base.py", line 1016, in render
    return SafeString("".join([node.render_annotated(context) for node in self]))
                               ~~~~~~~~~~~~~~~~~~~~~^^^^^^^^^
  File "C:\Users\jchar\venv\Lib\site-packages\django\template\base.py", line 977, in render_annotated
    return self.render(context)
           ~~~~~~~~~~~^^^^^^^^^
  File "C:\Users\jchar\venv\Lib\site-packages\django\template\defaulttags.py", line 327, in render
    return nodelist.render(context)
           ~~~~~~~~~~~~~~~^^^^^^^^^
  File "C:\Users\jchar\venv\Lib\site-packages\django\template\base.py", line 1016, in render
    return SafeString("".join([node.render_annotated(context) for node in self]))
                               ~~~~~~~~~~~~~~~~~~~~~^^^^^^^^^
  File "C:\Users\jchar\venv\Lib\site-packages\django\template\base.py", line 977, in render_annotated
    return self.render(context)
           ~~~~~~~~~~~^^^^^^^^^
  File "C:\Users\jchar\venv\Lib\site-packages\django\template\defaulttags.py", line 480, in render
    url = reverse(view_name, args=args, kwargs=kwargs, current_app=current_app)
  File "C:\Users\jchar\venv\Lib\site-packages\django\urls\base.py", line 98, in reverse
    resolved_url = resolver._reverse_with_prefix(view, prefix, *args, **kwargs)
  File "C:\Users\jchar\venv\Lib\site-packages\django\urls\resolvers.py", line 831, in _reverse_with_prefix
    raise NoReverseMatch(msg)
django.urls.exceptions.NoReverseMatch: Reverse for 'zimni_liga_admin' not found. 'zimni_liga_admin' is not a valid view function or pattern name.
INFO 2026-09-24 11:55:20,764 views Uživatel jchar si prohlíží soutìž: Léto 2026 - B
INFO 2026-09-24 11:55:22,533 views Uživatel jchar si prohlíží soutìž: Léto 2026 - C
INFO 2026-09-24 11:55:23,869 views Uživatel jchar si prohlíží soutìž: Léto 2026 - D
INFO 2026-09-24 11:55:25,780 views Uživatel jchar si prohlíží soutìž: Léto 2026 - A
INFO 2026-09-24 12:00:36,145 views Uživatel jchar si prohlíží soutìž: Léto 2026 - A
INFO 2026-09-24 13:56:10,702 views Uživatel jchar si prohlíží soutìž: Léto 2026 - A
INFO 2026-09-24 13:56:14,628 views Uživatel jchar si prohlíží soutìž: Léto 2026 - C
INFO 2026-09-24 13:56:17,481 views Uživatel jchar si prohlíží soutìž: Léto 2026 - B
INFO 2026-09-24 13:59:48,496 views Uživatel jchar si prohlíží soutìž: Léto 2026 - B
INFO 2026-09-24 13:59:50,498 views Uživatel jchar si prohlíží soutìž: Zima 26/27 - A
INFO 2026-09-24 14:08:53,881 views Uživatel jchar si prohlíží soutìž: Zima 26/27 - A
INFO 2026-09-24 14:09:23,536 views Uživatel jchar si prohlíží soutìž: Zima 26/27 - A
INFO 2026-09-24 14:09:24,973 views Uživatel jchar si prohlíží soutìž: Léto 2026 - B
INFO 2026-09-24 14:09:26,741 views Uživatel jchar si prohlíží soutìž: Zima 26/27 - A
INFO 2026-09-24 14:11:12,072 views Uživatel jchar si prohlíží soutìž: Zima 26/27 - A
WARNING 2026-09-24 14:11:13,835 log Not Found: /kaminka/detail/27_kaminka_zima_D/
INFO 2026-09-24 14:11:24,946 views Uživatel jchar si prohlíží soutìž: Léto 2026 - A
INFO 2026-09-24 14:15:16,167 autoreload C:\Users\jchar\djangoSport\tenis_app\admin.py changed, reloading.
INFO 2026-09-24 14:15:17,894 autoreload Watching for file changes with StatReloader
INFO 2026-09-24 14:17:16,595 autoreload Watching for file changes with StatReloader
INFO 2026-09-24 14:17:26,806 views Uživatel jchar si prohlíží soutìž: Léto 2026 - A
INFO 2026-09-24 14:17:31,564 views Uživatel jchar si prohlíží soutìž: Zima 25/26 - A
INFO 2026-09-24 21:26:26,780 autoreload Watching for file changes with StatReloader
WARNING 2026-09-24 21:26:31,532 log Not Found: /kaminka/tenis/
WARNING 2026-09-24 21:26:34,283 log Not Found: /kaminka/tenis/
INFO 2026-09-24 21:26:58,756 views Uživatel jchar si prohlíží soutìž: Léto 2026 - A
WARNING 2026-09-24 21:27:40,318 log Not Found: /kaminka/detail/27_kaminka_zima_B/
INFO 2026-09-24 21:27:44,977 views Uživatel jchar si prohlíží soutìž: Zima 26/27 - A
WARNING 2026-09-24 21:27:47,053 log Not Found: /kaminka/detail/27_kaminka_zima_B/
INFO 2026-09-24 21:27:51,597 views Uživatel jchar si prohlíží soutìž: Léto 2026 - B
INFO 2026-09-24 21:29:05,876 views Uživatel jchar si prohlíží soutìž: Léto 2026 - A
INFO 2026-09-24 21:29:08,876 views Uživatel jchar si prohlíží soutìž: Zima 26/27 - B
INFO 2026-09-24 21:29:10,909 views Uživatel jchar si prohlíží soutìž: Zima 26/27 - C
INFO 2026-09-24 21:29:12,694 views Uživatel jchar si prohlíží soutìž: Zima 26/27 - D
INFO 2026-09-24 21:29:14,203 views Uživatel jchar si prohlíží soutìž: Zima 25/26 - A
INFO 2026-09-24 21:32:42,986 views Uživatel jchar si prohlíží soutìž: Zima 25/26 - A
INFO 2026-09-24 21:33:25,786 views Uživatel jchar si prohlíží soutìž: Zima 25/26 - A
INFO 2026-09-24 21:33:46,658 views Uživatel jchar si prohlíží soutìž: Zima 25/26 - A
INFO 2026-09-24 21:33:48,200 views Uživatel jchar si prohlíží soutìž: Zima 26/27 - B
INFO 2026-09-24 21:33:50,241 views Uživatel jchar si prohlíží soutìž: Zima 26/27 - C
INFO 2026-09-24 21:33:51,249 views Uživatel jchar si prohlíží soutìž: Zima 26/27 - D
ERROR 2026-09-24 21:34:11,238 log Internal Server Error: /kaminka/admin-tools/
Traceback (most recent call last):
  File "C:\Users\jchar\venv\Lib\site-packages\django\core\handlers\exception.py", line 55, in inner
    response = get_response(request)
  File "C:\Users\jchar\venv\Lib\site-packages\django\core\handlers\base.py", line 197, in _get_response
    response = wrapped_callback(request, *callback_args, **callback_kwargs)
  File "C:\Users\jchar\venv\Lib\site-packages\django\contrib\auth\decorators.py", line 59, in _view_wrapper
    return view_func(request, *args, **kwargs)
  File "C:\Users\jchar\djangoSport\tenis_app\views.py", line 645, in admin_tools_view
    return render(request, 'tenis_app:admin_tools.html')
  File "C:\Users\jchar\venv\Lib\site-packages\django\shortcuts.py", line 25, in render
    content = loader.render_to_string(template_name, context, request, using=using)
  File "C:\Users\jchar\venv\Lib\site-packages\django\template\loader.py", line 61, in render_to_string
    template = get_template(template_name, using=using)
  File "C:\Users\jchar\venv\Lib\site-packages\django\template\loader.py", line 19, in get_template
    raise TemplateDoesNotExist(template_name, chain=chain)
django.template.exceptions.TemplateDoesNotExist: tenis_app:admin_tools.html
ERROR 2026-09-24 21:35:11,062 log Internal Server Error: /kaminka/admin-tools/
Traceback (most recent call last):
  File "C:\Users\jchar\venv\Lib\site-packages\django\core\handlers\exception.py", line 55, in inner
    response = get_response(request)
  File "C:\Users\jchar\venv\Lib\site-packages\django\core\handlers\base.py", line 197, in _get_response
    response = wrapped_callback(request, *callback_args, **callback_kwargs)
  File "C:\Users\jchar\venv\Lib\site-packages\django\contrib\auth\decorators.py", line 59, in _view_wrapper
    return view_func(request, *args, **kwargs)
  File "C:\Users\jchar\djangoSport\tenis_app\views.py", line 645, in admin_tools_view
    return render(request, 'tenis_app:admin_tools.html')
  File "C:\Users\jchar\venv\Lib\site-packages\django\shortcuts.py", line 25, in render
    content = loader.render_to_string(template_name, context, request, using=using)
  File "C:\Users\jchar\venv\Lib\site-packages\django\template\loader.py", line 61, in render_to_string
    template = get_template(template_name, using=using)
  File "C:\Users\jchar\venv\Lib\site-packages\django\template\loader.py", line 19, in get_template
    raise TemplateDoesNotExist(template_name, chain=chain)
django.template.exceptions.TemplateDoesNotExist: tenis_app:admin_tools.html
ERROR 2026-09-24 21:38:35,627 log Internal Server Error: /kaminka/admin-tools/
Traceback (most recent call last):
  File "C:\Users\jchar\venv\Lib\site-packages\django\core\handlers\exception.py", line 55, in inner
    response = get_response(request)
  File "C:\Users\jchar\venv\Lib\site-packages\django\core\handlers\base.py", line 197, in _get_response
    response = wrapped_callback(request, *callback_args, **callback_kwargs)
  File "C:\Users\jchar\venv\Lib\site-packages\django\contrib\auth\decorators.py", line 59, in _view_wrapper
    return view_func(request, *args, **kwargs)
  File "C:\Users\jchar\djangoSport\tenis_app\views.py", line 645, in admin_tools_view
    return render(request, 'tenis_app:admin_tools.html')
  File "C:\Users\jchar\venv\Lib\site-packages\django\shortcuts.py", line 25, in render
    content = loader.render_to_string(template_name, context, request, using=using)
  File "C:\Users\jchar\venv\Lib\site-packages\django\template\loader.py", line 61, in render_to_string
    template = get_template(template_name, using=using)
  File "C:\Users\jchar\venv\Lib\site-packages\django\template\loader.py", line 19, in get_template
    raise TemplateDoesNotExist(template_name, chain=chain)
django.template.exceptions.TemplateDoesNotExist: tenis_app:admin_tools.html
INFO 2026-09-24 21:49:27,219 autoreload C:\Users\jchar\djangoSport\tenis_app\views.py changed, reloading.
INFO 2026-09-24 21:49:30,530 autoreload Watching for file changes with StatReloader
INFO 2026-09-24 21:50:05,832 views Uživatel jchar si prohlíží soutìž: Zima 26/27 - A
INFO 2026-09-24 21:50:11,302 views Uživatel jchar si prohlíží soutìž: Zima 26/27 - B
INFO 2026-09-24 21:50:12,751 views Uživatel jchar si prohlíží soutìž: Zima 26/27 - C
INFO 2026-09-24 21:50:14,079 views Uživatel jchar si prohlíží soutìž: Zima 26/27 - D
INFO 2026-09-24 21:50:15,518 views Uživatel jchar si prohlíží soutìž: Léto 2026 - A
INFO 2026-09-24 21:50:21,869 views Uživatel jchar si prohlíží soutìž: Léto 2026 - B
INFO 2026-09-24 22:08:45,034 autoreload C:\Users\jchar\djangoSport\tenis_app\views.py changed, reloading.
INFO 2026-09-24 22:08:48,211 autoreload Watching for file changes with StatReloader
INFO 2026-09-24 22:10:05,110 views Uživatel jchar si prohlíží soutìž: Léto 2026 - B
INFO 2026-09-24 22:10:33,832 views Uživatel jchar si prohlíží soutìž: Zima 25/26 - A
INFO 2026-09-24 22:10:37,293 views Uživatel jchar si prohlíží soutìž: Zima 26/27 - B
INFO 2026-09-24 22:10:39,511 views Uživatel jchar si prohlíží soutìž: Zima 26/27 - C
INFO 2026-09-24 22:10:40,684 views Uživatel jchar si prohlíží soutìž: Zima 26/27 - D
INFO 2026-09-24 22:10:53,390 views Uživatel jchar si prohlíží soutìž: Léto 2026 - A
INFO 2026-09-24 22:10:58,863 views Uživatel jchar si prohlíží soutìž: Zima 26/27 - A
INFO 2026-09-24 22:11:01,461 views Uživatel jchar si prohlíží soutìž: Zima 26/27 - C
INFO 2026-09-24 22:11:02,998 views Uživatel jchar si prohlíží soutìž: Zima 25/26 - A
INFO 2026-09-24 22:11:05,384 views Uživatel jchar si prohlíží soutìž: Zima 26/27 - B
INFO 2026-09-24 22:11:07,010 views Uživatel jchar si prohlíží soutìž: Zima 26/27 - C
INFO 2026-09-24 22:11:38,109 views Uživatel jchar si prohlíží soutìž: Zima 26/27 - A
INFO 2026-09-24 22:12:05,237 views Uživatel jchar si prohlíží soutìž: Zima 26/27 - B
INFO 2026-09-24 22:12:07,054 views Uživatel jchar si prohlíží soutìž: Zima 25/26 - A
INFO 2026-09-24 22:12:10,299 views Uživatel jchar si prohlíží soutìž: Zima 26/27 - A
INFO 2026-09-24 22:13:34,509 views --- START DIAGNOSTIKY PÁROVÁNÍ ---
INFO 2026-09-24 22:13:34,518 views SKIP: Hráè 'Petr VODVÁØKA' už uživatele má.
INFO 2026-09-24 22:13:34,524 views SKIP: Hráè 'Daniel KRÁL' už uživatele má.
INFO 2026-09-24 22:13:34,527 views SKIP: Hráè 'Vojtìch MAHELKA' už uživatele má.
INFO 2026-09-24 22:13:34,529 views SKIP: Hráè 'Jiøí KRAUS' už uživatele má.
INFO 2026-09-24 22:13:34,531 views SKIP: Hráè 'Jiøí CHAROUSEK' už uživatele má.
INFO 2026-09-24 22:13:34,534 views SKIP: Hráè 'Martin BALCÁREK' už uživatele má.
INFO 2026-09-24 22:13:34,537 views SKIP: Hráè 'Anna MAHELKOVÁ' už uživatele má.
INFO 2026-09-24 22:13:34,539 views SKIP: Hráè 'Klára WANTULOK' už uživatele má.
INFO 2026-09-24 22:13:34,541 views SKIP: Hráè 'Dominik ZMEŠKAL' už uživatele má.
INFO 2026-09-24 22:13:34,543 views SKIP: Hráè 'Ondøej BRANT' už uživatele má.
INFO 2026-09-24 22:13:34,546 views SKIP: Hráè 'Martin BUKÁÈEK' už uživatele má.
INFO 2026-09-24 22:13:34,548 views SKIP: Hráè 'Michal GÁBRLE' už uživatele má.
INFO 2026-09-24 22:13:34,553 views SKIP: Hráè 'Miroslav SIEDEM' už uživatele má.
INFO 2026-09-24 22:13:34,555 views SKIP: Hráè 'Radek LÁSKA' už uživatele má.
INFO 2026-09-24 22:13:34,557 views SKIP: Hráè 'Michal PODZIMEK' už uživatele má.
INFO 2026-09-24 22:13:34,564 views SKIP: Hráè 'Tomáš HORÈIÈKA' už uživatele má.
INFO 2026-09-24 22:13:34,568 views SKIP: Hráè 'Boris NESTRAŠIL' už uživatele má.
INFO 2026-09-24 22:13:34,571 views SKIP: Hráè 'Ivan GAÈ' už uživatele má.
INFO 2026-09-24 22:13:34,573 views SKIP: Hráè 'Jaroslav MÁCHA' už uživatele má.
INFO 2026-09-24 22:13:34,578 views SKIP: Hráè 'Tomáš DOLEŽAL' už uživatele má.
INFO 2026-09-24 22:13:34,580 views SKIP: Hráè 'Petr JANDOVSKÝ' už uživatele má.
INFO 2026-09-24 22:13:34,583 views SKIP: Hráè 'Miroslav ŠTEMBERK' už uživatele má.
INFO 2026-09-24 22:13:34,586 views SKIP: Hráè 'Šimon HRUBÝ' už uživatele má.
INFO 2026-09-24 22:13:34,588 views SKIP: Hráè 'Josef AUGUSTA' už uživatele má.
INFO 2026-09-24 22:13:34,590 views SKIP: Hráè 'Oto KLÍMA' už uživatele má.
INFO 2026-09-24 22:13:34,593 views SKIP: Hráè 'Karel VLÈEK' už uživatele má.
INFO 2026-09-24 22:13:34,595 views SKIP: Hráè 'Michal ZMEŠKAL' už uživatele má.
INFO 2026-09-24 22:13:34,598 views SKIP: Hráè 'Svatopluk SÝKORA' už uživatele má.
INFO 2026-09-24 22:13:34,602 views SKIP: Hráè 'Robert HRUBÝ' už uživatele má.
INFO 2026-09-24 22:13:34,605 views SKIP: Hráè 'Ondøej HLOUPÝ' už uživatele má.
INFO 2026-09-24 22:13:34,607 views SKIP: Hráè 'Jan ŽIDLICKÝ' už uživatele má.
INFO 2026-09-24 22:13:34,609 views SKIP: Hráè 'David KREMLÍK' už uživatele má.
INFO 2026-09-24 22:13:34,612 views SKIP: Hráè 'Karel MAHELKA' už uživatele má.
INFO 2026-09-24 22:13:34,615 views SKIP: Hráè 'Daniel PADEVÌT' už uživatele má.
INFO 2026-09-24 22:13:34,618 views SKIP: Hráè 'Jakub ŽIDLICKÝ' už uživatele má.
INFO 2026-09-24 22:13:34,621 views SKIP: Hráè 'Dušan ZENÁHLÍK' už uživatele má.
INFO 2026-09-24 22:13:34,623 views SKIP: Hráè 'Jiøí CHLOUBA' už uživatele má.
INFO 2026-09-24 22:13:34,625 views SKIP: Hráè 'Petr HOVORKA' už uživatele má.
INFO 2026-09-24 22:13:34,627 views SKIP: Hráè 'Petr ŠIMONÍÈEK' už uživatele má.
INFO 2026-09-24 22:13:34,630 views SKIP: Hráè 'Adam GAÈ' už uživatele má.
INFO 2026-09-24 22:13:34,632 views SKIP: Hráè 'František KARDOŠ' už uživatele má.
INFO 2026-09-24 22:13:34,635 views SKIP: Hráè 'Lukáš TICHÝ' už uživatele má.
INFO 2026-09-24 22:13:34,637 views SKIP: Hráè 'Milan KOUDELKA' už uživatele má.
INFO 2026-09-24 22:13:34,640 views SKIP: Hráè 'Jana BECHOVÁ' už uživatele má.
INFO 2026-09-24 22:13:34,642 views SKIP: Hráè 'Petr KUNZMANN' už uživatele má.
INFO 2026-09-24 22:13:34,644 views SKIP: Hráè 'Jaroslav HERODES' už uživatele má.
INFO 2026-09-24 22:13:34,646 views SKIP: Hráè 'Jan ŠEVÈÍK' už uživatele má.
INFO 2026-09-24 22:13:34,649 views SKIP: Hráè 'Stanislav ØEZNÍK' už uživatele má.
INFO 2026-09-24 22:13:34,652 views SKIP: Hráè 'Michala KARPÍŠKOVÁ' už uživatele má.
INFO 2026-09-24 22:13:34,654 views SKIP: Hráè 'Jiøí ŠPAÈEK' už uživatele má.
INFO 2026-09-24 22:13:34,656 views SKIP: Hráè 'Petr KOPRNICKÝ' už uživatele má.
INFO 2026-09-24 22:13:34,659 views SKIP: Hráè 'Zdenìk MÁLEK' už uživatele má.
INFO 2026-09-24 22:13:34,661 views SKIP: Hráè 'Dušan HOFMAN' už uživatele má.
INFO 2026-09-24 22:13:34,662 views SKIP: Hráè 'Ivan POLEDNÍK' už uživatele má.
INFO 2026-09-24 22:13:34,665 views SKIP: Hráè 'Jana MASOPUSTOVÁ' už uživatele má.
INFO 2026-09-24 22:13:34,667 views SKIP: Hráè 'Helena LIŠKOVÁ' už uživatele má.
WARNING 2026-09-24 22:13:34,669 views NENALEZENO: Pro hráèe 'Klára WANTULOK-' systém hledal username 'klara-wantulok-'
INFO 2026-09-24 22:13:34,671 views SKIP: Hráè 'Alice Hanušová' už uživatele má.
INFO 2026-09-24 22:13:34,672 views SKIP: Hráè 'Ivana MÁCHOVÁ' už uživatele má.
INFO 2026-09-24 22:13:34,675 views SKIP: Hráè 'Petra HANZLÍÈKOVÁ' už uživatele má.
INFO 2026-09-24 22:13:34,677 views SKIP: Hráè 'Anna LYTVYNOVÁ' už uživatele má.
INFO 2026-09-24 22:13:34,679 views SKIP: Hráè 'Marina HRUBÁ' už uživatele má.
INFO 2026-09-24 22:13:34,681 views SKIP: Hráè 'Romana BENEŠOVÁ' už uživatele má.
INFO 2026-09-24 22:13:34,684 views SKIP: Hráè 'Klára KOSÍKOVÁ' už uživatele má.
INFO 2026-09-24 22:13:34,686 views SKIP: Hráè 'Alena STANICHOVÁ' už uživatele má.
INFO 2026-09-24 22:13:34,688 views SKIP: Hráè 'Sofie PØEROVSKÁ' už uživatele má.
INFO 2026-09-24 22:13:34,690 views SKIP: Hráè 'Adéla Augustová' už uživatele má.
INFO 2026-09-24 22:13:34,709 views Uživatel jchar si prohlíží soutìž: Zima 26/27 - A
WARNING 2026-09-25 06:59:54,873 log Not Found: /admin/agenda_app/prijatafaktura/
WARNING 2026-09-25 07:23:35,909 log Not Found: /katalog/
INFO 2026-09-25 10:35:22,171 autoreload Watching for file changes with StatReloader
INFO 2026-09-25 10:35:58,128 views Uživatel jchar si prohlíží soutìž: Léto 2026 - A
INFO 2026-09-25 10:42:27,387 views Uživatel jchar si prohlíží soutìž: Léto 2026 - A
ERROR 2026-09-25 10:42:27,960 log Internal Server Error: /kaminka/detail/26_kaminka_leto_A/
Traceback (most recent call last):
  File "C:\Users\jchar\venv\Lib\site-packages\django\core\handlers\exception.py", line 55, in inner
    response = get_response(request)
  File "C:\Users\jchar\venv\Lib\site-packages\django\core\handlers\base.py", line 197, in _get_response
    response = wrapped_callback(request, *callback_args, **callback_kwargs)
  File "C:\Users\jchar\venv\Lib\site-packages\django\contrib\auth\decorators.py", line 59, in _view_wrapper
    return view_func(request, *args, **kwargs)
  File "C:\Users\jchar\djangoSport\tenis_app\views.py", line 287, in detail_souteze
    return render(request, 'tenis_app/tabulka_5ti_lig.html', context)
  File "C:\Users\jchar\venv\Lib\site-packages\django\shortcuts.py", line 25, in render
    content = loader.render_to_string(template_name, context, request, using=using)
  File "C:\Users\jchar\venv\Lib\site-packages\django\template\loader.py", line 62, in render_to_string
    return template.render(context, request)
           ~~~~~~~~~~~~~~~^^^^^^^^^^^^^^^^^^
  File "C:\Users\jchar\venv\Lib\site-packages\django\template\backends\django.py", line 107, in render
    return self.template.render(context)
           ~~~~~~~~~~~~~~~~~~~~^^^^^^^^^
  File "C:\Users\jchar\venv\Lib\site-packages\django\template\base.py", line 171, in render
    return self._render(context)
           ~~~~~~~~~~~~^^^^^^^^^
  File "C:\Users\jchar\venv\Lib\site-packages\django\template\base.py", line 163, in _render
    return self.nodelist.render(context)
           ~~~~~~~~~~~~~~~~~~~~^^^^^^^^^
  File "C:\Users\jchar\venv\Lib\site-packages\django\template\base.py", line 1016, in render
    return SafeString("".join([node.render_annotated(context) for node in self]))
                               ~~~~~~~~~~~~~~~~~~~~~^^^^^^^^^
  File "C:\Users\jchar\venv\Lib\site-packages\django\template\base.py", line 977, in render_annotated
    return self.render(context)
           ~~~~~~~~~~~^^^^^^^^^
  File "C:\Users\jchar\venv\Lib\site-packages\django\template\loader_tags.py", line 159, in render
    return compiled_parent._render(context)
           ~~~~~~~~~~~~~~~~~~~~~~~^^^^^^^^^
  File "C:\Users\jchar\venv\Lib\site-packages\django\template\base.py", line 163, in _render
    return self.nodelist.render(context)
           ~~~~~~~~~~~~~~~~~~~~^^^^^^^^^
  File "C:\Users\jchar\venv\Lib\site-packages\django\template\base.py", line 1016, in render
    return SafeString("".join([node.render_annotated(context) for node in self]))
                               ~~~~~~~~~~~~~~~~~~~~~^^^^^^^^^
  File "C:\Users\jchar\venv\Lib\site-packages\django\template\base.py", line 977, in render_annotated
    return self.render(context)
           ~~~~~~~~~~~^^^^^^^^^
  File "C:\Users\jchar\venv\Lib\site-packages\django\template\defaulttags.py", line 327, in render
    return nodelist.render(context)
           ~~~~~~~~~~~~~~~^^^^^^^^^
  File "C:\Users\jchar\venv\Lib\site-packages\django\template\base.py", line 1016, in render
    return SafeString("".join([node.render_annotated(context) for node in self]))
                               ~~~~~~~~~~~~~~~~~~~~~^^^^^^^^^
  File "C:\Users\jchar\venv\Lib\site-packages\django\template\base.py", line 977, in render_annotated
    return self.render(context)
           ~~~~~~~~~~~^^^^^^^^^
  File "C:\Users\jchar\venv\Lib\site-packages\django\template\defaulttags.py", line 480, in render
    url = reverse(view_name, args=args, kwargs=kwargs, current_app=current_app)
  File "C:\Users\jchar\venv\Lib\site-packages\django\urls\base.py", line 98, in reverse
    resolved_url = resolver._reverse_with_prefix(view, prefix, *args, **kwargs)
  File "C:\Users\jchar\venv\Lib\site-packages\django\urls\resolvers.py", line 831, in _reverse_with_prefix
    raise NoReverseMatch(msg)
django.urls.exceptions.NoReverseMatch: Reverse for 'hraci_prehled' not found. 'hraci_prehled' is not a valid view function or pattern name.
INFO 2026-09-25 10:43:15,442 autoreload C:\Users\jchar\djangoSport\tenis_app\urls.py changed, reloading.
INFO 2026-09-25 10:43:18,087 autoreload Watching for file changes with StatReloader
INFO 2026-09-25 10:44:10,386 autoreload C:\Users\jchar\djangoSport\tenis_app\views.py changed, reloading.
INFO 2026-09-25 10:44:11,087 autoreload Watching for file changes with StatReloader
INFO 2026-09-25 10:44:15,603 views Uživatel jchar si prohlíží soutìž: Léto 2026 - A
WARNING 2026-09-25 10:44:20,031 log Not Found: /media/hraci/ja_8x9tIBh.jpg
ERROR 2026-09-25 10:46:08,436 log Internal Server Error: /kaminka/hraci/
Traceback (most recent call last):
  File "C:\Users\jchar\venv\Lib\site-packages\django\template\smartif.py", line 180, in translate_token
    op = OPERATORS[token]
         ~~~~~~~~~^^^^^^^
KeyError: 'zimni_souteze_dict.zimni-liga-1'

During handling of the above exception, another exception occurred:

Traceback (most recent call last):
  File "C:\Users\jchar\venv\Lib\site-packages\django\core\handlers\exception.py", line 55, in inner
    response = get_response(request)
  File "C:\Users\jchar\venv\Lib\site-packages\django\core\handlers\base.py", line 197, in _get_response
    response = wrapped_callback(request, *callback_args, **callback_kwargs)
  File "C:\Users\jchar\djangoSport\tenis_app\views.py", line 986, in hraci_prehled
    return render(request, 'tenis_app/hraci_prehled.html', context)
  File "C:\Users\jchar\venv\Lib\site-packages\django\shortcuts.py", line 25, in render
    content = loader.render_to_string(template_name, context, request, using=using)
  File "C:\Users\jchar\venv\Lib\site-packages\django\template\loader.py", line 61, in render_to_string
    template = get_template(template_name, using=using)
  File "C:\Users\jchar\venv\Lib\site-packages\django\template\loader.py", line 15, in get_template
    return engine.get_template(template_name)
           ~~~~~~~~~~~~~~~~~~~^^^^^^^^^^^^^^^
  File "C:\Users\jchar\venv\Lib\site-packages\django\template\backends\django.py", line 79, in get_template
    return Template(self.engine.get_template(template_name), self)
                    ~~~~~~~~~~~~~~~~~~~~~~~~^^^^^^^^^^^^^^^
  File "C:\Users\jchar\venv\Lib\site-packages\django\template\engine.py", line 177, in get_template
    template, origin = self.find_template(template_name)
                       ~~~~~~~~~~~~~~~~~~^^^^^^^^^^^^^^^
  File "C:\Users\jchar\venv\Lib\site-packages\django\template\engine.py", line 159, in find_template
    template = loader.get_template(name, skip=skip)
  File "C:\Users\jchar\venv\Lib\site-packages\django\template\loaders\cached.py", line 57, in get_template
    template = super().get_template(template_name, skip)
  File "C:\Users\jchar\venv\Lib\site-packages\django\template\loaders\base.py", line 28, in get_template
    return Template(
        contents,
    ...<2 lines>...
        self.engine,
    )
  File "C:\Users\jchar\venv\Lib\site-packages\django\template\base.py", line 154, in __init__
    self.nodelist = self.compile_nodelist()
                    ~~~~~~~~~~~~~~~~~~~~~^^
  File "C:\Users\jchar\venv\Lib\site-packages\django\template\base.py", line 196, in compile_nodelist
    nodelist = parser.parse()
  File "C:\Users\jchar\venv\Lib\site-packages\django\template\base.py", line 518, in parse
    raise self.error(token, e)
  File "C:\Users\jchar\venv\Lib\site-packages\django\template\base.py", line 516, in parse
    compiled_result = compile_func(self, token)
  File "C:\Users\jchar\venv\Lib\site-packages\django\template\loader_tags.py", line 299, in do_extends
    nodelist = parser.parse()
  File "C:\Users\jchar\venv\Lib\site-packages\django\template\base.py", line 518, in parse
    raise self.error(token, e)
  File "C:\Users\jchar\venv\Lib\site-packages\django\template\base.py", line 516, in parse
    compiled_result = compile_func(self, token)
  File "C:\Users\jchar\venv\Lib\site-packages\django\template\loader_tags.py", line 234, in do_block
    nodelist = parser.parse(("endblock",))
  File "C:\Users\jchar\venv\Lib\site-packages\django\template\base.py", line 518, in parse
    raise self.error(token, e)
  File "C:\Users\jchar\venv\Lib\site-packages\django\template\base.py", line 516, in parse
    compiled_result = compile_func(self, token)
  File "C:\Users\jchar\venv\Lib\site-packages\django\template\defaulttags.py", line 862, in do_for
    nodelist_loop = parser.parse(
        (
    ...<2 lines>...
        )
    )
  File "C:\Users\jchar\venv\Lib\site-packages\django\template\base.py", line 518, in parse
    raise self.error(token, e)
  File "C:\Users\jchar\venv\Lib\site-packages\django\template\base.py", line 516, in parse
    compiled_result = compile_func(self, token)
  File "C:\Users\jchar\venv\Lib\site-packages\django\template\defaulttags.py", line 961, in do_if
    condition = TemplateIfParser(parser, bits).parse()
                ~~~~~~~~~~~~~~~~^^^^^^^^^^^^^^
  File "C:\Users\jchar\venv\Lib\site-packages\django\template\defaulttags.py", line 894, in __init__
    super().__init__(*args, **kwargs)
    ~~~~~~~~~~~~~~~~^^^^^^^^^^^^^^^^^
  File "C:\Users\jchar\venv\Lib\site-packages\django\template\smartif.py", line 171, in __init__
    mapped_tokens.append(self.translate_token(token))
                         ~~~~~~~~~~~~~~~~~~~~^^^^^^^
  File "C:\Users\jchar\venv\Lib\site-packages\django\template\smartif.py", line 182, in translate_token
    return self.create_var(token)
           ~~~~~~~~~~~~~~~^^^^^^^
  File "C:\Users\jchar\venv\Lib\site-packages\django\template\defaulttags.py", line 897, in create_var
    return TemplateLiteral(self.template_parser.compile_filter(value), value)
                           ~~~~~~~~~~~~~~~~~~~~~~~~~~~~~~~~~~~^^^^^^^
  File "C:\Users\jchar\venv\Lib\site-packages\django\template\base.py", line 609, in compile_filter
    return FilterExpression(token, self)
  File "C:\Users\jchar\venv\Lib\site-packages\django\template\base.py", line 710, in __init__
    raise TemplateSyntaxError(
    ...<2 lines>...
    )
django.template.exceptions.TemplateSyntaxError: Could not parse the remainder: '-liga-1' from 'zimni_souteze_dict.zimni-liga-1'
INFO 2026-09-25 10:48:12,786 autoreload C:\Users\jchar\djangoSport\tenis_app\views.py changed, reloading.
INFO 2026-09-25 10:48:14,459 autoreload Watching for file changes with StatReloader
INFO 2026-09-25 10:53:34,058 views Uživatel jchar si prohlíží soutìž: Léto 2026 - A
INFO 2026-09-25 10:53:53,045 views Uživatel jchar si prohlíží soutìž: Léto 2026 - A
INFO 2026-09-25 11:01:04,184 autoreload C:\Users\jchar\djangoSport\tenis_app\views.py changed, reloading.
INFO 2026-09-25 11:01:05,968 autoreload Watching for file changes with StatReloader
INFO 2026-09-25 11:05:38,075 autoreload C:\Users\jchar\djangoSport\tenis_app\views.py changed, reloading.
INFO 2026-09-25 11:05:39,704 autoreload Watching for file changes with StatReloader
ERROR 2026-09-25 11:10:29,920 log Internal Server Error: /kaminka/hraci/
Traceback (most recent call last):
  File "C:\Users\jchar\venv\Lib\site-packages\django\core\handlers\exception.py", line 55, in inner
    response = get_response(request)
  File "C:\Users\jchar\venv\Lib\site-packages\django\core\handlers\base.py", line 197, in _get_response
    response = wrapped_callback(request, *callback_args, **callback_kwargs)
  File "C:\Users\jchar\djangoSport\tenis_app\views.py", line 1022, in hraci_prehled
    return render(request, 'tenis_app/hraci_prehled.html', context)
  File "C:\Users\jchar\venv\Lib\site-packages\django\shortcuts.py", line 25, in render
    content = loader.render_to_string(template_name, context, request, using=using)
  File "C:\Users\jchar\venv\Lib\site-packages\django\template\loader.py", line 62, in render_to_string
    return template.render(context, request)
           ~~~~~~~~~~~~~~~^^^^^^^^^^^^^^^^^^
  File "C:\Users\jchar\venv\Lib\site-packages\django\template\backends\django.py", line 107, in render
    return self.template.render(context)
           ~~~~~~~~~~~~~~~~~~~~^^^^^^^^^
  File "C:\Users\jchar\venv\Lib\site-packages\django\template\base.py", line 171, in render
    return self._render(context)
           ~~~~~~~~~~~~^^^^^^^^^
  File "C:\Users\jchar\venv\Lib\site-packages\django\template\base.py", line 163, in _render
    return self.nodelist.render(context)
           ~~~~~~~~~~~~~~~~~~~~^^^^^^^^^
  File "C:\Users\jchar\venv\Lib\site-packages\django\template\base.py", line 1016, in render
    return SafeString("".join([node.render_annotated(context) for node in self]))
                               ~~~~~~~~~~~~~~~~~~~~~^^^^^^^^^
  File "C:\Users\jchar\venv\Lib\site-packages\django\template\base.py", line 977, in render_annotated
    return self.render(context)
           ~~~~~~~~~~~^^^^^^^^^
  File "C:\Users\jchar\venv\Lib\site-packages\django\template\loader_tags.py", line 159, in render
    return compiled_parent._render(context)
           ~~~~~~~~~~~~~~~~~~~~~~~^^^^^^^^^
  File "C:\Users\jchar\venv\Lib\site-packages\django\template\base.py", line 163, in _render
    return self.nodelist.render(context)
           ~~~~~~~~~~~~~~~~~~~~^^^^^^^^^
  File "C:\Users\jchar\venv\Lib\site-packages\django\template\base.py", line 1016, in render
    return SafeString("".join([node.render_annotated(context) for node in self]))
                               ~~~~~~~~~~~~~~~~~~~~~^^^^^^^^^
  File "C:\Users\jchar\venv\Lib\site-packages\django\template\base.py", line 977, in render_annotated
    return self.render(context)
           ~~~~~~~~~~~^^^^^^^^^
  File "C:\Users\jchar\venv\Lib\site-packages\django\template\loader_tags.py", line 65, in render
    result = block.nodelist.render(context)
  File "C:\Users\jchar\venv\Lib\site-packages\django\template\base.py", line 1016, in render
    return SafeString("".join([node.render_annotated(context) for node in self]))
                               ~~~~~~~~~~~~~~~~~~~~~^^^^^^^^^
  File "C:\Users\jchar\venv\Lib\site-packages\django\template\base.py", line 977, in render_annotated
    return self.render(context)
           ~~~~~~~~~~~^^^^^^^^^
  File "C:\Users\jchar\venv\Lib\site-packages\django\template\defaulttags.py", line 480, in render
    url = reverse(view_name, args=args, kwargs=kwargs, current_app=current_app)
  File "C:\Users\jchar\venv\Lib\site-packages\django\urls\base.py", line 98, in reverse
    resolved_url = resolver._reverse_with_prefix(view, prefix, *args, **kwargs)
  File "C:\Users\jchar\venv\Lib\site-packages\django\urls\resolvers.py", line 831, in _reverse_with_prefix
    raise NoReverseMatch(msg)
django.urls.exceptions.NoReverseMatch: Reverse for 'hrac_edit' not found. 'hrac_edit' is not a valid view function or pattern name.
ERROR 2026-09-25 11:11:30,782 log Internal Server Error: /kaminka/hraci/
Traceback (most recent call last):
  File "C:\Users\jchar\venv\Lib\site-packages\django\core\handlers\exception.py", line 55, in inner
    response = get_response(request)
  File "C:\Users\jchar\venv\Lib\site-packages\django\core\handlers\base.py", line 197, in _get_response
    response = wrapped_callback(request, *callback_args, **callback_kwargs)
  File "C:\Users\jchar\djangoSport\tenis_app\views.py", line 1022, in hraci_prehled
    return render(request, 'tenis_app/hraci_prehled.html', context)
  File "C:\Users\jchar\venv\Lib\site-packages\django\shortcuts.py", line 25, in render
    content = loader.render_to_string(template_name, context, request, using=using)
  File "C:\Users\jchar\venv\Lib\site-packages\django\template\loader.py", line 62, in render_to_string
    return template.render(context, request)
           ~~~~~~~~~~~~~~~^^^^^^^^^^^^^^^^^^
  File "C:\Users\jchar\venv\Lib\site-packages\django\template\backends\django.py", line 107, in render
    return self.template.render(context)
           ~~~~~~~~~~~~~~~~~~~~^^^^^^^^^
  File "C:\Users\jchar\venv\Lib\site-packages\django\template\base.py", line 171, in render
    return self._render(context)
           ~~~~~~~~~~~~^^^^^^^^^
  File "C:\Users\jchar\venv\Lib\site-packages\django\template\base.py", line 163, in _render
    return self.nodelist.render(context)
           ~~~~~~~~~~~~~~~~~~~~^^^^^^^^^
  File "C:\Users\jchar\venv\Lib\site-packages\django\template\base.py", line 1016, in render
    return SafeString("".join([node.render_annotated(context) for node in self]))
                               ~~~~~~~~~~~~~~~~~~~~~^^^^^^^^^
  File "C:\Users\jchar\venv\Lib\site-packages\django\template\base.py", line 977, in render_annotated
    return self.render(context)
           ~~~~~~~~~~~^^^^^^^^^
  File "C:\Users\jchar\venv\Lib\site-packages\django\template\loader_tags.py", line 159, in render
    return compiled_parent._render(context)
           ~~~~~~~~~~~~~~~~~~~~~~~^^^^^^^^^
  File "C:\Users\jchar\venv\Lib\site-packages\django\template\base.py", line 163, in _render
    return self.nodelist.render(context)
           ~~~~~~~~~~~~~~~~~~~~^^^^^^^^^
  File "C:\Users\jchar\venv\Lib\site-packages\django\template\base.py", line 1016, in render
    return SafeString("".join([node.render_annotated(context) for node in self]))
                               ~~~~~~~~~~~~~~~~~~~~~^^^^^^^^^
  File "C:\Users\jchar\venv\Lib\site-packages\django\template\base.py", line 977, in render_annotated
    return self.render(context)
           ~~~~~~~~~~~^^^^^^^^^
  File "C:\Users\jchar\venv\Lib\site-packages\django\template\loader_tags.py", line 65, in render
    result = block.nodelist.render(context)
  File "C:\Users\jchar\venv\Lib\site-packages\django\template\base.py", line 1016, in render
    return SafeString("".join([node.render_annotated(context) for node in self]))
                               ~~~~~~~~~~~~~~~~~~~~~^^^^^^^^^
  File "C:\Users\jchar\venv\Lib\site-packages\django\template\base.py", line 977, in render_annotated
    return self.render(context)
           ~~~~~~~~~~~^^^^^^^^^
  File "C:\Users\jchar\venv\Lib\site-packages\django\template\defaulttags.py", line 480, in render
    url = reverse(view_name, args=args, kwargs=kwargs, current_app=current_app)
  File "C:\Users\jchar\venv\Lib\site-packages\django\urls\base.py", line 98, in reverse
    resolved_url = resolver._reverse_with_prefix(view, prefix, *args, **kwargs)
  File "C:\Users\jchar\venv\Lib\site-packages\django\urls\resolvers.py", line 831, in _reverse_with_prefix
    raise NoReverseMatch(msg)
django.urls.exceptions.NoReverseMatch: Reverse for 'editovat_hrace' with arguments '('',)' not found. 1 pattern(s) tried: ['kaminka/editovat\\-hrace/(?P<pk>[0-9]+)/\\Z']
ERROR 2026-09-25 11:12:38,729 log Internal Server Error: /kaminka/hraci/
Traceback (most recent call last):
  File "C:\Users\jchar\venv\Lib\site-packages\django\core\handlers\exception.py", line 55, in inner
    response = get_response(request)
  File "C:\Users\jchar\venv\Lib\site-packages\django\core\handlers\base.py", line 197, in _get_response
    response = wrapped_callback(request, *callback_args, **callback_kwargs)
  File "C:\Users\jchar\djangoSport\tenis_app\views.py", line 1022, in hraci_prehled
    return render(request, 'tenis_app/hraci_prehled.html', context)
  File "C:\Users\jchar\venv\Lib\site-packages\django\shortcuts.py", line 25, in render
    content = loader.render_to_string(template_name, context, request, using=using)
  File "C:\Users\jchar\venv\Lib\site-packages\django\template\loader.py", line 62, in render_to_string
    return template.render(context, request)
           ~~~~~~~~~~~~~~~^^^^^^^^^^^^^^^^^^
  File "C:\Users\jchar\venv\Lib\site-packages\django\template\backends\django.py", line 107, in render
    return self.template.render(context)
           ~~~~~~~~~~~~~~~~~~~~^^^^^^^^^
  File "C:\Users\jchar\venv\Lib\site-packages\django\template\base.py", line 171, in render
    return self._render(context)
           ~~~~~~~~~~~~^^^^^^^^^
  File "C:\Users\jchar\venv\Lib\site-packages\django\template\base.py", line 163, in _render
    return self.nodelist.render(context)
           ~~~~~~~~~~~~~~~~~~~~^^^^^^^^^
  File "C:\Users\jchar\venv\Lib\site-packages\django\template\base.py", line 1016, in render
    return SafeString("".join([node.render_annotated(context) for node in self]))
                               ~~~~~~~~~~~~~~~~~~~~~^^^^^^^^^
  File "C:\Users\jchar\venv\Lib\site-packages\django\template\base.py", line 977, in render_annotated
    return self.render(context)
           ~~~~~~~~~~~^^^^^^^^^
  File "C:\Users\jchar\venv\Lib\site-packages\django\template\loader_tags.py", line 159, in render
    return compiled_parent._render(context)
           ~~~~~~~~~~~~~~~~~~~~~~~^^^^^^^^^
  File "C:\Users\jchar\venv\Lib\site-packages\django\template\base.py", line 163, in _render
    return self.nodelist.render(context)
           ~~~~~~~~~~~~~~~~~~~~^^^^^^^^^
  File "C:\Users\jchar\venv\Lib\site-packages\django\template\base.py", line 1016, in render
    return SafeString("".join([node.render_annotated(context) for node in self]))
                               ~~~~~~~~~~~~~~~~~~~~~^^^^^^^^^
  File "C:\Users\jchar\venv\Lib\site-packages\django\template\base.py", line 977, in render_annotated
    return self.render(context)
           ~~~~~~~~~~~^^^^^^^^^
  File "C:\Users\jchar\venv\Lib\site-packages\django\template\loader_tags.py", line 65, in render
    result = block.nodelist.render(context)
  File "C:\Users\jchar\venv\Lib\site-packages\django\template\base.py", line 1016, in render
    return SafeString("".join([node.render_annotated(context) for node in self]))
                               ~~~~~~~~~~~~~~~~~~~~~^^^^^^^^^
  File "C:\Users\jchar\venv\Lib\site-packages\django\template\base.py", line 977, in render_annotated
    return self.render(context)
           ~~~~~~~~~~~^^^^^^^^^
  File "C:\Users\jchar\venv\Lib\site-packages\django\template\defaulttags.py", line 480, in render
    url = reverse(view_name, args=args, kwargs=kwargs, current_app=current_app)
  File "C:\Users\jchar\venv\Lib\site-packages\django\urls\base.py", line 98, in reverse
    resolved_url = resolver._reverse_with_prefix(view, prefix, *args, **kwargs)
  File "C:\Users\jchar\venv\Lib\site-packages\django\urls\resolvers.py", line 831, in _reverse_with_prefix
    raise NoReverseMatch(msg)
django.urls.exceptions.NoReverseMatch: Reverse for 'editovat_hrace' with arguments '('',)' not found. 1 pattern(s) tried: ['kaminka/editovat\\-hrace/(?P<pk>[0-9]+)/\\Z']
ERROR 2026-09-25 11:14:17,600 log Internal Server Error: /kaminka/hraci/
Traceback (most recent call last):
  File "C:\Users\jchar\venv\Lib\site-packages\django\core\handlers\exception.py", line 55, in inner
    response = get_response(request)
  File "C:\Users\jchar\venv\Lib\site-packages\django\core\handlers\base.py", line 197, in _get_response
    response = wrapped_callback(request, *callback_args, **callback_kwargs)
  File "C:\Users\jchar\djangoSport\tenis_app\views.py", line 1022, in hraci_prehled
    return render(request, 'tenis_app/hraci_prehled.html', context)
  File "C:\Users\jchar\venv\Lib\site-packages\django\shortcuts.py", line 25, in render
    content = loader.render_to_string(template_name, context, request, using=using)
  File "C:\Users\jchar\venv\Lib\site-packages\django\template\loader.py", line 62, in render_to_string
    return template.render(context, request)
           ~~~~~~~~~~~~~~~^^^^^^^^^^^^^^^^^^
  File "C:\Users\jchar\venv\Lib\site-packages\django\template\backends\django.py", line 107, in render
    return self.template.render(context)
           ~~~~~~~~~~~~~~~~~~~~^^^^^^^^^
  File "C:\Users\jchar\venv\Lib\site-packages\django\template\base.py", line 171, in render
    return self._render(context)
           ~~~~~~~~~~~~^^^^^^^^^
  File "C:\Users\jchar\venv\Lib\site-packages\django\template\base.py", line 163, in _render
    return self.nodelist.render(context)
           ~~~~~~~~~~~~~~~~~~~~^^^^^^^^^
  File "C:\Users\jchar\venv\Lib\site-packages\django\template\base.py", line 1016, in render
    return SafeString("".join([node.render_annotated(context) for node in self]))
                               ~~~~~~~~~~~~~~~~~~~~~^^^^^^^^^
  File "C:\Users\jchar\venv\Lib\site-packages\django\template\base.py", line 977, in render_annotated
    return self.render(context)
           ~~~~~~~~~~~^^^^^^^^^
  File "C:\Users\jchar\venv\Lib\site-packages\django\template\loader_tags.py", line 159, in render
    return compiled_parent._render(context)
           ~~~~~~~~~~~~~~~~~~~~~~~^^^^^^^^^
  File "C:\Users\jchar\venv\Lib\site-packages\django\template\base.py", line 163, in _render
    return self.nodelist.render(context)
           ~~~~~~~~~~~~~~~~~~~~^^^^^^^^^
  File "C:\Users\jchar\venv\Lib\site-packages\django\template\base.py", line 1016, in render
    return SafeString("".join([node.render_annotated(context) for node in self]))
                               ~~~~~~~~~~~~~~~~~~~~~^^^^^^^^^
  File "C:\Users\jchar\venv\Lib\site-packages\django\template\base.py", line 977, in render_annotated
    return self.render(context)
           ~~~~~~~~~~~^^^^^^^^^
  File "C:\Users\jchar\venv\Lib\site-packages\django\template\loader_tags.py", line 65, in render
    result = block.nodelist.render(context)
  File "C:\Users\jchar\venv\Lib\site-packages\django\template\base.py", line 1016, in render
    return SafeString("".join([node.render_annotated(context) for node in self]))
                               ~~~~~~~~~~~~~~~~~~~~~^^^^^^^^^
  File "C:\Users\jchar\venv\Lib\site-packages\django\template\base.py", line 977, in render_annotated
    return self.render(context)
           ~~~~~~~~~~~^^^^^^^^^
  File "C:\Users\jchar\venv\Lib\site-packages\django\template\defaulttags.py", line 480, in render
    url = reverse(view_name, args=args, kwargs=kwargs, current_app=current_app)
  File "C:\Users\jchar\venv\Lib\site-packages\django\urls\base.py", line 98, in reverse
    resolved_url = resolver._reverse_with_prefix(view, prefix, *args, **kwargs)
  File "C:\Users\jchar\venv\Lib\site-packages\django\urls\resolvers.py", line 831, in _reverse_with_prefix
    raise NoReverseMatch(msg)
django.urls.exceptions.NoReverseMatch: Reverse for 'editovat_hrace' with arguments '('',)' not found. 1 pattern(s) tried: ['kaminka/editovat\\-hrace/(?P<pk>[0-9]+)/\\Z']
ERROR 2026-09-25 11:14:47,838 log Internal Server Error: /kaminka/hraci/
Traceback (most recent call last):
  File "C:\Users\jchar\venv\Lib\site-packages\django\core\handlers\exception.py", line 55, in inner
    response = get_response(request)
  File "C:\Users\jchar\venv\Lib\site-packages\django\core\handlers\base.py", line 197, in _get_response
    response = wrapped_callback(request, *callback_args, **callback_kwargs)
  File "C:\Users\jchar\djangoSport\tenis_app\views.py", line 1022, in hraci_prehled
    return render(request, 'tenis_app/hraci_prehled.html', context)
  File "C:\Users\jchar\venv\Lib\site-packages\django\shortcuts.py", line 25, in render
    content = loader.render_to_string(template_name, context, request, using=using)
  File "C:\Users\jchar\venv\Lib\site-packages\django\template\loader.py", line 62, in render_to_string
    return template.render(context, request)
           ~~~~~~~~~~~~~~~^^^^^^^^^^^^^^^^^^
  File "C:\Users\jchar\venv\Lib\site-packages\django\template\backends\django.py", line 107, in render
    return self.template.render(context)
           ~~~~~~~~~~~~~~~~~~~~^^^^^^^^^
  File "C:\Users\jchar\venv\Lib\site-packages\django\template\base.py", line 171, in render
    return self._render(context)
           ~~~~~~~~~~~~^^^^^^^^^
  File "C:\Users\jchar\venv\Lib\site-packages\django\template\base.py", line 163, in _render
    return self.nodelist.render(context)
           ~~~~~~~~~~~~~~~~~~~~^^^^^^^^^
  File "C:\Users\jchar\venv\Lib\site-packages\django\template\base.py", line 1016, in render
    return SafeString("".join([node.render_annotated(context) for node in self]))
                               ~~~~~~~~~~~~~~~~~~~~~^^^^^^^^^
  File "C:\Users\jchar\venv\Lib\site-packages\django\template\base.py", line 977, in render_annotated
    return self.render(context)
           ~~~~~~~~~~~^^^^^^^^^
  File "C:\Users\jchar\venv\Lib\site-packages\django\template\loader_tags.py", line 159, in render
    return compiled_parent._render(context)
           ~~~~~~~~~~~~~~~~~~~~~~~^^^^^^^^^
  File "C:\Users\jchar\venv\Lib\site-packages\django\template\base.py", line 163, in _render
    return self.nodelist.render(context)
           ~~~~~~~~~~~~~~~~~~~~^^^^^^^^^
  File "C:\Users\jchar\venv\Lib\site-packages\django\template\base.py", line 1016, in render
    return SafeString("".join([node.render_annotated(context) for node in self]))
                               ~~~~~~~~~~~~~~~~~~~~~^^^^^^^^^
  File "C:\Users\jchar\venv\Lib\site-packages\django\template\base.py", line 977, in render_annotated
    return self.render(context)
           ~~~~~~~~~~~^^^^^^^^^
  File "C:\Users\jchar\venv\Lib\site-packages\django\template\loader_tags.py", line 65, in render
    result = block.nodelist.render(context)
  File "C:\Users\jchar\venv\Lib\site-packages\django\template\base.py", line 1016, in render
    return SafeString("".join([node.render_annotated(context) for node in self]))
                               ~~~~~~~~~~~~~~~~~~~~~^^^^^^^^^
  File "C:\Users\jchar\venv\Lib\site-packages\django\template\base.py", line 977, in render_annotated
    return self.render(context)
           ~~~~~~~~~~~^^^^^^^^^
  File "C:\Users\jchar\venv\Lib\site-packages\django\template\defaulttags.py", line 480, in render
    url = reverse(view_name, args=args, kwargs=kwargs, current_app=current_app)
  File "C:\Users\jchar\venv\Lib\site-packages\django\urls\base.py", line 98, in reverse
    resolved_url = resolver._reverse_with_prefix(view, prefix, *args, **kwargs)
  File "C:\Users\jchar\venv\Lib\site-packages\django\urls\resolvers.py", line 831, in _reverse_with_prefix
    raise NoReverseMatch(msg)
django.urls.exceptions.NoReverseMatch: Reverse for 'editovat_hrace' with arguments '('',)' not found. 1 pattern(s) tried: ['kaminka/editovat\\-hrace/(?P<pk>[0-9]+)/\\Z']
INFO 2026-09-25 11:16:06,507 autoreload C:\Users\jchar\djangoSport\tenis_app\urls.py changed, reloading.
INFO 2026-09-25 11:16:08,222 autoreload Watching for file changes with StatReloader
INFO 2026-09-25 11:16:53,346 autoreload C:\Users\jchar\djangoSport\tenis_app\views.py changed, reloading.
INFO 2026-09-25 11:16:54,962 autoreload Watching for file changes with StatReloader
ERROR 2026-09-25 11:17:00,620 log Internal Server Error: /kaminka/hraci/
Traceback (most recent call last):
  File "C:\Users\jchar\venv\Lib\site-packages\django\core\handlers\exception.py", line 55, in inner
    response = get_response(request)
  File "C:\Users\jchar\venv\Lib\site-packages\django\core\handlers\base.py", line 197, in _get_response
    response = wrapped_callback(request, *callback_args, **callback_kwargs)
  File "C:\Users\jchar\djangoSport\tenis_app\views.py", line 1022, in hraci_prehled
    return render(request, 'tenis_app/hraci_prehled.html', context)
  File "C:\Users\jchar\venv\Lib\site-packages\django\shortcuts.py", line 25, in render
    content = loader.render_to_string(template_name, context, request, using=using)
  File "C:\Users\jchar\venv\Lib\site-packages\django\template\loader.py", line 62, in render_to_string
    return template.render(context, request)
           ~~~~~~~~~~~~~~~^^^^^^^^^^^^^^^^^^
  File "C:\Users\jchar\venv\Lib\site-packages\django\template\backends\django.py", line 107, in render
    return self.template.render(context)
           ~~~~~~~~~~~~~~~~~~~~^^^^^^^^^
  File "C:\Users\jchar\venv\Lib\site-packages\django\template\base.py", line 171, in render
    return self._render(context)
           ~~~~~~~~~~~~^^^^^^^^^
  File "C:\Users\jchar\venv\Lib\site-packages\django\template\base.py", line 163, in _render
    return self.nodelist.render(context)
           ~~~~~~~~~~~~~~~~~~~~^^^^^^^^^
  File "C:\Users\jchar\venv\Lib\site-packages\django\template\base.py", line 1016, in render
    return SafeString("".join([node.render_annotated(context) for node in self]))
                               ~~~~~~~~~~~~~~~~~~~~~^^^^^^^^^
  File "C:\Users\jchar\venv\Lib\site-packages\django\template\base.py", line 977, in render_annotated
    return self.render(context)
           ~~~~~~~~~~~^^^^^^^^^
  File "C:\Users\jchar\venv\Lib\site-packages\django\template\loader_tags.py", line 159, in render
    return compiled_parent._render(context)
           ~~~~~~~~~~~~~~~~~~~~~~~^^^^^^^^^
  File "C:\Users\jchar\venv\Lib\site-packages\django\template\base.py", line 163, in _render
    return self.nodelist.render(context)
           ~~~~~~~~~~~~~~~~~~~~^^^^^^^^^
  File "C:\Users\jchar\venv\Lib\site-packages\django\template\base.py", line 1016, in render
    return SafeString("".join([node.render_annotated(context) for node in self]))
                               ~~~~~~~~~~~~~~~~~~~~~^^^^^^^^^
  File "C:\Users\jchar\venv\Lib\site-packages\django\template\base.py", line 977, in render_annotated
    return self.render(context)
           ~~~~~~~~~~~^^^^^^^^^
  File "C:\Users\jchar\venv\Lib\site-packages\django\template\loader_tags.py", line 65, in render
    result = block.nodelist.render(context)
  File "C:\Users\jchar\venv\Lib\site-packages\django\template\base.py", line 1016, in render
    return SafeString("".join([node.render_annotated(context) for node in self]))
                               ~~~~~~~~~~~~~~~~~~~~~^^^^^^^^^
  File "C:\Users\jchar\venv\Lib\site-packages\django\template\base.py", line 977, in render_annotated
    return self.render(context)
           ~~~~~~~~~~~^^^^^^^^^
  File "C:\Users\jchar\venv\Lib\site-packages\django\template\defaulttags.py", line 480, in render
    url = reverse(view_name, args=args, kwargs=kwargs, current_app=current_app)
  File "C:\Users\jchar\venv\Lib\site-packages\django\urls\base.py", line 98, in reverse
    resolved_url = resolver._reverse_with_prefix(view, prefix, *args, **kwargs)
  File "C:\Users\jchar\venv\Lib\site-packages\django\urls\resolvers.py", line 831, in _reverse_with_prefix
    raise NoReverseMatch(msg)
django.urls.exceptions.NoReverseMatch: Reverse for 'editovat_hrace' with arguments '('',)' not found. 1 pattern(s) tried: ['kaminka/editovat\\-hrace/(?P<pk>[0-9]+)/\\Z']
ERROR 2026-09-25 11:17:05,670 log Internal Server Error: /kaminka/hraci/
Traceback (most recent call last):
  File "C:\Users\jchar\venv\Lib\site-packages\django\core\handlers\exception.py", line 55, in inner
    response = get_response(request)
  File "C:\Users\jchar\venv\Lib\site-packages\django\core\handlers\base.py", line 197, in _get_response
    response = wrapped_callback(request, *callback_args, **callback_kwargs)
  File "C:\Users\jchar\djangoSport\tenis_app\views.py", line 1022, in hraci_prehled
    return render(request, 'tenis_app/hraci_prehled.html', context)
  File "C:\Users\jchar\venv\Lib\site-packages\django\shortcuts.py", line 25, in render
    content = loader.render_to_string(template_name, context, request, using=using)
  File "C:\Users\jchar\venv\Lib\site-packages\django\template\loader.py", line 62, in render_to_string
    return template.render(context, request)
           ~~~~~~~~~~~~~~~^^^^^^^^^^^^^^^^^^
  File "C:\Users\jchar\venv\Lib\site-packages\django\template\backends\django.py", line 107, in render
    return self.template.render(context)
           ~~~~~~~~~~~~~~~~~~~~^^^^^^^^^
  File "C:\Users\jchar\venv\Lib\site-packages\django\template\base.py", line 171, in render
    return self._render(context)
           ~~~~~~~~~~~~^^^^^^^^^
  File "C:\Users\jchar\venv\Lib\site-packages\django\template\base.py", line 163, in _render
    return self.nodelist.render(context)
           ~~~~~~~~~~~~~~~~~~~~^^^^^^^^^
  File "C:\Users\jchar\venv\Lib\site-packages\django\template\base.py", line 1016, in render
    return SafeString("".join([node.render_annotated(context) for node in self]))
                               ~~~~~~~~~~~~~~~~~~~~~^^^^^^^^^
  File "C:\Users\jchar\venv\Lib\site-packages\django\template\base.py", line 977, in render_annotated
    return self.render(context)
           ~~~~~~~~~~~^^^^^^^^^
  File "C:\Users\jchar\venv\Lib\site-packages\django\template\loader_tags.py", line 159, in render
    return compiled_parent._render(context)
           ~~~~~~~~~~~~~~~~~~~~~~~^^^^^^^^^
  File "C:\Users\jchar\venv\Lib\site-packages\django\template\base.py", line 163, in _render
    return self.nodelist.render(context)
           ~~~~~~~~~~~~~~~~~~~~^^^^^^^^^
  File "C:\Users\jchar\venv\Lib\site-packages\django\template\base.py", line 1016, in render
    return SafeString("".join([node.render_annotated(context) for node in self]))
                               ~~~~~~~~~~~~~~~~~~~~~^^^^^^^^^
  File "C:\Users\jchar\venv\Lib\site-packages\django\template\base.py", line 977, in render_annotated
    return self.render(context)
           ~~~~~~~~~~~^^^^^^^^^
  File "C:\Users\jchar\venv\Lib\site-packages\django\template\loader_tags.py", line 65, in render
    result = block.nodelist.render(context)
  File "C:\Users\jchar\venv\Lib\site-packages\django\template\base.py", line 1016, in render
    return SafeString("".join([node.render_annotated(context) for node in self]))
                               ~~~~~~~~~~~~~~~~~~~~~^^^^^^^^^
  File "C:\Users\jchar\venv\Lib\site-packages\django\template\base.py", line 977, in render_annotated
    return self.render(context)
           ~~~~~~~~~~~^^^^^^^^^
  File "C:\Users\jchar\venv\Lib\site-packages\django\template\defaulttags.py", line 480, in render
    url = reverse(view_name, args=args, kwargs=kwargs, current_app=current_app)
  File "C:\Users\jchar\venv\Lib\site-packages\django\urls\base.py", line 98, in reverse
    resolved_url = resolver._reverse_with_prefix(view, prefix, *args, **kwargs)
  File "C:\Users\jchar\venv\Lib\site-packages\django\urls\resolvers.py", line 831, in _reverse_with_prefix
    raise NoReverseMatch(msg)
django.urls.exceptions.NoReverseMatch: Reverse for 'editovat_hrace' with arguments '('',)' not found. 1 pattern(s) tried: ['kaminka/editovat\\-hrace/(?P<pk>[0-9]+)/\\Z']
ERROR 2026-09-25 11:17:48,256 log Internal Server Error: /kaminka/hraci/
Traceback (most recent call last):
  File "C:\Users\jchar\venv\Lib\site-packages\django\core\handlers\exception.py", line 55, in inner
    response = get_response(request)
  File "C:\Users\jchar\venv\Lib\site-packages\django\core\handlers\base.py", line 197, in _get_response
    response = wrapped_callback(request, *callback_args, **callback_kwargs)
  File "C:\Users\jchar\djangoSport\tenis_app\views.py", line 1022, in hraci_prehled
    return render(request, 'tenis_app/hraci_prehled.html', context)
  File "C:\Users\jchar\venv\Lib\site-packages\django\shortcuts.py", line 25, in render
    content = loader.render_to_string(template_name, context, request, using=using)
  File "C:\Users\jchar\venv\Lib\site-packages\django\template\loader.py", line 62, in render_to_string
    return template.render(context, request)
           ~~~~~~~~~~~~~~~^^^^^^^^^^^^^^^^^^
  File "C:\Users\jchar\venv\Lib\site-packages\django\template\backends\django.py", line 107, in render
    return self.template.render(context)
           ~~~~~~~~~~~~~~~~~~~~^^^^^^^^^
  File "C:\Users\jchar\venv\Lib\site-packages\django\template\base.py", line 171, in render
    return self._render(context)
           ~~~~~~~~~~~~^^^^^^^^^
  File "C:\Users\jchar\venv\Lib\site-packages\django\template\base.py", line 163, in _render
    return self.nodelist.render(context)
           ~~~~~~~~~~~~~~~~~~~~^^^^^^^^^
  File "C:\Users\jchar\venv\Lib\site-packages\django\template\base.py", line 1016, in render
    return SafeString("".join([node.render_annotated(context) for node in self]))
                               ~~~~~~~~~~~~~~~~~~~~~^^^^^^^^^
  File "C:\Users\jchar\venv\Lib\site-packages\django\template\base.py", line 977, in render_annotated
    return self.render(context)
           ~~~~~~~~~~~^^^^^^^^^
  File "C:\Users\jchar\venv\Lib\site-packages\django\template\loader_tags.py", line 159, in render
    return compiled_parent._render(context)
           ~~~~~~~~~~~~~~~~~~~~~~~^^^^^^^^^
  File "C:\Users\jchar\venv\Lib\site-packages\django\template\base.py", line 163, in _render
    return self.nodelist.render(context)
           ~~~~~~~~~~~~~~~~~~~~^^^^^^^^^
  File "C:\Users\jchar\venv\Lib\site-packages\django\template\base.py", line 1016, in render
    return SafeString("".join([node.render_annotated(context) for node in self]))
                               ~~~~~~~~~~~~~~~~~~~~~^^^^^^^^^
  File "C:\Users\jchar\venv\Lib\site-packages\django\template\base.py", line 977, in render_annotated
    return self.render(context)
           ~~~~~~~~~~~^^^^^^^^^
  File "C:\Users\jchar\venv\Lib\site-packages\django\template\loader_tags.py", line 65, in render
    result = block.nodelist.render(context)
  File "C:\Users\jchar\venv\Lib\site-packages\django\template\base.py", line 1016, in render
    return SafeString("".join([node.render_annotated(context) for node in self]))
                               ~~~~~~~~~~~~~~~~~~~~~^^^^^^^^^
  File "C:\Users\jchar\venv\Lib\site-packages\django\template\base.py", line 977, in render_annotated
    return self.render(context)
           ~~~~~~~~~~~^^^^^^^^^
  File "C:\Users\jchar\venv\Lib\site-packages\django\template\defaulttags.py", line 480, in render
    url = reverse(view_name, args=args, kwargs=kwargs, current_app=current_app)
  File "C:\Users\jchar\venv\Lib\site-packages\django\urls\base.py", line 98, in reverse
    resolved_url = resolver._reverse_with_prefix(view, prefix, *args, **kwargs)
  File "C:\Users\jchar\venv\Lib\site-packages\django\urls\resolvers.py", line 831, in _reverse_with_prefix
    raise NoReverseMatch(msg)
django.urls.exceptions.NoReverseMatch: Reverse for 'hrac_edit' with arguments '('',)' not found. 1 pattern(s) tried: ['kaminka/hrac/(?P<pk>[0-9]+)/editovat/\\Z']
ERROR 2026-09-25 11:17:52,091 log Internal Server Error: /kaminka/hraci/
Traceback (most recent call last):
  File "C:\Users\jchar\venv\Lib\site-packages\django\core\handlers\exception.py", line 55, in inner
    response = get_response(request)
  File "C:\Users\jchar\venv\Lib\site-packages\django\core\handlers\base.py", line 197, in _get_response
    response = wrapped_callback(request, *callback_args, **callback_kwargs)
  File "C:\Users\jchar\djangoSport\tenis_app\views.py", line 1022, in hraci_prehled
    return render(request, 'tenis_app/hraci_prehled.html', context)
  File "C:\Users\jchar\venv\Lib\site-packages\django\shortcuts.py", line 25, in render
    content = loader.render_to_string(template_name, context, request, using=using)
  File "C:\Users\jchar\venv\Lib\site-packages\django\template\loader.py", line 62, in render_to_string
    return template.render(context, request)
           ~~~~~~~~~~~~~~~^^^^^^^^^^^^^^^^^^
  File "C:\Users\jchar\venv\Lib\site-packages\django\template\backends\django.py", line 107, in render
    return self.template.render(context)
           ~~~~~~~~~~~~~~~~~~~~^^^^^^^^^
  File "C:\Users\jchar\venv\Lib\site-packages\django\template\base.py", line 171, in render
    return self._render(context)
           ~~~~~~~~~~~~^^^^^^^^^
  File "C:\Users\jchar\venv\Lib\site-packages\django\template\base.py", line 163, in _render
    return self.nodelist.render(context)
           ~~~~~~~~~~~~~~~~~~~~^^^^^^^^^
  File "C:\Users\jchar\venv\Lib\site-packages\django\template\base.py", line 1016, in render
    return SafeString("".join([node.render_annotated(context) for node in self]))
                               ~~~~~~~~~~~~~~~~~~~~~^^^^^^^^^
  File "C:\Users\jchar\venv\Lib\site-packages\django\template\base.py", line 977, in render_annotated
    return self.render(context)
           ~~~~~~~~~~~^^^^^^^^^
  File "C:\Users\jchar\venv\Lib\site-packages\django\template\loader_tags.py", line 159, in render
    return compiled_parent._render(context)
           ~~~~~~~~~~~~~~~~~~~~~~~^^^^^^^^^
  File "C:\Users\jchar\venv\Lib\site-packages\django\template\base.py", line 163, in _render
    return self.nodelist.render(context)
           ~~~~~~~~~~~~~~~~~~~~^^^^^^^^^
  File "C:\Users\jchar\venv\Lib\site-packages\django\template\base.py", line 1016, in render
    return SafeString("".join([node.render_annotated(context) for node in self]))
                               ~~~~~~~~~~~~~~~~~~~~~^^^^^^^^^
  File "C:\Users\jchar\venv\Lib\site-packages\django\template\base.py", line 977, in render_annotated
    return self.render(context)
           ~~~~~~~~~~~^^^^^^^^^
  File "C:\Users\jchar\venv\Lib\site-packages\django\template\loader_tags.py", line 65, in render
    result = block.nodelist.render(context)
  File "C:\Users\jchar\venv\Lib\site-packages\django\template\base.py", line 1016, in render
    return SafeString("".join([node.render_annotated(context) for node in self]))
                               ~~~~~~~~~~~~~~~~~~~~~^^^^^^^^^
  File "C:\Users\jchar\venv\Lib\site-packages\django\template\base.py", line 977, in render_annotated
    return self.render(context)
           ~~~~~~~~~~~^^^^^^^^^
  File "C:\Users\jchar\venv\Lib\site-packages\django\template\defaulttags.py", line 480, in render
    url = reverse(view_name, args=args, kwargs=kwargs, current_app=current_app)
  File "C:\Users\jchar\venv\Lib\site-packages\django\urls\base.py", line 98, in reverse
    resolved_url = resolver._reverse_with_prefix(view, prefix, *args, **kwargs)
  File "C:\Users\jchar\venv\Lib\site-packages\django\urls\resolvers.py", line 831, in _reverse_with_prefix
    raise NoReverseMatch(msg)
django.urls.exceptions.NoReverseMatch: Reverse for 'hrac_edit' with arguments '('',)' not found. 1 pattern(s) tried: ['kaminka/hrac/(?P<pk>[0-9]+)/editovat/\\Z']
ERROR 2026-09-25 11:19:54,679 log Internal Server Error: /kaminka/hrac/65/editovat/
Traceback (most recent call last):
  File "C:\Users\jchar\venv\Lib\site-packages\django\core\handlers\exception.py", line 55, in inner
    response = get_response(request)
  File "C:\Users\jchar\venv\Lib\site-packages\django\core\handlers\base.py", line 197, in _get_response
    response = wrapped_callback(request, *callback_args, **callback_kwargs)
  File "C:\Users\jchar\djangoSport\tenis_app\views.py", line 1041, in hrac_edit
    return render(request, 'tenis_app/hrac_form.html', {'form': form, 'hrac': hrac})
  File "C:\Users\jchar\venv\Lib\site-packages\django\shortcuts.py", line 25, in render
    content = loader.render_to_string(template_name, context, request, using=using)
  File "C:\Users\jchar\venv\Lib\site-packages\django\template\loader.py", line 61, in render_to_string
    template = get_template(template_name, using=using)
  File "C:\Users\jchar\venv\Lib\site-packages\django\template\loader.py", line 19, in get_template
    raise TemplateDoesNotExist(template_name, chain=chain)
django.template.exceptions.TemplateDoesNotExist: tenis_app/hrac_form.html
INFO 2026-09-25 11:23:38,274 autoreload C:\Users\jchar\djangoSport\tenis_app\views.py changed, reloading.
INFO 2026-09-25 11:23:39,987 autoreload Watching for file changes with StatReloader
ERROR 2026-09-25 11:23:44,433 log Internal Server Error: /kaminka/hrac/78/editovat/
Traceback (most recent call last):
  File "C:\Users\jchar\venv\Lib\site-packages\django\core\handlers\exception.py", line 55, in inner
    response = get_response(request)
  File "C:\Users\jchar\venv\Lib\site-packages\django\core\handlers\base.py", line 197, in _get_response
    response = wrapped_callback(request, *callback_args, **callback_kwargs)
  File "C:\Users\jchar\djangoSport\tenis_app\views.py", line 1040, in hrac_edit
    return render(request, 'tenis_app/hrac_form.html', {'form': form, 'hrac': hrac})
  File "C:\Users\jchar\venv\Lib\site-packages\django\shortcuts.py", line 25, in render
    content = loader.render_to_string(template_name, context, request, using=using)
  File "C:\Users\jchar\venv\Lib\site-packages\django\template\loader.py", line 61, in render_to_string
    template = get_template(template_name, using=using)
  File "C:\Users\jchar\venv\Lib\site-packages\django\template\loader.py", line 19, in get_template
    raise TemplateDoesNotExist(template_name, chain=chain)
django.template.exceptions.TemplateDoesNotExist: tenis_app/hrac_form.html
ERROR 2026-09-25 11:24:20,377 log Internal Server Error: /kaminka/hrac/63/editovat/
Traceback (most recent call last):
  File "C:\Users\jchar\venv\Lib\site-packages\django\core\handlers\exception.py", line 55, in inner
    response = get_response(request)
  File "C:\Users\jchar\venv\Lib\site-packages\django\core\handlers\base.py", line 197, in _get_response
    response = wrapped_callback(request, *callback_args, **callback_kwargs)
  File "C:\Users\jchar\djangoSport\tenis_app\views.py", line 1040, in hrac_edit
    return render(request, 'tenis_app/hrac_form.html', {'form': form, 'hrac': hrac})
  File "C:\Users\jchar\venv\Lib\site-packages\django\shortcuts.py", line 25, in render
    content = loader.render_to_string(template_name, context, request, using=using)
  File "C:\Users\jchar\venv\Lib\site-packages\django\template\loader.py", line 61, in render_to_string
    template = get_template(template_name, using=using)
  File "C:\Users\jchar\venv\Lib\site-packages\django\template\loader.py", line 19, in get_template
    raise TemplateDoesNotExist(template_name, chain=chain)
django.template.exceptions.TemplateDoesNotExist: tenis_app/hrac_form.html
INFO 2026-09-25 11:26:03,915 autoreload C:\Users\jchar\djangoSport\tenis_app\urls.py changed, reloading.
INFO 2026-09-25 11:26:05,476 autoreload Watching for file changes with StatReloader
WARNING 2026-09-25 11:28:08,224 log Not Found: /media/hraci/ja_8x9tIBh.jpg
INFO 2026-09-25 12:17:14,541 autoreload C:\Users\jchar\djangoSport\tenis_app\forms.py changed, reloading.
INFO 2026-09-25 12:17:16,585 autoreload Watching for file changes with StatReloader
WARNING 2026-09-25 12:17:20,570 log Not Found: /media/hraci/ja_8x9tIBh.jpg
INFO 2026-09-25 12:21:12,427 views Uživatel jchar si prohlíží soutìž: Léto 2026 - D
INFO 2026-09-25 12:22:37,885 views Uživatel jchar si prohlíží soutìž: Léto 2026 - A
INFO 2026-09-25 12:31:49,834 autoreload C:\Users\jchar\djangoSport\tenis_app\forms.py changed, reloading.
INFO 2026-09-25 12:31:51,545 autoreload Watching for file changes with StatReloader
INFO 2026-09-25 12:32:00,038 views Uživatel jchar si prohlíží soutìž: Léto 2026 - A
INFO 2026-09-25 12:33:07,643 views Uživatel jchar si prohlíží soutìž: Léto 2026 - A
INFO 2026-09-25 12:33:35,004 views Uživatel jchar si prohlíží soutìž: Léto 2026 - A
INFO 2026-09-25 12:34:03,062 views Uživatel jchar si prohlíží soutìž: Léto 2026 - A
INFO 2026-09-25 12:37:15,018 views Uživatel jchar si prohlíží soutìž: Léto 2026 - A
INFO 2026-09-25 12:37:58,075 views Uživatel jchar si prohlíží soutìž: Léto 2026 - A
INFO 2026-09-25 12:38:10,215 views Uživatel jchar si prohlíží soutìž: Léto 2026 - C
INFO 2026-09-25 12:38:10,896 views Uživatel jchar si prohlíží soutìž: Léto 2026 - C
INFO 2026-09-25 12:38:14,387 views Uživatel jchar si prohlíží soutìž: Léto 2026 - D
INFO 2026-09-25 12:38:18,477 views Uživatel jchar si prohlíží soutìž: Léto 2026 - C
INFO 2026-09-25 12:38:23,640 views Uživatel jchar si prohlíží soutìž: Léto 2026 - B
INFO 2026-09-25 12:38:26,068 views Uživatel jchar si prohlíží soutìž: Léto 2026 - C
INFO 2026-09-25 12:39:33,337 views Uživatel jchar si prohlíží soutìž: Zima 26/27 - A
INFO 2026-09-25 12:39:35,512 views Uživatel jchar si prohlíží soutìž: Zima 26/27 - B
INFO 2026-09-25 12:39:36,992 views Uživatel jchar si prohlíží soutìž: Zima 26/27 - A
INFO 2026-09-27 08:35:13,181 autoreload Watching for file changes with StatReloader
WARNING 2026-09-27 08:35:21,047 log Not Found: /kaminka/tenis/
INFO 2026-09-27 08:35:52,267 views Uživatel jchar si prohlíží soutìž: Léto 2026 - A
INFO 2026-09-27 09:19:48,368 autoreload Watching for file changes with StatReloader
INFO 2026-09-27 09:26:24,364 autoreload Watching for file changes with StatReloader
INFO 2026-09-27 09:37:01,371 autoreload Watching for file changes with StatReloader
INFO 2026-09-27 09:48:18,137 autoreload Watching for file changes with StatReloader
INFO 2026-09-27 09:53:58,245 autoreload Watching for file changes with StatReloader
INFO 2026-09-27 09:54:11,622 views Uživatel jchar si prohlíží soutìž: Léto 2026 - A
INFO 2026-09-27 09:59:00,224 autoreload Watching for file changes with StatReloader
INFO 2026-09-27 09:59:04,787 views Uživatel jchar si prohlíží soutìž: Léto 2026 - A
INFO 2026-09-27 09:59:08,887 views Uživatel jchar si prohlíží soutìž: Léto 2026 - A
INFO 2026-09-27 09:59:31,343 views Uživatel jchar si prohlíží soutìž: Léto 2026 - A
INFO 2026-09-27 09:59:53,658 views Uživatel jchar si prohlíží soutìž: Léto 2026 - A
INFO 2026-09-27 10:29:02,789 autoreload Watching for file changes with StatReloader
INFO 2026-09-28 07:44:59,542 autoreload Watching for file changes with StatReloader
INFO 2026-09-28 07:51:53,817 views Uživatel jchar si prohlíží soutìž: Léto 2026 - A
INFO 2026-09-28 07:52:21,109 views Uživatel jchar si prohlíží soutìž: Léto 2026 - A
INFO 2026-09-28 07:52:33,442 views Uživatel jchar si prohlíží soutìž: Léto 2026 - A
INFO 2026-09-28 07:53:09,560 autoreload C:\Users\jchar\djangoSport\tenis_app\forms.py changed, reloading.
INFO 2026-09-28 07:53:12,008 autoreload Watching for file changes with StatReloader
INFO 2026-09-28 07:53:38,789 views Uživatel jchar si prohlíží soutìž: Léto 2026 - A
INFO 2026-09-28 07:54:06,918 views Uživatel jchar si prohlíží soutìž: Léto 2026 - A
INFO 2026-09-28 07:54:22,872 views Uživatel jchar si prohlíží soutìž: Léto 2026 - A
INFO 2026-09-28 07:54:51,099 views Uživatel jchar si prohlíží soutìž: Léto 2026 - A
INFO 2026-09-28 08:04:33,561 views Uživatel jchar si prohlíží soutìž: Léto 2026 - A
INFO 2026-09-28 08:17:39,117 views Uživatel jchar si prohlíží soutìž: Léto 2026 - A
INFO 2026-09-28 08:24:00,320 autoreload Watching for file changes with StatReloader
INFO 2026-09-28 08:24:04,706 views Uživatel jchar si prohlíží soutìž: Léto 2026 - A
INFO 2026-09-28 08:47:03,024 autoreload Watching for file changes with StatReloader
INFO 2026-09-28 08:47:09,394 views Uživatel jchar si prohlíží soutìž: Léto 2026 - A
INFO 2026-09-29 10:19:06,024 autoreload Watching for file changes with StatReloader
INFO 2026-09-29 10:19:31,528 views Uživatel jchar si prohlíží soutìž: Léto 2026 - A
INFO 2026-09-29 10:20:15,129 views Uživatel jchar si prohlíží soutìž: Léto 2026 - A
INFO 2026-09-29 10:21:16,551 views Uživatel jchar si prohlíží soutìž: Léto 2026 - A
INFO 2026-09-29 10:21:20,575 views Uživatel jchar si prohlíží soutìž: Léto 2026 - A
INFO 2026-09-29 10:22:34,737 views Uživatel jchar si prohlíží soutìž: Léto 2026 - A
INFO 2026-09-29 10:23:23,285 views Uživatel jchar si prohlíží soutìž: Léto 2026 - A
INFO 2026-09-29 10:24:03,209 views Uživatel jchar si prohlíží soutìž: Léto 2026 - A
INFO 2026-09-29 10:24:31,649 views Uživatel jchar si prohlíží soutìž: Léto 2026 - C
INFO 2026-09-29 10:24:43,755 views Uživatel jchar si prohlíží soutìž: Léto 2026 - C
INFO 2026-09-29 10:28:25,679 views Uživatel jchar si prohlíží soutìž: Léto 2026 - Ženy
INFO 2026-09-29 10:29:15,549 autoreload Watching for file changes with StatReloader
INFO 2026-10-02 18:57:42,373 autoreload Watching for file changes with StatReloader
INFO 2026-10-02 19:06:43,905 autoreload Watching for file changes with StatReloader
INFO 2026-10-02 19:07:30,975 views Uživatel jchar si prohlíží soutìž: Léto 2026 - A
INFO 2026-10-02 19:07:56,672 views Uživatel jchar si prohlíží soutìž: Léto 2026 - A
ERROR 2026-10-02 19:17:05,613 log Internal Server Error: /kaminka/historie/
Traceback (most recent call last):
  File "C:\Users\jchar\venv\Lib\site-packages\django\template\base.py", line 510, in parse
    compile_func = self.tags[command]
                   ~~~~~~~~~^^^^^^^^^
KeyError: 'empty'

During handling of the above exception, another exception occurred:

Traceback (most recent call last):
  File "C:\Users\jchar\venv\Lib\site-packages\django\core\handlers\exception.py", line 55, in inner
    response = get_response(request)
  File "C:\Users\jchar\venv\Lib\site-packages\django\core\handlers\base.py", line 197, in _get_response
    response = wrapped_callback(request, *callback_args, **callback_kwargs)
  File "C:\Users\jchar\venv\Lib\site-packages\django\contrib\auth\decorators.py", line 59, in _view_wrapper
    return view_func(request, *args, **kwargs)
  File "C:\Users\jchar\djangoSport\tenis_app\views.py", line 576, in prehled_vsech_zapasu
    return render(request, 'tenis_app/vsechny_zapasy.html', {
        'planovane': planovane,
    ...<2 lines>...
        'statistiky_hracu': statistiky_hracu,
    })
  File "C:\Users\jchar\venv\Lib\site-packages\django\shortcuts.py", line 25, in render
    content = loader.render_to_string(template_name, context, request, using=using)
  File "C:\Users\jchar\venv\Lib\site-packages\django\template\loader.py", line 61, in render_to_string
    template = get_template(template_name, using=using)
  File "C:\Users\jchar\venv\Lib\site-packages\django\template\loader.py", line 15, in get_template
    return engine.get_template(template_name)
           ~~~~~~~~~~~~~~~~~~~^^^^^^^^^^^^^^^
  File "C:\Users\jchar\venv\Lib\site-packages\django\template\backends\django.py", line 79, in get_template
    return Template(self.engine.get_template(template_name), self)
                    ~~~~~~~~~~~~~~~~~~~~~~~~^^^^^^^^^^^^^^^
  File "C:\Users\jchar\venv\Lib\site-packages\django\template\engine.py", line 177, in get_template
    template, origin = self.find_template(template_name)
                       ~~~~~~~~~~~~~~~~~~^^^^^^^^^^^^^^^
  File "C:\Users\jchar\venv\Lib\site-packages\django\template\engine.py", line 159, in find_template
    template = loader.get_template(name, skip=skip)
  File "C:\Users\jchar\venv\Lib\site-packages\django\template\loaders\cached.py", line 57, in get_template
    template = super().get_template(template_name, skip)
  File "C:\Users\jchar\venv\Lib\site-packages\django\template\loaders\base.py", line 28, in get_template
    return Template(
        contents,
    ...<2 lines>...
        self.engine,
    )
  File "C:\Users\jchar\venv\Lib\site-packages\django\template\base.py", line 154, in __init__
    self.nodelist = self.compile_nodelist()
                    ~~~~~~~~~~~~~~~~~~~~~^^
  File "C:\Users\jchar\venv\Lib\site-packages\django\template\base.py", line 196, in compile_nodelist
    nodelist = parser.parse()
  File "C:\Users\jchar\venv\Lib\site-packages\django\template\base.py", line 518, in parse
    raise self.error(token, e)
  File "C:\Users\jchar\venv\Lib\site-packages\django\template\base.py", line 516, in parse
    compiled_result = compile_func(self, token)
  File "C:\Users\jchar\venv\Lib\site-packages\django\template\loader_tags.py", line 299, in do_extends
    nodelist = parser.parse()
  File "C:\Users\jchar\venv\Lib\site-packages\django\template\base.py", line 518, in parse
    raise self.error(token, e)
  File "C:\Users\jchar\venv\Lib\site-packages\django\template\base.py", line 516, in parse
    compiled_result = compile_func(self, token)
  File "C:\Users\jchar\venv\Lib\site-packages\django\template\loader_tags.py", line 234, in do_block
    nodelist = parser.parse(("endblock",))
  File "C:\Users\jchar\venv\Lib\site-packages\django\template\base.py", line 512, in parse
    self.invalid_block_tag(token, command, parse_until)
    ~~~~~~~~~~~~~~~~~~~~~~^^^^^^^^^^^^^^^^^^^^^^^^^^^^^
  File "C:\Users\jchar\venv\Lib\site-packages\django\template\base.py", line 567, in invalid_block_tag
    raise self.error(
    ...<8 lines>...
    )
django.template.exceptions.TemplateSyntaxError: Invalid block tag on line 178: 'empty', expected 'endblock'. Did you forget to register or load this tag?
ERROR 2026-10-02 19:17:57,684 log Internal Server Error: /kaminka/historie/
Traceback (most recent call last):
  File "C:\Users\jchar\venv\Lib\site-packages\django\template\base.py", line 510, in parse
    compile_func = self.tags[command]
                   ~~~~~~~~~^^^^^^^^^
KeyError: 'empty'

During handling of the above exception, another exception occurred:

Traceback (most recent call last):
  File "C:\Users\jchar\venv\Lib\site-packages\django\core\handlers\exception.py", line 55, in inner
    response = get_response(request)
  File "C:\Users\jchar\venv\Lib\site-packages\django\core\handlers\base.py", line 197, in _get_response
    response = wrapped_callback(request, *callback_args, **callback_kwargs)
  File "C:\Users\jchar\venv\Lib\site-packages\django\contrib\auth\decorators.py", line 59, in _view_wrapper
    return view_func(request, *args, **kwargs)
  File "C:\Users\jchar\djangoSport\tenis_app\views.py", line 576, in prehled_vsech_zapasu
    return render(request, 'tenis_app/vsechny_zapasy.html', {
        'planovane': planovane,
    ...<2 lines>...
        'statistiky_hracu': statistiky_hracu,
    })
  File "C:\Users\jchar\venv\Lib\site-packages\django\shortcuts.py", line 25, in render
    content = loader.render_to_string(template_name, context, request, using=using)
  File "C:\Users\jchar\venv\Lib\site-packages\django\template\loader.py", line 61, in render_to_string
    template = get_template(template_name, using=using)
  File "C:\Users\jchar\venv\Lib\site-packages\django\template\loader.py", line 15, in get_template
    return engine.get_template(template_name)
           ~~~~~~~~~~~~~~~~~~~^^^^^^^^^^^^^^^
  File "C:\Users\jchar\venv\Lib\site-packages\django\template\backends\django.py", line 79, in get_template
    return Template(self.engine.get_template(template_name), self)
                    ~~~~~~~~~~~~~~~~~~~~~~~~^^^^^^^^^^^^^^^
  File "C:\Users\jchar\venv\Lib\site-packages\django\template\engine.py", line 177, in get_template
    template, origin = self.find_template(template_name)
                       ~~~~~~~~~~~~~~~~~~^^^^^^^^^^^^^^^
  File "C:\Users\jchar\venv\Lib\site-packages\django\template\engine.py", line 159, in find_template
    template = loader.get_template(name, skip=skip)
  File "C:\Users\jchar\venv\Lib\site-packages\django\template\loaders\cached.py", line 57, in get_template
    template = super().get_template(template_name, skip)
  File "C:\Users\jchar\venv\Lib\site-packages\django\template\loaders\base.py", line 28, in get_template
    return Template(
        contents,
    ...<2 lines>...
        self.engine,
    )
  File "C:\Users\jchar\venv\Lib\site-packages\django\template\base.py", line 154, in __init__
    self.nodelist = self.compile_nodelist()
                    ~~~~~~~~~~~~~~~~~~~~~^^
  File "C:\Users\jchar\venv\Lib\site-packages\django\template\base.py", line 196, in compile_nodelist
    nodelist = parser.parse()
  File "C:\Users\jchar\venv\Lib\site-packages\django\template\base.py", line 518, in parse
    raise self.error(token, e)
  File "C:\Users\jchar\venv\Lib\site-packages\django\template\base.py", line 516, in parse
    compiled_result = compile_func(self, token)
  File "C:\Users\jchar\venv\Lib\site-packages\django\template\loader_tags.py", line 299, in do_extends
    nodelist = parser.parse()
  File "C:\Users\jchar\venv\Lib\site-packages\django\template\base.py", line 518, in parse
    raise self.error(token, e)
  File "C:\Users\jchar\venv\Lib\site-packages\django\template\base.py", line 516, in parse
    compiled_result = compile_func(self, token)
  File "C:\Users\jchar\venv\Lib\site-packages\django\template\loader_tags.py", line 234, in do_block
    nodelist = parser.parse(("endblock",))
  File "C:\Users\jchar\venv\Lib\site-packages\django\template\base.py", line 512, in parse
    self.invalid_block_tag(token, command, parse_until)
    ~~~~~~~~~~~~~~~~~~~~~~^^^^^^^^^^^^^^^^^^^^^^^^^^^^^
  File "C:\Users\jchar\venv\Lib\site-packages\django\template\base.py", line 567, in invalid_block_tag
    raise self.error(
    ...<8 lines>...
    )
django.template.exceptions.TemplateSyntaxError: Invalid block tag on line 178: 'empty', expected 'endblock'. Did you forget to register or load this tag?
ERROR 2026-10-02 19:18:09,606 log Internal Server Error: /kaminka/historie/
Traceback (most recent call last):
  File "C:\Users\jchar\venv\Lib\site-packages\django\template\base.py", line 510, in parse
    compile_func = self.tags[command]
                   ~~~~~~~~~^^^^^^^^^
KeyError: 'empty'

During handling of the above exception, another exception occurred:

Traceback (most recent call last):
  File "C:\Users\jchar\venv\Lib\site-packages\django\core\handlers\exception.py", line 55, in inner
    response = get_response(request)
  File "C:\Users\jchar\venv\Lib\site-packages\django\core\handlers\base.py", line 197, in _get_response
    response = wrapped_callback(request, *callback_args, **callback_kwargs)
  File "C:\Users\jchar\venv\Lib\site-packages\django\contrib\auth\decorators.py", line 59, in _view_wrapper
    return view_func(request, *args, **kwargs)
  File "C:\Users\jchar\djangoSport\tenis_app\views.py", line 576, in prehled_vsech_zapasu
    return render(request, 'tenis_app/vsechny_zapasy.html', {
        'planovane': planovane,
    ...<2 lines>...
        'statistiky_hracu': statistiky_hracu,
    })
  File "C:\Users\jchar\venv\Lib\site-packages\django\shortcuts.py", line 25, in render
    content = loader.render_to_string(template_name, context, request, using=using)
  File "C:\Users\jchar\venv\Lib\site-packages\django\template\loader.py", line 61, in render_to_string
    template = get_template(template_name, using=using)
  File "C:\Users\jchar\venv\Lib\site-packages\django\template\loader.py", line 15, in get_template
    return engine.get_template(template_name)
           ~~~~~~~~~~~~~~~~~~~^^^^^^^^^^^^^^^
  File "C:\Users\jchar\venv\Lib\site-packages\django\template\backends\django.py", line 79, in get_template
    return Template(self.engine.get_template(template_name), self)
                    ~~~~~~~~~~~~~~~~~~~~~~~~^^^^^^^^^^^^^^^
  File "C:\Users\jchar\venv\Lib\site-packages\django\template\engine.py", line 177, in get_template
    template, origin = self.find_template(template_name)
                       ~~~~~~~~~~~~~~~~~~^^^^^^^^^^^^^^^
  File "C:\Users\jchar\venv\Lib\site-packages\django\template\engine.py", line 159, in find_template
    template = loader.get_template(name, skip=skip)
  File "C:\Users\jchar\venv\Lib\site-packages\django\template\loaders\cached.py", line 57, in get_template
    template = super().get_template(template_name, skip)
  File "C:\Users\jchar\venv\Lib\site-packages\django\template\loaders\base.py", line 28, in get_template
    return Template(
        contents,
    ...<2 lines>...
        self.engine,
    )
  File "C:\Users\jchar\venv\Lib\site-packages\django\template\base.py", line 154, in __init__
    self.nodelist = self.compile_nodelist()
                    ~~~~~~~~~~~~~~~~~~~~~^^
  File "C:\Users\jchar\venv\Lib\site-packages\django\template\base.py", line 196, in compile_nodelist
    nodelist = parser.parse()
  File "C:\Users\jchar\venv\Lib\site-packages\django\template\base.py", line 518, in parse
    raise self.error(token, e)
  File "C:\Users\jchar\venv\Lib\site-packages\django\template\base.py", line 516, in parse
    compiled_result = compile_func(self, token)
  File "C:\Users\jchar\venv\Lib\site-packages\django\template\loader_tags.py", line 299, in do_extends
    nodelist = parser.parse()
  File "C:\Users\jchar\venv\Lib\site-packages\django\template\base.py", line 518, in parse
    raise self.error(token, e)
  File "C:\Users\jchar\venv\Lib\site-packages\django\template\base.py", line 516, in parse
    compiled_result = compile_func(self, token)
  File "C:\Users\jchar\venv\Lib\site-packages\django\template\loader_tags.py", line 234, in do_block
    nodelist = parser.parse(("endblock",))
  File "C:\Users\jchar\venv\Lib\site-packages\django\template\base.py", line 512, in parse
    self.invalid_block_tag(token, command, parse_until)
    ~~~~~~~~~~~~~~~~~~~~~~^^^^^^^^^^^^^^^^^^^^^^^^^^^^^
  File "C:\Users\jchar\venv\Lib\site-packages\django\template\base.py", line 567, in invalid_block_tag
    raise self.error(
    ...<8 lines>...
    )
django.template.exceptions.TemplateSyntaxError: Invalid block tag on line 178: 'empty', expected 'endblock'. Did you forget to register or load this tag?
INFO 2026-10-02 19:49:57,905 autoreload Watching for file changes with StatReloader
INFO 2026-10-02 19:50:01,166 views Uživatel jchar si prohlíží soutìž: Léto 2026 - D
INFO 2026-10-02 19:50:11,165 views Uživatel jchar si prohlíží soutìž: Léto 2026 - A
INFO 2026-10-03 07:44:42,186 autoreload Watching for file changes with StatReloader
INFO 2026-10-03 07:44:44,986 views Uživatel jchar si prohlíží soutìž: Léto 2026 - A
INFO 2026-10-03 07:44:47,846 views Uživatel jchar si prohlíží soutìž: Zima 26/27 - A
INFO 2026-10-03 07:45:16,640 views Uživatel jchar si prohlíží soutìž: Zima 26/27 - A
INFO 2026-10-03 07:47:42,951 views Uživatel jchar si prohlíží soutìž: Léto 2026 - A
INFO 2026-10-03 07:47:47,709 views Uživatel jchar si prohlíží soutìž: Zima 26/27 - A
INFO 2026-10-03 07:47:53,883 views Uživatel jchar si prohlíží soutìž: Zima 26/27 - A
INFO 2026-10-03 07:47:55,906 views Uživatel jchar si prohlíží soutìž: Zima 26/27 - A
INFO 2026-10-03 07:48:16,132 views Uživatel jchar si prohlíží soutìž: Zima 26/27 - A
INFO 2026-10-03 07:53:29,296 views Uživatel jchar si prohlíží soutìž: Zima 26/27 - A
INFO 2026-10-03 07:53:44,032 views Uživatel jchar si prohlíží soutìž: Zima 26/27 - A
INFO 2026-10-03 07:53:46,827 views Uživatel jchar si prohlíží soutìž: Zima 26/27 - A
INFO 2026-10-03 07:53:48,326 views Uživatel jchar si prohlíží soutìž: Zima 26/27 - A
INFO 2026-10-03 07:53:50,425 views Uživatel jchar si prohlíží soutìž: Zima 26/27 - A
INFO 2026-10-03 08:29:54,065 autoreload Watching for file changes with StatReloader
INFO 2026-10-03 08:30:14,924 views Uživatel jchar si prohlíží soutìž: Léto 2026 - A
INFO 2026-10-03 08:30:23,259 views Uživatel jchar si prohlíží soutìž: Zima 26/27 - A
INFO 2026-10-03 08:30:32,971 views Uživatel jchar si prohlíží soutìž: Léto 2026 - A
INFO 2026-10-03 08:30:35,294 views Uživatel jchar si prohlíží soutìž: Léto 2026 - B
INFO 2026-10-03 08:30:36,957 views Uživatel jchar si prohlíží soutìž: Léto 2026 - C
INFO 2026-10-03 08:30:39,193 views Uživatel jchar si prohlíží soutìž: Léto 2026 - D
INFO 2026-10-03 08:32:50,266 autoreload C:\Users\jchar\djangoSport\tenis_app\views.py changed, reloading.
INFO 2026-10-03 08:32:52,673 autoreload Watching for file changes with StatReloader
INFO 2026-10-03 08:32:59,700 views Uživatel jchar si prohlíží soutìž: Léto 2026 - D
INFO 2026-10-03 08:33:07,296 views Uživatel jchar si prohlíží soutìž: Zima 26/27 - A
INFO 2026-10-03 08:33:14,246 views Uživatel jchar si prohlíží soutìž: Zima 26/27 - A
INFO 2026-10-03 08:33:37,407 autoreload C:\Users\jchar\djangoSport\tenis_app\views.py changed, reloading.
INFO 2026-10-03 08:33:39,892 autoreload Watching for file changes with StatReloader
INFO 2026-10-03 08:33:43,281 views Uživatel jchar si prohlíží soutìž: Zima 26/27 - A
INFO 2026-10-03 08:33:45,968 views Uživatel jchar si prohlíží soutìž: Zima 26/27 - B
INFO 2026-10-03 08:33:48,278 views Uživatel jchar si prohlíží soutìž: Léto 2026 - B
INFO 2026-10-03 08:33:50,976 views Uživatel jchar si prohlíží soutìž: Léto 2026 - A
INFO 2026-10-03 08:34:06,154 views Uživatel jchar si prohlíží soutìž: Zima 26/27 - A
INFO 2026-10-03 08:34:15,234 autoreload C:\Users\jchar\djangoSport\tenis_app\views.py changed, reloading.
INFO 2026-10-03 08:34:17,765 autoreload Watching for file changes with StatReloader
INFO 2026-10-03 08:34:25,022 views Uživatel jchar si prohlíží soutìž: Léto 2026 - A
INFO 2026-10-03 08:34:36,249 autoreload C:\Users\jchar\djangoSport\tenis_app\views.py changed, reloading.
INFO 2026-10-03 08:34:38,605 autoreload Watching for file changes with StatReloader
INFO 2026-10-03 08:37:19,604 autoreload C:\Users\jchar\djangoSport\tenis_app\views.py changed, reloading.
INFO 2026-10-03 08:37:21,995 autoreload Watching for file changes with StatReloader
INFO 2026-10-03 08:37:25,371 views Uživatel jchar si prohlíží soutìž: Léto 2026 - A
INFO 2026-10-03 08:37:30,960 views Uživatel jchar si prohlíží soutìž: Zima 26/27 - A
INFO 2026-10-03 09:16:05,759 autoreload C:\Users\jchar\djangoSport\tenis_app\views.py changed, reloading.
INFO 2026-10-03 09:16:08,569 autoreload Watching for file changes with StatReloader
INFO 2026-10-03 09:16:12,439 views Uživatel jchar si prohlíží soutìž: Zima 26/27 - A
INFO 2026-10-03 09:17:47,566 views Uživatel jchar si prohlíží soutìž: Léto 2026 - A
INFO 2026-10-03 09:20:10,033 autoreload C:\Users\jchar\djangoSport\tenis_app\views.py changed, reloading.
INFO 2026-10-03 09:20:12,259 autoreload Watching for file changes with StatReloader
INFO 2026-10-03 09:20:15,044 views Uživatel jchar si prohlíží soutìž: Léto 2026 - A
ERROR 2026-10-03 09:20:15,256 log Internal Server Error: /kaminka/detail/26_kaminka_leto_A/
Traceback (most recent call last):
  File "C:\Users\jchar\venv\Lib\site-packages\django\core\handlers\exception.py", line 55, in inner
    response = get_response(request)
  File "C:\Users\jchar\venv\Lib\site-packages\django\core\handlers\base.py", line 197, in _get_response
    response = wrapped_callback(request, *callback_args, **callback_kwargs)
  File "C:\Users\jchar\venv\Lib\site-packages\django\contrib\auth\decorators.py", line 59, in _view_wrapper
    return view_func(request, *args, **kwargs)
  File "C:\Users\jchar\djangoSport\tenis_app\views.py", line 172, in detail_souteze
    context = vypocitej_tabulku_dat(soutez=soutez, request=request)
  File "C:\Users\jchar\djangoSport\tenis_app\views.py", line 132, in vypocitej_tabulku_dat
    u = reverse('ten_app:editovat_vysledek', args=[z_obj.id]) if 'ten_app' in sys.modules else reverse('tenis_app:editovat_vysledek', args=[z_obj.id])
                                                                              ^^^
NameError: name 'sys' is not defined. Did you forget to import 'sys'?
INFO 2026-10-03 09:21:02,070 autoreload C:\Users\jchar\djangoSport\tenis_app\views.py changed, reloading.
INFO 2026-10-03 09:21:04,510 autoreload Watching for file changes with StatReloader
INFO 2026-10-03 09:21:06,230 views Uživatel jchar si prohlíží soutìž: Léto 2026 - A
INFO 2026-10-03 09:21:12,292 views Uživatel jchar si prohlíží soutìž: Zima 26/27 - A
INFO 2026-10-03 09:21:16,473 views Uživatel jchar si prohlíží soutìž: Léto 2026 - A
INFO 2026-10-03 09:21:22,925 views Uživatel jchar si prohlíží soutìž: Zima 26/27 - A
INFO 2026-10-03 09:23:42,622 autoreload C:\Users\jchar\djangoSport\tenis_app\views.py changed, reloading.
INFO 2026-10-03 09:23:45,196 autoreload Watching for file changes with StatReloader
INFO 2026-10-03 09:23:47,172 views Uživatel jchar si prohlíží soutìž: Zima 26/27 - A
INFO 2026-10-03 09:23:55,085 views Uživatel jchar si prohlíží soutìž: Léto 2026 - A
INFO 2026-10-03 09:24:00,467 views Uživatel jchar si prohlíží soutìž: Léto 2026 - D
INFO 2026-10-03 09:24:01,969 views Uživatel jchar si prohlíží soutìž: Léto 2026 - C
INFO 2026-10-03 09:24:04,352 views Uživatel jchar si prohlíží soutìž: Léto 2026 - D
INFO 2026-10-03 09:24:08,553 views Uživatel jchar si prohlíží soutìž: Zima 26/27 - A
INFO 2026-10-03 09:25:04,489 autoreload C:\Users\jchar\djangoSport\tenis_app\views.py changed, reloading.
INFO 2026-10-03 09:25:06,623 autoreload Watching for file changes with StatReloader
INFO 2026-10-03 09:25:07,953 views Uživatel jchar si prohlíží soutìž: Zima 26/27 - A
INFO 2026-10-03 09:25:11,182 views Uživatel jchar si prohlíží soutìž: Zima 26/27 - A
INFO 2026-10-03 09:25:13,860 views Uživatel jchar si prohlíží soutìž: Léto 2026 - A
INFO 2026-10-03 09:25:20,206 views Uživatel jchar si prohlíží soutìž: Zima 26/27 - B
INFO 2026-10-03 09:25:22,311 views Uživatel jchar si prohlíží soutìž: Zima 26/27 - A
INFO 2026-10-03 09:37:44,996 autoreload Watching for file changes with StatReloader
INFO 2026-10-03 09:38:05,047 views Uživatel jchar si prohlíží soutìž: Léto 2026 - B
INFO 2026-10-03 09:38:36,473 views Uživatel jchar si prohlíží soutìž: Léto 2026 - B
INFO 2026-10-03 09:39:05,570 views Uživatel jchar si prohlíží soutìž: Zima 26/27 - A
INFO 2026-10-03 09:39:26,721 views VÝSLEDEK ZAPSÁN: Daniel KRÁL vs Vojtìch MAHELKA - 6:2
INFO 2026-10-03 09:39:30,922 views Uživatel jchar si prohlíží soutìž: Zima 26/27 - A
INFO 2026-10-03 09:40:03,291 views Uživatel jchar si prohlíží soutìž: Zima 26/27 - A
INFO 2026-10-03 09:40:21,143 views VÝSLEDEK ZAPSÁN: Jiøí KRAUS vs Vojtìch MAHELKA - 6:1
INFO 2026-10-03 09:40:24,568 views Uživatel jchar si prohlíží soutìž: Zima 26/27 - A
INFO 2026-10-03 09:40:32,511 views Uživatel jchar si prohlíží soutìž: Zima 26/27 - A
INFO 2026-10-03 09:40:58,529 views Uživatel jchar si prohlíží soutìž: Zima 26/27 - A
INFO 2026-10-03 09:43:00,721 views Uživatel jchar si prohlíží soutìž: Léto 2026 - A
INFO 2026-10-03 09:48:29,187 autoreload C:\Users\jchar\djangoSport\tenis_app\views.py changed, reloading.
INFO 2026-10-03 09:48:32,354 autoreload Watching for file changes with StatReloader
INFO 2026-10-03 09:50:54,444 views Uživatel jchar si prohlíží soutìž: Léto 2026 - A
ERROR 2026-10-03 09:50:54,628 log Internal Server Error: /kaminka/detail/26_kaminka_leto_A/
Traceback (most recent call last):
  File "C:\Users\jchar\venv\Lib\site-packages\django\core\handlers\exception.py", line 55, in inner
    response = get_response(request)
  File "C:\Users\jchar\venv\Lib\site-packages\django\core\handlers\base.py", line 197, in _get_response
    response = wrapped_callback(request, *callback_args, **callback_kwargs)
  File "C:\Users\jchar\venv\Lib\site-packages\django\contrib\auth\decorators.py", line 59, in _view_wrapper
    return view_func(request, *args, **kwargs)
  File "C:\Users\jchar\djangoSport\tenis_app\views.py", line 182, in detail_souteze
    context = vypocitej_tabulku_dat(soutez=soutez, request=request)
  File "C:\Users\jchar\djangoSport\tenis_app\views.py", line 99, in vypocitej_tabulku_dat
    stats_dict = {stat['hrac_obj'].id: stat for stat in statistiky_ligy}
                                                        ^^^^^^^^^^^^^^^
NameError: name 'statistiky_ligy' is not defined
INFO 2026-10-03 09:53:54,287 autoreload C:\Users\jchar\djangoSport\tenis_app\views.py changed, reloading.
INFO 2026-10-03 09:53:55,819 autoreload Watching for file changes with StatReloader
INFO 2026-10-03 09:54:00,593 views Uživatel jchar si prohlíží soutìž: Léto 2026 - A
INFO 2026-10-03 09:54:15,460 views Uživatel jchar si prohlíží soutìž: Zima 26/27 - A
INFO 2026-10-03 09:54:18,849 views Uživatel jchar si prohlíží soutìž: Léto 2026 - B
INFO 2026-10-03 09:54:21,127 views Uživatel jchar si prohlíží soutìž: Léto 2026 - A
INFO 2026-10-03 09:56:14,351 views Uživatel jchar si prohlíží soutìž: Léto 2026 - A
INFO 2026-10-03 09:56:43,517 views Uživatel jchar si prohlíží soutìž: Léto 2026 - A
INFO 2026-10-03 09:57:01,628 views Uživatel jchar si prohlíží soutìž: Léto 2026 - A
INFO 2026-10-03 10:01:57,751 views Uživatel jchar si prohlíží soutìž: Léto 2026 - A
INFO 2026-10-03 10:03:56,282 autoreload C:\Users\jchar\djangoSport\tenis_app\views.py changed, reloading.
INFO 2026-10-03 10:03:59,748 autoreload Watching for file changes with StatReloader
INFO 2026-10-03 10:04:01,169 views Uživatel jchar si prohlíží soutìž: Léto 2026 - A
INFO 2026-10-03 10:05:30,475 autoreload C:\Users\jchar\djangoSport\tenis_app\views.py changed, reloading.
INFO 2026-10-03 10:05:31,327 autoreload Watching for file changes with StatReloader
INFO 2026-10-03 10:05:35,525 views Uživatel jchar si prohlíží soutìž: Léto 2026 - A
INFO 2026-10-03 10:10:17,381 autoreload C:\Users\jchar\djangoSport\tenis_app\views.py changed, reloading.
INFO 2026-10-03 10:10:20,011 autoreload Watching for file changes with StatReloader
INFO 2026-10-03 10:10:24,325 views Uživatel jchar si prohlíží soutìž: Léto 2026 - A
ERROR 2026-10-03 10:10:24,474 log Internal Server Error: /kaminka/detail/26_kaminka_leto_A/
Traceback (most recent call last):
  File "C:\Users\jchar\venv\Lib\site-packages\django\core\handlers\exception.py", line 55, in inner
    response = get_response(request)
  File "C:\Users\jchar\venv\Lib\site-packages\django\core\handlers\base.py", line 197, in _get_response
    response = wrapped_callback(request, *callback_args, **callback_kwargs)
  File "C:\Users\jchar\venv\Lib\site-packages\django\contrib\auth\decorators.py", line 59, in _view_wrapper
    return view_func(request, *args, **kwargs)
  File "C:\Users\jchar\djangoSport\tenis_app\views.py", line 185, in detail_souteze
    context = vypocitej_tabulku_dat(soutez=soutez, request=request)
  File "C:\Users\jchar\djangoSport\tenis_app\views.py", line 71, in vypocitej_tabulku_dat
    gd = z.gemy_domaci if z.gemy_domaci is not None else 0
                          ^^^^^^^^^^^^^
AttributeError: 'Zapas' object has no attribute 'gemy_domaci'. Did you mean: 'gamy_domaci'?
INFO 2026-10-03 10:11:16,311 autoreload C:\Users\jchar\djangoSport\tenis_app\views.py changed, reloading.
INFO 2026-10-03 10:11:18,743 autoreload Watching for file changes with StatReloader
INFO 2026-10-03 10:11:20,538 views Uživatel jchar si prohlíží soutìž: Léto 2026 - A
INFO 2026-10-03 10:11:32,469 views Uživatel jchar si prohlíží soutìž: Zima 26/27 - A
INFO 2026-10-03 10:11:35,653 views Uživatel jchar si prohlíží soutìž: Léto 2026 - A
INFO 2026-10-03 10:11:52,693 views Uživatel jchar si prohlíží soutìž: Léto 2026 - A
INFO 2026-10-03 10:16:22,931 autoreload C:\Users\jchar\djangoSport\tenis_app\views.py changed, reloading.
INFO 2026-10-03 10:16:25,337 autoreload Watching for file changes with StatReloader
INFO 2026-10-03 10:20:55,006 autoreload C:\Users\jchar\djangoSport\tenis_app\views.py changed, reloading.
INFO 2026-10-03 10:20:57,220 autoreload Watching for file changes with StatReloader
INFO 2026-10-03 10:21:07,415 views Uživatel jchar si prohlíží soutìž: Léto 2026 - A
INFO 2026-10-03 10:24:17,958 autoreload C:\Users\jchar\djangoSport\tenis_app\views.py changed, reloading.
INFO 2026-10-03 10:24:20,249 autoreload Watching for file changes with StatReloader
INFO 2026-10-03 10:24:28,275 views Uživatel jchar si prohlíží soutìž: Léto 2026 - A
INFO 2026-10-03 10:24:35,642 views Uživatel jchar si prohlíží soutìž: Léto 2026 - B
INFO 2026-10-03 10:24:39,786 views Uživatel jchar si prohlíží soutìž: Léto 2026 - A
INFO 2026-10-03 10:26:02,242 autoreload C:\Users\jchar\djangoSport\tenis_app\views.py changed, reloading.
INFO 2026-10-03 10:26:04,420 autoreload Watching for file changes with StatReloader
INFO 2026-10-03 10:26:11,825 views Uživatel jchar si prohlíží soutìž: Léto 2026 - A
INFO 2026-10-03 10:28:51,900 autoreload C:\Users\jchar\djangoSport\tenis_app\views.py changed, reloading.
INFO 2026-10-03 10:28:54,188 autoreload Watching for file changes with StatReloader
INFO 2026-10-03 10:29:12,285 autoreload C:\Users\jchar\djangoSport\tenis_app\views.py changed, reloading.
INFO 2026-10-03 10:29:14,424 autoreload Watching for file changes with StatReloader
INFO 2026-10-03 10:30:09,235 autoreload C:\Users\jchar\djangoSport\tenis_app\views.py changed, reloading.
INFO 2026-10-03 10:30:11,409 autoreload Watching for file changes with StatReloader
INFO 2026-10-03 10:30:18,244 views Uživatel jchar si prohlíží soutìž: Léto 2026 - A
INFO 2026-10-03 10:30:40,331 autoreload C:\Users\jchar\djangoSport\tenis_app\views.py changed, reloading.
INFO 2026-10-03 10:30:42,839 autoreload Watching for file changes with StatReloader
INFO 2026-10-03 10:30:52,012 views Uživatel jchar si prohlíží soutìž: Léto 2026 - B
INFO 2026-10-03 10:30:54,276 views Uživatel jchar si prohlíží soutìž: Léto 2026 - A
INFO 2026-10-03 10:33:19,522 views Uživatel jchar si prohlíží soutìž: Léto 2026 - A
INFO 2026-10-03 10:34:50,586 views Uživatel jchar si prohlíží soutìž: Léto 2026 - A
INFO 2026-10-03 10:34:54,287 views Uživatel jchar si prohlíží soutìž: Léto 2026 - A
INFO 2026-10-03 10:35:28,345 views Uživatel jchar si prohlíží soutìž: Léto 2026 - A
INFO 2026-10-03 10:38:05,651 views Uživatel jchar si prohlíží soutìž: Léto 2026 - A
INFO 2026-10-03 10:39:30,260 views Uživatel jchar si prohlíží soutìž: Léto 2026 - A
INFO 2026-10-03 10:40:52,918 autoreload C:\Users\jchar\djangoSport\tenis_app\views.py changed, reloading.
INFO 2026-10-03 10:40:55,387 autoreload Watching for file changes with StatReloader
INFO 2026-10-03 10:41:00,447 views Uživatel jchar si prohlíží soutìž: Léto 2026 - A
INFO 2026-10-03 10:48:54,941 views Uživatel jchar si prohlíží soutìž: Léto 2026 - A
INFO 2026-10-03 10:52:00,199 views Uživatel jchar si prohlíží soutìž: Léto 2026 - A
INFO 2026-10-03 10:52:14,884 views Uživatel jchar si prohlíží soutìž: Léto 2026 - A
INFO 2026-10-03 10:53:28,380 views Uživatel jchar si prohlíží soutìž: Léto 2026 - A
INFO 2026-10-03 10:53:59,146 views Uživatel jchar si prohlíží soutìž: Léto 2026 - A
INFO 2026-10-03 10:54:21,899 views Uživatel jchar si prohlíží soutìž: Léto 2026 - A
INFO 2026-10-03 10:55:27,585 views Uživatel jchar si prohlíží soutìž: Léto 2026 - A
INFO 2026-10-03 11:04:41,425 views Uživatel jchar si prohlíží soutìž: Léto 2026 - A
INFO 2026-10-03 11:07:04,697 views Uživatel jchar si prohlíží soutìž: Léto 2026 - A
INFO 2026-10-03 11:08:44,638 views Uživatel jchar si prohlíží soutìž: Léto 2026 - A
INFO 2026-10-03 11:12:44,533 views Uživatel jchar si prohlíží soutìž: Léto 2026 - A
INFO 2026-10-03 11:17:51,903 autoreload C:\Users\jchar\djangoSport\tenis_app\views.py changed, reloading.
INFO 2026-10-03 11:17:54,497 autoreload Watching for file changes with StatReloader
INFO 2026-10-03 11:18:03,638 views Uživatel jchar si prohlíží soutìž: Léto 2026 - A
INFO 2026-10-03 11:25:04,021 autoreload C:\Users\jchar\djangoSport\tenis_app\views.py changed, reloading.
INFO 2026-10-03 11:25:06,304 autoreload Watching for file changes with StatReloader
INFO 2026-10-03 11:25:40,011 autoreload C:\Users\jchar\djangoSport\tenis_app\views.py changed, reloading.
INFO 2026-10-03 11:25:42,301 autoreload Watching for file changes with StatReloader
INFO 2026-10-03 11:25:47,701 views Uživatel jchar si prohlíží soutìž: Léto 2026 - A
INFO 2026-10-03 11:33:32,172 autoreload C:\Users\jchar\djangoSport\tenis_app\views.py changed, reloading.
INFO 2026-10-03 11:33:34,681 autoreload Watching for file changes with StatReloader
INFO 2026-10-03 11:33:45,379 views Uživatel jchar si prohlíží soutìž: Léto 2026 - A
ERROR 2026-10-03 11:33:45,544 log Internal Server Error: /kaminka/detail/26_kaminka_leto_A/
Traceback (most recent call last):
  File "C:\Users\jchar\venv\Lib\site-packages\django\core\handlers\exception.py", line 55, in inner
    response = get_response(request)
  File "C:\Users\jchar\venv\Lib\site-packages\django\core\handlers\base.py", line 197, in _get_response
    response = wrapped_callback(request, *callback_args, **callback_kwargs)
  File "C:\Users\jchar\venv\Lib\site-packages\django\contrib\auth\decorators.py", line 59, in _view_wrapper
    return view_func(request, *args, **kwargs)
  File "C:\Users\jchar\djangoSport\tenis_app\views.py", line 185, in detail_souteze
    context = vypocitej_tabulku_dat(soutez=soutez, request=request)
  File "C:\Users\jchar\djangoSport\tenis_app\views.py", line 73, in vypocitej_tabulku_dat
    gd = z.gemy_domaci if z.gemy_domaci is not None else 0
                          ^^^^^^^^^^^^^
AttributeError: 'Zapas' object has no attribute 'gemy_domaci'. Did you mean: 'gamy_domaci'?
INFO 2026-10-03 11:34:58,667 autoreload C:\Users\jchar\djangoSport\tenis_app\views.py changed, reloading.
INFO 2026-10-03 11:35:01,286 autoreload Watching for file changes with StatReloader
INFO 2026-10-03 11:35:07,818 views Uživatel jchar si prohlíží soutìž: Léto 2026 - A
INFO 2026-10-03 11:38:47,100 autoreload C:\Users\jchar\djangoSport\tenis_app\views.py changed, reloading.
INFO 2026-10-03 11:38:49,524 autoreload Watching for file changes with StatReloader
INFO 2026-10-03 11:38:55,481 views Uživatel jchar si prohlíží soutìž: Léto 2026 - A
ERROR 2026-10-03 11:38:55,636 log Internal Server Error: /kaminka/detail/26_kaminka_leto_A/
Traceback (most recent call last):
  File "C:\Users\jchar\venv\Lib\site-packages\django\core\handlers\exception.py", line 55, in inner
    response = get_response(request)
  File "C:\Users\jchar\venv\Lib\site-packages\django\core\handlers\base.py", line 197, in _get_response
    response = wrapped_callback(request, *callback_args, **callback_kwargs)
  File "C:\Users\jchar\venv\Lib\site-packages\django\contrib\auth\decorators.py", line 59, in _view_wrapper
    return view_func(request, *args, **kwargs)
  File "C:\Users\jchar\djangoSport\tenis_app\views.py", line 186, in detail_souteze
    context = vypocitej_tabulku_dat(soutez=soutez, request=request)
  File "C:\Users\jchar\djangoSport\tenis_app\views.py", line 73, in vypocitej_tabulku_dat
    gd = z.gemy_domaci if z.gemy_domaci is not None else 0
                          ^^^^^^^^^^^^^
AttributeError: 'Zapas' object has no attribute 'gemy_domaci'. Did you mean: 'gamy_domaci'?
INFO 2026-10-03 11:39:52,633 autoreload C:\Users\jchar\djangoSport\tenis_app\views.py changed, reloading.
INFO 2026-10-03 11:39:55,087 autoreload Watching for file changes with StatReloader
INFO 2026-10-03 11:40:00,222 views Uživatel jchar si prohlíží soutìž: Léto 2026 - A
INFO 2026-10-03 11:41:44,288 autoreload C:\Users\jchar\djangoSport\tenis_app\views.py changed, reloading.
INFO 2026-10-03 11:41:46,864 autoreload Watching for file changes with StatReloader
INFO 2026-10-03 11:41:50,593 views Uživatel jchar si prohlíží soutìž: Léto 2026 - A
INFO 2026-10-03 11:41:54,586 views Uživatel jchar si prohlíží soutìž: Léto 2026 - A
INFO 2026-10-03 11:45:50,728 views Uživatel jchar si prohlíží soutìž: Léto 2026 - A
INFO 2026-10-03 11:45:54,720 views Uživatel jchar si prohlíží soutìž: Léto 2026 - A
INFO 2026-10-03 11:49:59,028 views Uživatel jchar si prohlíží soutìž: Léto 2026 - A
INFO 2026-10-03 11:50:24,073 views Uživatel jchar si prohlíží soutìž: Léto 2026 - A
INFO 2026-10-03 11:50:57,637 autoreload Watching for file changes with StatReloader
INFO 2026-10-03 11:51:05,279 views Uživatel jchar si prohlíží soutìž: Léto 2026 - A
INFO 2026-10-03 11:53:57,638 autoreload C:\Users\jchar\djangoSport\tenis_app\views.py changed, reloading.
INFO 2026-10-03 11:53:59,867 autoreload Watching for file changes with StatReloader
INFO 2026-10-03 11:54:05,227 views Uživatel jchar si prohlíží soutìž: Léto 2026 - A
ERROR 2026-10-03 11:54:05,331 log Internal Server Error: /kaminka/detail/26_kaminka_leto_A/
Traceback (most recent call last):
  File "C:\Users\jchar\venv\Lib\site-packages\django\core\handlers\exception.py", line 55, in inner
    response = get_response(request)
  File "C:\Users\jchar\venv\Lib\site-packages\django\core\handlers\base.py", line 197, in _get_response
    response = wrapped_callback(request, *callback_args, **callback_kwargs)
  File "C:\Users\jchar\venv\Lib\site-packages\django\contrib\auth\decorators.py", line 59, in _view_wrapper
    return view_func(request, *args, **kwargs)
  File "C:\Users\jchar\djangoSport\tenis_app\views.py", line 192, in detail_souteze
    if 'tabulka' in context:
       ^^^^^^^^^^^^^^^^^^^^
TypeError: argument of type 'NoneType' is not a container or iterable
INFO 2026-10-03 11:55:45,834 autoreload C:\Users\jchar\djangoSport\tenis_app\views.py changed, reloading.
INFO 2026-10-03 11:55:48,280 autoreload Watching for file changes with StatReloader
INFO 2026-10-03 11:55:53,294 views Uživatel jchar si prohlíží soutìž: Léto 2026 - A
ERROR 2026-10-03 11:55:53,439 log Internal Server Error: /kaminka/detail/26_kaminka_leto_A/
Traceback (most recent call last):
  File "C:\Users\jchar\venv\Lib\site-packages\django\core\handlers\exception.py", line 55, in inner
    response = get_response(request)
  File "C:\Users\jchar\venv\Lib\site-packages\django\core\handlers\base.py", line 197, in _get_response
    response = wrapped_callback(request, *callback_args, **callback_kwargs)
  File "C:\Users\jchar\venv\Lib\site-packages\django\contrib\auth\decorators.py", line 59, in _view_wrapper
    return view_func(request, *args, **kwargs)
  File "C:\Users\jchar\djangoSport\tenis_app\views.py", line 190, in detail_souteze
    if 'tabulka' in context:
       ^^^^^^^^^^^^^^^^^^^^
TypeError: argument of type 'NoneType' is not a container or iterable
INFO 2026-10-03 11:56:43,402 autoreload C:\Users\jchar\djangoSport\tenis_app\views.py changed, reloading.
INFO 2026-10-03 11:56:45,833 autoreload Watching for file changes with StatReloader
INFO 2026-10-03 11:56:47,113 views Uživatel jchar si prohlíží soutìž: Léto 2026 - A
ERROR 2026-10-03 11:56:47,214 log Internal Server Error: /kaminka/detail/26_kaminka_leto_A/
Traceback (most recent call last):
  File "C:\Users\jchar\venv\Lib\site-packages\django\core\handlers\exception.py", line 55, in inner
    response = get_response(request)
  File "C:\Users\jchar\venv\Lib\site-packages\django\core\handlers\base.py", line 197, in _get_response
    response = wrapped_callback(request, *callback_args, **callback_kwargs)
  File "C:\Users\jchar\venv\Lib\site-packages\django\contrib\auth\decorators.py", line 59, in _view_wrapper
    return view_func(request, *args, **kwargs)
  File "C:\Users\jchar\djangoSport\tenis_app\views.py", line 190, in detail_souteze
    if 'matice' in context:
       ^^^^^^^^^^^^^^^^^^^
TypeError: argument of type 'NoneType' is not a container or iterable
INFO 2026-10-03 11:58:22,219 autoreload C:\Users\jchar\djangoSport\tenis_app\views.py changed, reloading.
INFO 2026-10-03 11:58:23,953 autoreload Watching for file changes with StatReloader
INFO 2026-10-03 11:58:27,985 views Uživatel jchar si prohlíží soutìž: Léto 2026 - A
INFO 2026-10-03 12:00:12,329 autoreload C:\Users\jchar\djangoSport\tenis_app\views.py changed, reloading.
INFO 2026-10-03 12:00:14,132 autoreload Watching for file changes with StatReloader
INFO 2026-10-03 12:00:18,775 views Uživatel jchar si prohlíží soutìž: Léto 2026 - A
INFO 2026-10-03 12:01:16,280 autoreload C:\Users\jchar\djangoSport\tenis_app\views.py changed, reloading.
INFO 2026-10-03 12:01:18,001 autoreload Watching for file changes with StatReloader
INFO 2026-10-03 12:01:19,352 views Uživatel jchar si prohlíží soutìž: Léto 2026 - A
ERROR 2026-10-03 12:01:19,407 log Internal Server Error: /kaminka/detail/26_kaminka_leto_A/
Traceback (most recent call last):
  File "C:\Users\jchar\venv\Lib\site-packages\django\core\handlers\exception.py", line 55, in inner
    response = get_response(request)
  File "C:\Users\jchar\venv\Lib\site-packages\django\core\handlers\base.py", line 197, in _get_response
    response = wrapped_callback(request, *callback_args, **callback_kwargs)
  File "C:\Users\jchar\venv\Lib\site-packages\django\contrib\auth\decorators.py", line 59, in _view_wrapper
    return view_func(request, *args, **kwargs)
  File "C:\Users\jchar\djangoSport\tenis_app\views.py", line 190, in detail_souteze
    if 'matice' in context:
       ^^^^^^^^^^^^^^^^^^^
TypeError: argument of type 'NoneType' is not a container or iterable
INFO 2026-10-03 12:01:24,537 autoreload C:\Users\jchar\djangoSport\tenis_app\views.py changed, reloading.
INFO 2026-10-03 12:01:26,227 autoreload Watching for file changes with StatReloader
INFO 2026-10-03 12:01:27,274 views Uživatel jchar si prohlíží soutìž: Léto 2026 - A
ERROR 2026-10-03 12:01:27,316 log Internal Server Error: /kaminka/detail/26_kaminka_leto_A/
Traceback (most recent call last):
  File "C:\Users\jchar\venv\Lib\site-packages\django\core\handlers\exception.py", line 55, in inner
    response = get_response(request)
  File "C:\Users\jchar\venv\Lib\site-packages\django\core\handlers\base.py", line 197, in _get_response
    response = wrapped_callback(request, *callback_args, **callback_kwargs)
  File "C:\Users\jchar\venv\Lib\site-packages\django\contrib\auth\decorators.py", line 59, in _view_wrapper
    return view_func(request, *args, **kwargs)
  File "C:\Users\jchar\djangoSport\tenis_app\views.py", line 190, in detail_souteze
    if 'tabulka' in context:
       ^^^^^^^^^^^^^^^^^^^^
TypeError: argument of type 'NoneType' is not a container or iterable
INFO 2026-10-03 12:01:32,710 autoreload C:\Users\jchar\djangoSport\tenis_app\views.py changed, reloading.
INFO 2026-10-03 12:01:34,401 autoreload Watching for file changes with StatReloader
INFO 2026-10-03 12:01:34,782 views Uživatel jchar si prohlíží soutìž: Léto 2026 - A
ERROR 2026-10-03 12:01:34,829 log Internal Server Error: /kaminka/detail/26_kaminka_leto_A/
Traceback (most recent call last):
  File "C:\Users\jchar\venv\Lib\site-packages\django\core\handlers\exception.py", line 55, in inner
    response = get_response(request)
  File "C:\Users\jchar\venv\Lib\site-packages\django\core\handlers\base.py", line 197, in _get_response
    response = wrapped_callback(request, *callback_args, **callback_kwargs)
  File "C:\Users\jchar\venv\Lib\site-packages\django\contrib\auth\decorators.py", line 59, in _view_wrapper
    return view_func(request, *args, **kwargs)
  File "C:\Users\jchar\djangoSport\tenis_app\views.py", line 192, in detail_souteze
    if 'tabulka' in context:
       ^^^^^^^^^^^^^^^^^^^^
TypeError: argument of type 'NoneType' is not a container or iterable
INFO 2026-10-03 12:01:38,760 autoreload C:\Users\jchar\djangoSport\tenis_app\views.py changed, reloading.
INFO 2026-10-03 12:01:40,525 autoreload Watching for file changes with StatReloader
INFO 2026-10-03 12:01:40,764 views Uživatel jchar si prohlíží soutìž: Léto 2026 - A
INFO 2026-10-03 12:04:01,936 views Uživatel jchar si prohlíží soutìž: Léto 2026 - A
INFO 2026-10-03 17:34:32,159 views Uživatel jchar si prohlíží soutìž: Léto 2026 - A
INFO 2026-10-03 17:39:51,101 autoreload C:\Users\jchar\djangoSport\tenis_app\views.py changed, reloading.
INFO 2026-10-03 17:39:53,304 autoreload Watching for file changes with StatReloader
INFO 2026-10-03 17:40:00,069 views Uživatel jchar si prohlíží soutìž: Léto 2026 - A
INFO 2026-10-03 19:17:20,949 autoreload Watching for file changes with StatReloader
INFO 2026-10-03 19:17:31,556 views Uživatel jchar si prohlíží soutìž: Léto 2026 - C
INFO 2026-10-03 19:45:07,931 views Uživatel jchar si prohlíží soutìž: Léto 2026 - A
INFO 2026-10-03 19:57:36,435 autoreload C:\Users\jchar\djangoSport\tenis_app\views.py changed, reloading.
INFO 2026-10-03 19:57:39,751 autoreload Watching for file changes with StatReloader
INFO 2026-10-03 19:59:18,845 autoreload C:\Users\jchar\djangoSport\tenis_app\urls.py changed, reloading.
INFO 2026-10-03 19:59:20,353 autoreload Watching for file changes with StatReloader
INFO 2026-10-03 19:59:27,790 views Uživatel jchar si prohlíží soutìž: Léto 2026 - A
ERROR 2026-10-03 19:59:28,954 log Internal Server Error: /kaminka/detail/26_kaminka_leto_A/
Traceback (most recent call last):
  File "C:\Users\jchar\venv\Lib\site-packages\django\core\handlers\exception.py", line 55, in inner
    response = get_response(request)
  File "C:\Users\jchar\venv\Lib\site-packages\django\core\handlers\base.py", line 197, in _get_response
    response = wrapped_callback(request, *callback_args, **callback_kwargs)
  File "C:\Users\jchar\venv\Lib\site-packages\django\contrib\auth\decorators.py", line 59, in _view_wrapper
    return view_func(request, *args, **kwargs)
  File "C:\Users\jchar\djangoSport\tenis_app\views.py", line 363, in detail_souteze
    return render(request, 'tenis_app/tabulka_5ti_lig.html', context)
  File "C:\Users\jchar\venv\Lib\site-packages\django\shortcuts.py", line 25, in render
    content = loader.render_to_string(template_name, context, request, using=using)
  File "C:\Users\jchar\venv\Lib\site-packages\django\template\loader.py", line 62, in render_to_string
    return template.render(context, request)
           ~~~~~~~~~~~~~~~^^^^^^^^^^^^^^^^^^
  File "C:\Users\jchar\venv\Lib\site-packages\django\template\backends\django.py", line 107, in render
    return self.template.render(context)
           ~~~~~~~~~~~~~~~~~~~~^^^^^^^^^
  File "C:\Users\jchar\venv\Lib\site-packages\django\template\base.py", line 171, in render
    return self._render(context)
           ~~~~~~~~~~~~^^^^^^^^^
  File "C:\Users\jchar\venv\Lib\site-packages\django\template\base.py", line 163, in _render
    return self.nodelist.render(context)
           ~~~~~~~~~~~~~~~~~~~~^^^^^^^^^
  File "C:\Users\jchar\venv\Lib\site-packages\django\template\base.py", line 1016, in render
    return SafeString("".join([node.render_annotated(context) for node in self]))
                               ~~~~~~~~~~~~~~~~~~~~~^^^^^^^^^
  File "C:\Users\jchar\venv\Lib\site-packages\django\template\base.py", line 977, in render_annotated
    return self.render(context)
           ~~~~~~~~~~~^^^^^^^^^
  File "C:\Users\jchar\venv\Lib\site-packages\django\template\loader_tags.py", line 159, in render
    return compiled_parent._render(context)
           ~~~~~~~~~~~~~~~~~~~~~~~^^^^^^^^^
  File "C:\Users\jchar\venv\Lib\site-packages\django\template\base.py", line 163, in _render
    return self.nodelist.render(context)
           ~~~~~~~~~~~~~~~~~~~~^^^^^^^^^
  File "C:\Users\jchar\venv\Lib\site-packages\django\template\base.py", line 1016, in render
    return SafeString("".join([node.render_annotated(context) for node in self]))
                               ~~~~~~~~~~~~~~~~~~~~~^^^^^^^^^
  File "C:\Users\jchar\venv\Lib\site-packages\django\template\base.py", line 977, in render_annotated
    return self.render(context)
           ~~~~~~~~~~~^^^^^^^^^
  File "C:\Users\jchar\venv\Lib\site-packages\django\template\defaulttags.py", line 327, in render
    return nodelist.render(context)
           ~~~~~~~~~~~~~~~^^^^^^^^^
  File "C:\Users\jchar\venv\Lib\site-packages\django\template\base.py", line 1016, in render
    return SafeString("".join([node.render_annotated(context) for node in self]))
                               ~~~~~~~~~~~~~~~~~~~~~^^^^^^^^^
  File "C:\Users\jchar\venv\Lib\site-packages\django\template\base.py", line 977, in render_annotated
    return self.render(context)
           ~~~~~~~~~~~^^^^^^^^^
  File "C:\Users\jchar\venv\Lib\site-packages\django\template\defaulttags.py", line 480, in render
    url = reverse(view_name, args=args, kwargs=kwargs, current_app=current_app)
  File "C:\Users\jchar\venv\Lib\site-packages\django\urls\base.py", line 98, in reverse
    resolved_url = resolver._reverse_with_prefix(view, prefix, *args, **kwargs)
  File "C:\Users\jchar\venv\Lib\site-packages\django\urls\resolvers.py", line 831, in _reverse_with_prefix
    raise NoReverseMatch(msg)
django.urls.exceptions.NoReverseMatch: Reverse for 'admin_tools_launcher' not found. 'admin_tools_launcher' is not a valid view function or pattern name.
INFO 2026-10-03 20:02:00,540 autoreload Watching for file changes with StatReloader
INFO 2026-10-03 20:02:22,025 views Uživatel jchar si prohlíží soutìž: Léto 2026 - A
ERROR 2026-10-03 20:02:22,918 log Internal Server Error: /kaminka/detail/26_kaminka_leto_A/
Traceback (most recent call last):
  File "C:\Users\jchar\venv\Lib\site-packages\django\core\handlers\exception.py", line 55, in inner
    response = get_response(request)
  File "C:\Users\jchar\venv\Lib\site-packages\django\core\handlers\base.py", line 197, in _get_response
    response = wrapped_callback(request, *callback_args, **callback_kwargs)
  File "C:\Users\jchar\venv\Lib\site-packages\django\contrib\auth\decorators.py", line 59, in _view_wrapper
    return view_func(request, *args, **kwargs)
  File "C:\Users\jchar\djangoSport\tenis_app\views.py", line 363, in detail_souteze
    return render(request, 'tenis_app/tabulka_5ti_lig.html', context)
  File "C:\Users\jchar\venv\Lib\site-packages\django\shortcuts.py", line 25, in render
    content = loader.render_to_string(template_name, context, request, using=using)
  File "C:\Users\jchar\venv\Lib\site-packages\django\template\loader.py", line 62, in render_to_string
    return template.render(context, request)
           ~~~~~~~~~~~~~~~^^^^^^^^^^^^^^^^^^
  File "C:\Users\jchar\venv\Lib\site-packages\django\template\backends\django.py", line 107, in render
    return self.template.render(context)
           ~~~~~~~~~~~~~~~~~~~~^^^^^^^^^
  File "C:\Users\jchar\venv\Lib\site-packages\django\template\base.py", line 171, in render
    return self._render(context)
           ~~~~~~~~~~~~^^^^^^^^^
  File "C:\Users\jchar\venv\Lib\site-packages\django\template\base.py", line 163, in _render
    return self.nodelist.render(context)
           ~~~~~~~~~~~~~~~~~~~~^^^^^^^^^
  File "C:\Users\jchar\venv\Lib\site-packages\django\template\base.py", line 1016, in render
    return SafeString("".join([node.render_annotated(context) for node in self]))
                               ~~~~~~~~~~~~~~~~~~~~~^^^^^^^^^
  File "C:\Users\jchar\venv\Lib\site-packages\django\template\base.py", line 977, in render_annotated
    return self.render(context)
           ~~~~~~~~~~~^^^^^^^^^
  File "C:\Users\jchar\venv\Lib\site-packages\django\template\loader_tags.py", line 159, in render
    return compiled_parent._render(context)
           ~~~~~~~~~~~~~~~~~~~~~~~^^^^^^^^^
  File "C:\Users\jchar\venv\Lib\site-packages\django\template\base.py", line 163, in _render
    return self.nodelist.render(context)
           ~~~~~~~~~~~~~~~~~~~~^^^^^^^^^
  File "C:\Users\jchar\venv\Lib\site-packages\django\template\base.py", line 1016, in render
    return SafeString("".join([node.render_annotated(context) for node in self]))
                               ~~~~~~~~~~~~~~~~~~~~~^^^^^^^^^
  File "C:\Users\jchar\venv\Lib\site-packages\django\template\base.py", line 977, in render_annotated
    return self.render(context)
           ~~~~~~~~~~~^^^^^^^^^
  File "C:\Users\jchar\venv\Lib\site-packages\django\template\defaulttags.py", line 327, in render
    return nodelist.render(context)
           ~~~~~~~~~~~~~~~^^^^^^^^^
  File "C:\Users\jchar\venv\Lib\site-packages\django\template\base.py", line 1016, in render
    return SafeString("".join([node.render_annotated(context) for node in self]))
                               ~~~~~~~~~~~~~~~~~~~~~^^^^^^^^^
  File "C:\Users\jchar\venv\Lib\site-packages\django\template\base.py", line 977, in render_annotated
    return self.render(context)
           ~~~~~~~~~~~^^^^^^^^^
  File "C:\Users\jchar\venv\Lib\site-packages\django\template\defaulttags.py", line 480, in render
    url = reverse(view_name, args=args, kwargs=kwargs, current_app=current_app)
  File "C:\Users\jchar\venv\Lib\site-packages\django\urls\base.py", line 98, in reverse
    resolved_url = resolver._reverse_with_prefix(view, prefix, *args, **kwargs)
  File "C:\Users\jchar\venv\Lib\site-packages\django\urls\resolvers.py", line 831, in _reverse_with_prefix
    raise NoReverseMatch(msg)
django.urls.exceptions.NoReverseMatch: Reverse for 'admin_tools_launcher' not found. 'admin_tools_launcher' is not a valid view function or pattern name.
INFO 2026-10-03 20:05:05,833 views Uživatel jchar si prohlíží soutìž: Léto 2026 - A
ERROR 2026-10-03 20:05:06,794 log Internal Server Error: /kaminka/detail/26_kaminka_leto_A/
Traceback (most recent call last):
  File "C:\Users\jchar\venv\Lib\site-packages\django\core\handlers\exception.py", line 55, in inner
    response = get_response(request)
  File "C:\Users\jchar\venv\Lib\site-packages\django\core\handlers\base.py", line 197, in _get_response
    response = wrapped_callback(request, *callback_args, **callback_kwargs)
  File "C:\Users\jchar\venv\Lib\site-packages\django\contrib\auth\decorators.py", line 59, in _view_wrapper
    return view_func(request, *args, **kwargs)
  File "C:\Users\jchar\djangoSport\tenis_app\views.py", line 363, in detail_souteze
    return render(request, 'tenis_app/tabulka_5ti_lig.html', context)
  File "C:\Users\jchar\venv\Lib\site-packages\django\shortcuts.py", line 25, in render
    content = loader.render_to_string(template_name, context, request, using=using)
  File "C:\Users\jchar\venv\Lib\site-packages\django\template\loader.py", line 62, in render_to_string
    return template.render(context, request)
           ~~~~~~~~~~~~~~~^^^^^^^^^^^^^^^^^^
  File "C:\Users\jchar\venv\Lib\site-packages\django\template\backends\django.py", line 107, in render
    return self.template.render(context)
           ~~~~~~~~~~~~~~~~~~~~^^^^^^^^^
  File "C:\Users\jchar\venv\Lib\site-packages\django\template\base.py", line 171, in render
    return self._render(context)
           ~~~~~~~~~~~~^^^^^^^^^
  File "C:\Users\jchar\venv\Lib\site-packages\django\template\base.py", line 163, in _render
    return self.nodelist.render(context)
           ~~~~~~~~~~~~~~~~~~~~^^^^^^^^^
  File "C:\Users\jchar\venv\Lib\site-packages\django\template\base.py", line 1016, in render
    return SafeString("".join([node.render_annotated(context) for node in self]))
                               ~~~~~~~~~~~~~~~~~~~~~^^^^^^^^^
  File "C:\Users\jchar\venv\Lib\site-packages\django\template\base.py", line 977, in render_annotated
    return self.render(context)
           ~~~~~~~~~~~^^^^^^^^^
  File "C:\Users\jchar\venv\Lib\site-packages\django\template\loader_tags.py", line 159, in render
    return compiled_parent._render(context)
           ~~~~~~~~~~~~~~~~~~~~~~~^^^^^^^^^
  File "C:\Users\jchar\venv\Lib\site-packages\django\template\base.py", line 163, in _render
    return self.nodelist.render(context)
           ~~~~~~~~~~~~~~~~~~~~^^^^^^^^^
  File "C:\Users\jchar\venv\Lib\site-packages\django\template\base.py", line 1016, in render
    return SafeString("".join([node.render_annotated(context) for node in self]))
                               ~~~~~~~~~~~~~~~~~~~~~^^^^^^^^^
  File "C:\Users\jchar\venv\Lib\site-packages\django\template\base.py", line 977, in render_annotated
    return self.render(context)
           ~~~~~~~~~~~^^^^^^^^^
  File "C:\Users\jchar\venv\Lib\site-packages\django\template\loader_tags.py", line 65, in render
    result = block.nodelist.render(context)
  File "C:\Users\jchar\venv\Lib\site-packages\django\template\base.py", line 1016, in render
    return SafeString("".join([node.render_annotated(context) for node in self]))
                               ~~~~~~~~~~~~~~~~~~~~~^^^^^^^^^
  File "C:\Users\jchar\venv\Lib\site-packages\django\template\base.py", line 977, in render_annotated
    return self.render(context)
           ~~~~~~~~~~~^^^^^^^^^
  File "C:\Users\jchar\venv\Lib\site-packages\django\template\defaulttags.py", line 327, in render
    return nodelist.render(context)
           ~~~~~~~~~~~~~~~^^^^^^^^^
  File "C:\Users\jchar\venv\Lib\site-packages\django\template\base.py", line 1016, in render
    return SafeString("".join([node.render_annotated(context) for node in self]))
                               ~~~~~~~~~~~~~~~~~~~~~^^^^^^^^^
  File "C:\Users\jchar\venv\Lib\site-packages\django\template\base.py", line 977, in render_annotated
    return self.render(context)
           ~~~~~~~~~~~^^^^^^^^^
  File "C:\Users\jchar\venv\Lib\site-packages\django\template\defaulttags.py", line 480, in render
    url = reverse(view_name, args=args, kwargs=kwargs, current_app=current_app)
  File "C:\Users\jchar\venv\Lib\site-packages\django\urls\base.py", line 98, in reverse
    resolved_url = resolver._reverse_with_prefix(view, prefix, *args, **kwargs)
  File "C:\Users\jchar\venv\Lib\site-packages\django\urls\resolvers.py", line 831, in _reverse_with_prefix
    raise NoReverseMatch(msg)
django.urls.exceptions.NoReverseMatch: Reverse for 'admin_tools_launcher' not found. 'admin_tools_launcher' is not a valid view function or pattern name.
INFO 2026-10-03 20:06:32,875 views Uživatel jchar si prohlíží soutìž: Léto 2026 - A
INFO 2026-10-03 20:06:37,308 views Uživatel jchar si prohlíží soutìž: Léto 2026 - C
INFO 2026-10-03 20:06:38,954 views Uživatel jchar si prohlíží soutìž: Léto 2026 - D
INFO 2026-10-03 20:37:52,189 autoreload Watching for file changes with StatReloader
INFO 2026-10-03 20:37:58,342 views Uživatel jchar si prohlíží soutìž: Léto 2026 - D
INFO 2026-10-03 20:50:53,534 autoreload Watching for file changes with StatReloader
INFO 2026-10-03 20:57:22,762 autoreload Watching for file changes with StatReloader
INFO 2026-10-03 20:57:25,398 views Uživatel jchar si prohlíží soutìž: Léto 2026 - D
INFO 2026-10-03 20:57:49,877 views Uživatel jchar si prohlíží soutìž: Léto 2026 - D
WARNING 2026-10-03 20:58:01,276 log Not Found: /kaminka/detail/27_kaminka_zima_D/
INFO 2026-10-03 21:03:22,107 views Uživatel jchar si prohlíží soutìž: Léto 2026 - D
INFO 2026-10-03 21:05:06,142 views Uživatel jchar si prohlíží soutìž: Zima 26/27 - A
INFO 2026-10-03 21:10:38,686 views Uživatel jchar si prohlíží soutìž: Zima 26/27 - A
INFO 2026-10-03 21:22:48,974 autoreload C:\Users\jchar\djangoSport\tenis_app\management\commands\dopln_jednu_ligu.py changed, reloading.
INFO 2026-10-03 21:22:51,501 autoreload Watching for file changes with StatReloader
INFO 2026-10-03 21:23:14,723 views Uživatel jchar si prohlíží soutìž: Zima 26/27 - A
WARNING 2026-10-03 21:23:43,720 log Not Found: /kaminka/detail/27_kaminka_zima_D/
INFO 2026-10-03 21:25:33,342 views Uživatel jchar si prohlíží soutìž: Zima 26/27 - A
INFO 2026-10-03 21:25:35,102 views Uživatel jchar si prohlíží soutìž: Zima 26/27 - Ženy
INFO 2026-10-03 21:25:56,002 views Uživatel jchar si prohlíží soutìž: Zima 26/27 - Ženy
INFO 2026-10-03 21:26:56,496 views Uživatel jchar si prohlíží soutìž: Zima 26/27 - Ženy
INFO 2026-10-03 21:27:36,957 views Uživatel jchar si prohlíží soutìž: Zima 26/27 - B
INFO 2026-10-03 21:27:38,947 views Uživatel jchar si prohlíží soutìž: Zima 25/26 - A
INFO 2026-10-03 21:27:42,229 views Uživatel jchar si prohlíží soutìž: Zima 26/27 - C
INFO 2026-10-03 21:27:44,460 views Uživatel jchar si prohlíží soutìž: Zima 26/27 - Ženy
INFO 2026-10-03 21:27:58,286 views Uživatel jchar si prohlíží soutìž: Léto 2026 - A
INFO 2026-10-03 21:28:43,804 views Uživatel jchar si prohlíží soutìž: Zima 26/27 - Ženy
INFO 2026-10-03 21:29:48,300 views Uživatel jchar si prohlíží soutìž: Léto 2026 - C
INFO 2026-10-03 21:33:03,361 views Uživatel jchar si prohlíží soutìž: Zima 26/27 - Ženy
ERROR 2026-10-03 21:33:04,200 log Internal Server Error: /kaminka/detail/27_kaminka_zima_zeny/
Traceback (most recent call last):
  File "C:\Users\jchar\venv\Lib\site-packages\django\template\base.py", line 890, in _resolve_lookup
    raise TypeError
TypeError

During handling of the above exception, another exception occurred:

Traceback (most recent call last):
  File "C:\Users\jchar\venv\Lib\site-packages\django\template\base.py", line 901, in _resolve_lookup
    current = getattr(current, bit)
AttributeError: 'Hrac' object has no attribute 'pocet_zapasu'

During handling of the above exception, another exception occurred:

Traceback (most recent call last):
  File "C:\Users\jchar\venv\Lib\site-packages\django\template\base.py", line 907, in _resolve_lookup
    current = current[int(bit)]
                      ~~~^^^^^
ValueError: invalid literal for int() with base 10: 'pocet_zapasu'

During handling of the above exception, another exception occurred:

Traceback (most recent call last):
  File "C:\Users\jchar\venv\Lib\site-packages\django\core\handlers\exception.py", line 55, in inner
    response = get_response(request)
  File "C:\Users\jchar\venv\Lib\site-packages\django\core\handlers\base.py", line 197, in _get_response
    response = wrapped_callback(request, *callback_args, **callback_kwargs)
  File "C:\Users\jchar\venv\Lib\site-packages\django\contrib\auth\decorators.py", line 59, in _view_wrapper
    return view_func(request, *args, **kwargs)
  File "C:\Users\jchar\djangoSport\tenis_app\views.py", line 362, in detail_souteze
    return render(request, 'tenis_app/dvoukolova_tabulka.html', context)
  File "C:\Users\jchar\venv\Lib\site-packages\django\shortcuts.py", line 25, in render
    content = loader.render_to_string(template_name, context, request, using=using)
  File "C:\Users\jchar\venv\Lib\site-packages\django\template\loader.py", line 62, in render_to_string
    return template.render(context, request)
           ~~~~~~~~~~~~~~~^^^^^^^^^^^^^^^^^^
  File "C:\Users\jchar\venv\Lib\site-packages\django\template\backends\django.py", line 107, in render
    return self.template.render(context)
           ~~~~~~~~~~~~~~~~~~~~^^^^^^^^^
  File "C:\Users\jchar\venv\Lib\site-packages\django\template\base.py", line 171, in render
    return self._render(context)
           ~~~~~~~~~~~~^^^^^^^^^
  File "C:\Users\jchar\venv\Lib\site-packages\django\template\base.py", line 163, in _render
    return self.nodelist.render(context)
           ~~~~~~~~~~~~~~~~~~~~^^^^^^^^^
  File "C:\Users\jchar\venv\Lib\site-packages\django\template\base.py", line 1016, in render
    return SafeString("".join([node.render_annotated(context) for node in self]))
                               ~~~~~~~~~~~~~~~~~~~~~^^^^^^^^^
  File "C:\Users\jchar\venv\Lib\site-packages\django\template\base.py", line 977, in render_annotated
    return self.render(context)
           ~~~~~~~~~~~^^^^^^^^^
  File "C:\Users\jchar\venv\Lib\site-packages\django\template\loader_tags.py", line 159, in render
    return compiled_parent._render(context)
           ~~~~~~~~~~~~~~~~~~~~~~~^^^^^^^^^
  File "C:\Users\jchar\venv\Lib\site-packages\django\template\base.py", line 163, in _render
    return self.nodelist.render(context)
           ~~~~~~~~~~~~~~~~~~~~^^^^^^^^^
  File "C:\Users\jchar\venv\Lib\site-packages\django\template\base.py", line 1016, in render
    return SafeString("".join([node.render_annotated(context) for node in self]))
                               ~~~~~~~~~~~~~~~~~~~~~^^^^^^^^^
  File "C:\Users\jchar\venv\Lib\site-packages\django\template\base.py", line 977, in render_annotated
    return self.render(context)
           ~~~~~~~~~~~^^^^^^^^^
  File "C:\Users\jchar\venv\Lib\site-packages\django\template\loader_tags.py", line 65, in render
    result = block.nodelist.render(context)
  File "C:\Users\jchar\venv\Lib\site-packages\django\template\base.py", line 1016, in render
    return SafeString("".join([node.render_annotated(context) for node in self]))
                               ~~~~~~~~~~~~~~~~~~~~~^^^^^^^^^
  File "C:\Users\jchar\venv\Lib\site-packages\django\template\base.py", line 977, in render_annotated
    return self.render(context)
           ~~~~~~~~~~~^^^^^^^^^
  File "C:\Users\jchar\venv\Lib\site-packages\django\template\defaulttags.py", line 243, in render
    nodelist.append(node.render_annotated(context))
                    ~~~~~~~~~~~~~~~~~~~~~^^^^^^^^^
  File "C:\Users\jchar\venv\Lib\site-packages\django\template\base.py", line 977, in render_annotated
    return self.render(context)
           ~~~~~~~~~~~^^^^^^^^^
  File "C:\Users\jchar\venv\Lib\site-packages\django\template\base.py", line 1075, in render
    output = self.filter_expression.resolve(context)
  File "C:\Users\jchar\venv\Lib\site-packages\django\template\base.py", line 743, in resolve
    arg_vals.append(arg.resolve(context))
                    ~~~~~~~~~~~^^^^^^^^^
  File "C:\Users\jchar\venv\Lib\site-packages\django\template\base.py", line 854, in resolve
    value = self._resolve_lookup(context)
  File "C:\Users\jchar\venv\Lib\site-packages\django\template\base.py", line 914, in _resolve_lookup
    raise VariableDoesNotExist(
    ^^^^^^^^^^^^^^^^^^^^^^^^^^^
    ...<2 lines>...
    )  # missing attribute
    ^
django.template.base.VariableDoesNotExist: Failed lookup for key [pocet_zapasu] in <Hrac: Anna MAHELKOVÁ>
INFO 2026-10-03 21:36:08,030 views Uživatel jchar si prohlíží soutìž: Zima 26/27 - Ženy
INFO 2026-10-03 21:36:51,424 views Uživatel jchar si prohlíží soutìž: Zima 26/27 - Ženy
INFO 2026-10-03 21:39:39,380 views Uživatel jchar si prohlíží soutìž: Zima 26/27 - Ženy
INFO 2026-10-03 21:39:51,251 views Uživatel jchar si prohlíží soutìž: Zima 26/27 - Ženy
INFO 2026-10-03 21:40:40,644 views VÝSLEDEK ZAPSÁN: Helena LIŠKOVÁ vs Jana MASOPUSTOVÁ - 6:2
INFO 2026-10-03 21:40:45,478 views Uživatel jchar si prohlíží soutìž: Zima 26/27 - Ženy
INFO 2026-10-03 21:41:11,329 views Uživatel jchar si prohlíží soutìž: Léto 2026 - C
INFO 2026-10-03 21:41:15,798 views Uživatel jchar si prohlíží soutìž: Léto 2026 - B
INFO 2026-10-03 21:45:33,805 views Uživatel jchar si prohlíží soutìž: Zima 26/27 - Ženy
INFO 2026-10-03 21:48:28,356 autoreload C:\Users\jchar\djangoSport\tenis_app\views.py changed, reloading.
INFO 2026-10-03 21:48:31,000 autoreload Watching for file changes with StatReloader
INFO 2026-10-03 21:48:34,118 views Uživatel jchar si prohlíží soutìž: Zima 26/27 - Ženy
INFO 2026-10-03 21:48:51,244 views Uživatel jchar si prohlíží soutìž: Zima 26/27 - Ženy
INFO 2026-10-03 21:48:58,078 views Uživatel jchar si prohlíží soutìž: Zima 26/27 - Ženy
INFO 2026-10-03 21:49:58,413 views Uživatel jchar si prohlíží soutìž: Zima 26/27 - Ženy
INFO 2026-10-03 21:51:42,807 views Uživatel jchar si prohlíží soutìž: Zima 26/27 - Ženy
INFO 2026-10-03 21:53:45,521 views Uživatel jchar si prohlíží soutìž: Zima 26/27 - Ženy
INFO 2026-10-03 22:04:42,977 autoreload C:\Users\jchar\djangoSport\tenis_app\views.py changed, reloading.
INFO 2026-10-03 22:04:45,308 autoreload Watching for file changes with StatReloader
INFO 2026-10-03 22:05:17,274 views Uživatel jchar si prohlíží soutìž: Zima 26/27 - Ženy
INFO 2026-10-03 22:05:27,617 views Uživatel jchar si prohlíží soutìž: Zima 26/27 - Ženy
INFO 2026-10-03 22:06:46,174 views Uživatel jchar si prohlíží soutìž: Zima 26/27 - Ženy
INFO 2026-10-03 22:07:13,038 views Uživatel jchar si prohlíží soutìž: Zima 26/27 - Ženy
INFO 2026-10-03 22:10:39,306 views Uživatel jchar si prohlíží soutìž: Zima 26/27 - Ženy
INFO 2026-10-03 22:10:44,259 views Uživatel jchar si prohlíží soutìž: Zima 26/27 - Ženy
INFO 2026-10-03 22:24:17,923 views Uživatel jchar si prohlíží soutìž: Zima 26/27 - Ženy
INFO 2026-10-03 22:28:12,338 views VÝSLEDEK ZAPSÁN: Helena LIŠKOVÁ vs Sofie PØEROVSKÁ - 6:0
INFO 2026-10-03 22:30:33,340 views Uživatel jchar si prohlíží soutìž: Zima 26/27 - Ženy
INFO 2026-10-03 22:30:48,637 views Uživatel jchar si prohlíží soutìž: Zima 26/27 - Ženy
INFO 2026-10-03 22:30:52,961 views Uživatel jchar si prohlíží soutìž: Zima 26/27 - C
INFO 2026-10-03 22:30:54,681 views Uživatel jchar si prohlíží soutìž: Zima 26/27 - B
INFO 2026-10-03 22:30:56,324 views Uživatel jchar si prohlíží soutìž: Zima 26/27 - A
INFO 2026-10-03 22:35:37,415 views Uživatel jchar si prohlíží soutìž: Zima 26/27 - A
INFO 2026-10-03 22:35:42,453 views Uživatel jchar si prohlíží soutìž: Zima 26/27 - Ženy
INFO 2026-10-03 22:35:57,544 autoreload Watching for file changes with StatReloader
INFO 2026-10-03 22:36:01,491 views Uživatel jchar si prohlíží soutìž: Zima 26/27 - Ženy
INFO 2026-10-03 22:36:58,527 views Uživatel jchar si prohlíží soutìž: Zima 26/27 - Ženy
INFO 2026-10-03 22:38:09,606 views Uživatel jchar si prohlíží soutìž: Zima 26/27 - Ženy
INFO 2026-10-03 22:38:12,940 views Uživatel jchar si prohlíží soutìž: Léto 2026 - Ženy
INFO 2026-10-03 22:39:14,174 views Uživatel jchar si prohlíží soutìž: Zima 26/27 - Ženy
INFO 2026-10-03 22:39:17,045 views Uživatel jchar si prohlíží soutìž: Zima 26/27 - Ženy
INFO 2026-10-03 22:39:56,057 views Uživatel jchar si prohlíží soutìž: Zima 26/27 - Ženy
INFO 2026-10-03 22:40:16,904 views Uživatel jchar si prohlíží soutìž: Zima 26/27 - Ženy
INFO 2026-10-03 22:54:22,735 autoreload C:\Users\jchar\djangoSport\tenis_app\views.py changed, reloading.
INFO 2026-10-03 22:54:25,186 autoreload Watching for file changes with StatReloader
INFO 2026-10-03 22:57:33,467 views Uživatel jchar si prohlíží soutìž: Zima 26/27 - Ženy
INFO 2026-10-03 22:57:42,768 views Uživatel jchar si prohlíží soutìž: Zima 26/27 - Ženy
INFO 2026-10-03 23:04:44,674 autoreload C:\Users\jchar\djangoSport\tenis_app\models.py changed, reloading.
INFO 2026-10-03 23:04:47,509 autoreload Watching for file changes with StatReloader
INFO 2026-10-03 23:04:54,386 views Uživatel jchar si prohlíží soutìž: Zima 26/27 - Ženy
INFO 2026-10-03 23:05:04,655 views Uživatel jchar si prohlíží soutìž: Zima 26/27 - Ženy
INFO 2026-10-03 23:05:11,809 views Uživatel jchar si prohlíží soutìž: Zima 26/27 - Ženy
INFO 2026-10-03 23:07:03,274 views Uživatel jchar si prohlíží soutìž: Zima 26/27 - B
INFO 2026-10-03 23:07:15,588 views Uživatel jchar si prohlíží soutìž: Zima 26/27 - C
INFO 2026-10-03 23:08:20,219 views Uživatel jchar si prohlíží soutìž: Zima 26/27 - C
INFO 2026-10-03 23:08:33,435 views Uživatel jchar si prohlíží soutìž: Zima 26/27 - C
INFO 2026-10-03 23:11:32,858 views Uživatel jchar si prohlíží soutìž: Zima 26/27 - C
INFO 2026-10-03 23:11:34,815 views Uživatel jchar si prohlíží soutìž: Zima 26/27 - C
INFO 2026-10-03 23:11:37,492 views Uživatel jchar si prohlíží soutìž: Zima 26/27 - C
INFO 2026-10-03 23:11:39,132 views Uživatel jchar si prohlíží soutìž: Zima 26/27 - C
INFO 2026-10-03 23:11:41,484 views Uživatel jchar si prohlíží soutìž: Zima 26/27 - C
INFO 2026-10-03 23:11:44,222 views Uživatel jchar si prohlíží soutìž: Léto 2026 - D
INFO 2026-10-03 23:12:33,265 views Uživatel jchar si prohlíží soutìž: Léto 2026 - Ženy
INFO 2026-10-03 23:12:45,596 views Uživatel jchar si prohlíží soutìž: Léto 2026 - Ženy
INFO 2026-10-03 23:13:16,617 views Uživatel jchar si prohlíží soutìž: Léto 2026 - Ženy
INFO 2026-10-03 23:13:53,386 views Uživatel jchar si prohlíží soutìž: Zima 26/27 - Ženy
INFO 2026-10-03 23:13:55,076 views Uživatel jchar si prohlíží soutìž: Léto 2026 - Ženy
INFO 2026-10-03 23:14:44,737 views Uživatel jchar si prohlíží soutìž: Léto 2026 - Ženy
INFO 2026-10-03 23:15:46,762 views Uživatel jchar si prohlíží soutìž: Léto 2026 - Ženy
INFO 2026-10-03 23:16:50,099 views Uživatel jchar si prohlíží soutìž: Léto 2026 - Ženy
INFO 2026-10-03 23:16:54,505 views Uživatel jchar si prohlíží soutìž: Zima 26/27 - Ženy
INFO 2026-10-03 23:17:33,784 views Uživatel jchar si prohlíží soutìž: Zima 26/27 - Ženy
INFO 2026-10-03 23:18:14,600 views Uživatel jchar si prohlíží soutìž: Léto 2026 - D
INFO 2026-10-03 23:18:17,599 views Uživatel jchar si prohlíží soutìž: Léto 2026 - C
INFO 2026-10-03 23:18:26,252 views Uživatel jchar si prohlíží soutìž: Léto 2026 - C
INFO 2026-10-03 23:18:41,504 autoreload C:\Users\jchar\djangoSport\tenis_app\models.py changed, reloading.
INFO 2026-10-03 23:18:43,288 autoreload Watching for file changes with StatReloader
INFO 2026-10-03 23:18:43,982 views Uživatel jchar si prohlíží soutìž: Léto 2026 - C
INFO 2026-10-03 23:18:47,046 views Uživatel jchar si prohlíží soutìž: Zima 26/27 - Ženy
INFO 2026-10-03 23:18:49,785 views Uživatel jchar si prohlíží soutìž: Zima 26/27 - Ženy
INFO 2026-10-03 23:19:19,409 autoreload C:\Users\jchar\djangoSport\tenis_app\views.py changed, reloading.
INFO 2026-10-03 23:19:21,120 autoreload Watching for file changes with StatReloader
INFO 2026-10-03 23:19:22,592 views Uživatel jchar si prohlíží soutìž: Zima 26/27 - Ženy
INFO 2026-10-03 23:19:28,783 views Uživatel jchar si prohlíží soutìž: Léto 2026 - C
INFO 2026-10-03 23:19:33,522 views Uživatel jchar si prohlíží soutìž: Zima 26/27 - Ženy
INFO 2026-10-03 23:20:19,739 views Uživatel jchar si prohlíží soutìž: Léto 2026 - B
INFO 2026-10-03 23:20:21,983 views Uživatel jchar si prohlíží soutìž: Léto 2026 - A
INFO 2026-10-03 23:20:24,945 views Uživatel jchar si prohlíží soutìž: Léto 2026 - E
INFO 2026-10-03 23:20:31,370 views Uživatel jchar si prohlíží soutìž: Zima 26/27 - Ženy
INFO 2026-10-03 23:20:33,004 views Uživatel jchar si prohlíží soutìž: Zima 26/27 - A
INFO 2026-10-03 23:20:34,588 views Uživatel jchar si prohlíží soutìž: Zima 26/27 - B
INFO 2026-10-03 23:20:35,940 views Uživatel jchar si prohlíží soutìž: Zima 26/27 - C
INFO 2026-10-03 23:20:56,769 views VÝSLEDEK ZAPSÁN: Dominik ZMEŠKAL vs Jiøí CHAROUSEK - 2:6
INFO 2026-10-03 23:20:59,790 views Uživatel jchar si prohlíží soutìž: Zima 26/27 - C
INFO 2026-10-03 23:21:23,826 views VÝSLEDEK ZAPSÁN: Jiøí CHAROUSEK vs Dominik ZMEŠKAL - 6:3
INFO 2026-10-03 23:21:27,021 views Uživatel jchar si prohlíží soutìž: Zima 26/27 - C
INFO 2026-10-03 23:21:50,561 views Uživatel jchar si prohlíží soutìž: Zima 26/27 - C
INFO 2026-10-03 23:28:09,962 views Uživatel jchar si prohlíží soutìž: Zima 26/27 - A
INFO 2026-10-03 23:29:10,141 views Uživatel jchar si prohlíží soutìž: Léto 2026 - A
INFO 2026-10-03 23:29:12,386 views Uživatel jchar si prohlíží soutìž: Zima 26/27 - A
INFO 2026-10-03 23:29:32,133 views VÝSLEDEK ZAPSÁN: Karel VLÈEK vs Boris NESTRAŠIL - 6:2
INFO 2026-10-03 23:29:35,407 views Uživatel jchar si prohlíží soutìž: Zima 26/27 - A
INFO 2026-10-03 23:30:09,968 views Uživatel jchar si prohlíží soutìž: Zima 26/27 - A
INFO 2026-10-03 23:30:52,899 views Uživatel jchar si prohlíží soutìž: Zima 26/27 - A
INFO 2026-10-03 23:31:23,927 views Uživatel jchar si prohlíží soutìž: Zima 26/27 - A
INFO 2026-10-03 23:33:24,376 views Uživatel jchar si prohlíží soutìž: Léto 2026 - A
INFO 2026-10-03 23:33:28,975 views Uživatel jchar si prohlíží soutìž: Zima 26/27 - C
INFO 2026-10-03 23:33:31,669 views Uživatel jchar si prohlíží soutìž: Zima 26/27 - C
INFO 2026-10-03 23:33:55,069 views Uživatel jchar si prohlíží soutìž: Zima 26/27 - C
INFO 2026-10-03 23:34:59,637 views Uživatel jchar si prohlíží soutìž: Zima 26/27 - A
INFO 2026-10-03 23:57:12,360 views Uživatel jchar si prohlíží soutìž: Léto 2026 - A
INFO 2026-10-04 07:09:22,849 views Uživatel jchar si prohlíží soutìž: Zima 26/27 - Ženy
INFO 2026-10-04 07:09:33,533 views Uživatel jchar si prohlíží soutìž: Zima 26/27 - Ženy
INFO 2026-10-04 07:09:52,324 views VÝSLEDEK ZAPSÁN: Sofie PØEROVSKÁ vs Helena LIŠKOVÁ - 6:4
INFO 2026-10-04 07:09:56,263 views Uživatel jchar si prohlíží soutìž: Zima 26/27 - Ženy
INFO 2026-10-04 07:11:30,711 views Uživatel jchar si prohlíží soutìž: Zima 26/27 - Ženy
INFO 2026-10-04 07:11:57,741 views VÝSLEDEK ZAPSÁN: Helena LIŠKOVÁ vs Klára WANTULOK - 3:6
INFO 2026-10-04 07:12:01,902 views Uživatel jchar si prohlíží soutìž: Zima 26/27 - Ženy
INFO 2026-10-04 07:13:29,552 views VÝSLEDEK ZAPSÁN: Jana MASOPUSTOVÁ vs Anna MAHELKOVÁ - 6:1
INFO 2026-10-04 07:13:33,276 views Uživatel jchar si prohlíží soutìž: Zima 26/27 - Ženy
INFO 2026-10-04 07:15:06,274 views Uživatel jchar si prohlíží soutìž: Léto 2026 - A
INFO 2026-10-04 07:16:25,579 views Uživatel jchar si prohlíží soutìž: Zima 26/27 - Ženy
INFO 2026-10-04 07:17:17,649 views Uživatel jchar si prohlíží soutìž: Zima 26/27 - Ženy
INFO 2026-10-04 07:17:26,011 views Uživatel jchar si prohlíží soutìž: Zima 26/27 - Ženy
INFO 2026-10-04 07:19:41,352 views Uživatel jchar si prohlíží soutìž: Zima 26/27 - Ženy
INFO 2026-10-04 07:20:00,123 views Uživatel jchar si prohlíží soutìž: Zima 26/27 - Ženy
INFO 2026-10-04 07:20:09,801 views Uživatel jchar si prohlíží soutìž: Zima 26/27 - Ženy
INFO 2026-10-04 07:23:06,070 autoreload C:\Users\jchar\djangoSport\tenis_app\management\commands\dopln_jednu_ligu.py changed, reloading.
INFO 2026-10-04 07:23:08,843 autoreload Watching for file changes with StatReloader
INFO 2026-10-04 07:23:44,250 views Uživatel jchar si prohlíží soutìž: Zima 26/27 - Ženy
INFO 2026-10-04 07:23:55,047 views Uživatel jchar si prohlíží soutìž: Zima 26/27 - Ženy
INFO 2026-10-04 07:24:19,282 views Uživatel jchar si prohlíží soutìž: Zima 26/27 - Ženy
INFO 2026-10-04 07:25:02,505 views Uživatel jchar si prohlíží soutìž: Zima 26/27 - Ženy
INFO 2026-10-04 07:28:29,178 autoreload C:\Users\jchar\djangoSport\tenis_app\management\commands\dopln_jednu_ligu.py changed, reloading.
INFO 2026-10-04 07:28:31,478 autoreload Watching for file changes with StatReloader
INFO 2026-10-04 07:29:07,839 views Uživatel jchar si prohlíží soutìž: Zima 26/27 - Ženy
INFO 2026-10-04 07:29:16,289 views Uživatel jchar si prohlíží soutìž: Zima 26/27 - Ženy
INFO 2026-10-04 07:35:43,221 views Uživatel jchar si prohlíží soutìž: Léto 2026 - A
INFO 2026-10-04 07:35:48,182 views Uživatel jchar si prohlíží soutìž: Zima 26/27 - Ženy
INFO 2026-10-04 07:35:57,957 views Uživatel jchar si prohlíží soutìž: Zima 26/27 - Ženy
INFO 2026-10-04 07:36:33,044 views Uživatel jchar si prohlíží soutìž: Zima 26/27 - Ženy
INFO 2026-10-04 07:39:59,777 autoreload C:\Users\jchar\djangoSport\tenis_app\models.py changed, reloading.
INFO 2026-10-04 07:40:02,405 autoreload Watching for file changes with StatReloader
INFO 2026-10-04 07:40:39,225 autoreload C:\Users\jchar\djangoSport\tenis_app\models.py changed, reloading.
INFO 2026-10-04 07:40:41,487 autoreload Watching for file changes with StatReloader
INFO 2026-10-04 07:41:40,090 autoreload Watching for file changes with StatReloader
INFO 2026-10-04 07:44:20,911 autoreload C:\Users\jchar\djangoSport\tenis_app\forms.py changed, reloading.
INFO 2026-10-04 07:44:24,231 autoreload Watching for file changes with StatReloader
INFO 2026-10-04 07:45:13,922 autoreload C:\Users\jchar\djangoSport\tenis_app\forms.py changed, reloading.
INFO 2026-10-04 07:45:15,377 autoreload Watching for file changes with StatReloader
INFO 2026-10-04 07:50:32,728 autoreload C:\Users\jchar\djangoSport\tenis_app\forms.py changed, reloading.
INFO 2026-10-04 07:50:35,081 autoreload Watching for file changes with StatReloader
INFO 2026-10-04 07:51:33,610 autoreload C:\Users\jchar\djangoSport\tenis_app\forms.py changed, reloading.
INFO 2026-10-04 07:51:35,848 autoreload Watching for file changes with StatReloader
INFO 2026-10-04 07:53:18,909 autoreload C:\Users\jchar\djangoSport\tenis_app\forms.py changed, reloading.
INFO 2026-10-04 07:53:21,095 autoreload Watching for file changes with StatReloader
INFO 2026-10-04 07:54:28,848 autoreload C:\Users\jchar\djangoSport\tenis_app\forms.py changed, reloading.
INFO 2026-10-04 07:54:31,056 autoreload Watching for file changes with StatReloader
INFO 2026-10-04 07:55:26,378 autoreload C:\Users\jchar\djangoSport\tenis_app\forms.py changed, reloading.
INFO 2026-10-04 07:55:28,536 autoreload Watching for file changes with StatReloader
INFO 2026-10-04 07:55:39,586 autoreload Watching for file changes with StatReloader
INFO 2026-10-04 07:55:55,493 autoreload C:\Users\jchar\djangoSport\tenis_app\forms.py changed, reloading.
INFO 2026-10-04 07:55:57,634 autoreload Watching for file changes with StatReloader
INFO 2026-10-04 07:56:19,871 autoreload C:\Users\jchar\djangoSport\tenis_app\forms.py changed, reloading.
INFO 2026-10-04 07:56:21,999 autoreload Watching for file changes with StatReloader
INFO 2026-10-04 07:57:22,663 autoreload C:\Users\jchar\djangoSport\tenis_app\forms.py changed, reloading.
INFO 2026-10-04 07:57:24,972 autoreload Watching for file changes with StatReloader
INFO 2026-10-04 07:59:22,173 autoreload C:\Users\jchar\djangoSport\tenis_app\models.py changed, reloading.
INFO 2026-10-04 07:59:24,725 autoreload Watching for file changes with StatReloader
INFO 2026-10-04 08:14:19,281 autoreload Watching for file changes with StatReloader
ERROR 2026-10-04 08:15:03,513 log Internal Server Error: /kaminka/hraci/
Traceback (most recent call last):
  File "C:\Users\jchar\venv\Lib\site-packages\django\core\handlers\exception.py", line 55, in inner
    response = get_response(request)
  File "C:\Users\jchar\venv\Lib\site-packages\django\core\handlers\base.py", line 197, in _get_response
    response = wrapped_callback(request, *callback_args, **callback_kwargs)
  File "C:\Users\jchar\djangoSport\tenis_app\views.py", line 651, in hraci_prehled
    return render(request, 'tenis_app/hraci_prehled.html', context)
  File "C:\Users\jchar\venv\Lib\site-packages\django\shortcuts.py", line 25, in render
    content = loader.render_to_string(template_name, context, request, using=using)
  File "C:\Users\jchar\venv\Lib\site-packages\django\template\loader.py", line 62, in render_to_string
    return template.render(context, request)
           ~~~~~~~~~~~~~~~^^^^^^^^^^^^^^^^^^
  File "C:\Users\jchar\venv\Lib\site-packages\django\template\backends\django.py", line 107, in render
    return self.template.render(context)
           ~~~~~~~~~~~~~~~~~~~~^^^^^^^^^
  File "C:\Users\jchar\venv\Lib\site-packages\django\template\base.py", line 171, in render
    return self._render(context)
           ~~~~~~~~~~~~^^^^^^^^^
  File "C:\Users\jchar\venv\Lib\site-packages\django\template\base.py", line 163, in _render
    return self.nodelist.render(context)
           ~~~~~~~~~~~~~~~~~~~~^^^^^^^^^
  File "C:\Users\jchar\venv\Lib\site-packages\django\template\base.py", line 1016, in render
    return SafeString("".join([node.render_annotated(context) for node in self]))
                               ~~~~~~~~~~~~~~~~~~~~~^^^^^^^^^
  File "C:\Users\jchar\venv\Lib\site-packages\django\template\base.py", line 977, in render_annotated
    return self.render(context)
           ~~~~~~~~~~~^^^^^^^^^
  File "C:\Users\jchar\venv\Lib\site-packages\django\template\loader_tags.py", line 159, in render
    return compiled_parent._render(context)
           ~~~~~~~~~~~~~~~~~~~~~~~^^^^^^^^^
  File "C:\Users\jchar\venv\Lib\site-packages\django\template\base.py", line 163, in _render
    return self.nodelist.render(context)
           ~~~~~~~~~~~~~~~~~~~~^^^^^^^^^
  File "C:\Users\jchar\venv\Lib\site-packages\django\template\base.py", line 1016, in render
    return SafeString("".join([node.render_annotated(context) for node in self]))
                               ~~~~~~~~~~~~~~~~~~~~~^^^^^^^^^
  File "C:\Users\jchar\venv\Lib\site-packages\django\template\base.py", line 977, in render_annotated
    return self.render(context)
           ~~~~~~~~~~~^^^^^^^^^
  File "C:\Users\jchar\venv\Lib\site-packages\django\template\loader_tags.py", line 65, in render
    result = block.nodelist.render(context)
  File "C:\Users\jchar\venv\Lib\site-packages\django\template\base.py", line 1016, in render
    return SafeString("".join([node.render_annotated(context) for node in self]))
                               ~~~~~~~~~~~~~~~~~~~~~^^^^^^^^^
  File "C:\Users\jchar\venv\Lib\site-packages\django\template\base.py", line 977, in render_annotated
    return self.render(context)
           ~~~~~~~~~~~^^^^^^^^^
  File "C:\Users\jchar\venv\Lib\site-packages\django\template\defaulttags.py", line 480, in render
    url = reverse(view_name, args=args, kwargs=kwargs, current_app=current_app)
  File "C:\Users\jchar\venv\Lib\site-packages\django\urls\base.py", line 98, in reverse
    resolved_url = resolver._reverse_with_prefix(view, prefix, *args, **kwargs)
  File "C:\Users\jchar\venv\Lib\site-packages\django\urls\resolvers.py", line 831, in _reverse_with_prefix
    raise NoReverseMatch(msg)
django.urls.exceptions.NoReverseMatch: Reverse for 'hrac_edit' with arguments '('',)' not found. 1 pattern(s) tried: ['kaminka/hrac/(?P<pk>[0-9]+)/editovat/\\Z']
INFO 2026-10-04 09:04:19,898 views Uživatel jchar si prohlíží soutìž: Zima 26/27 - Ženy
INFO 2026-10-04 09:20:48,413 autoreload C:\Users\jchar\djangoSport\tenis_app\forms.py changed, reloading.
INFO 2026-10-04 09:20:51,760 autoreload Watching for file changes with StatReloader
INFO 2026-10-04 19:27:56,050 autoreload Watching for file changes with StatReloader
INFO 2026-10-04 19:27:57,742 views Uživatel jchar si prohlíží soutìž: Zima 26/27 - Ženy
INFO 2026-10-04 19:28:09,132 views Uživatel jchar si prohlíží soutìž: Zima 26/27 - Ženy
INFO 2026-10-04 19:28:31,366 views Uživatel jchar si prohlíží soutìž: Zima 26/27 - Ženy
INFO 2026-10-07 06:59:50,923 autoreload Watching for file changes with StatReloader
INFO 2026-10-07 07:02:36,425 views Uživatel jchar si prohlíží soutìž: Léto 2026 - A
INFO 2026-10-07 07:03:16,185 views Uživatel jchar si prohlíží soutìž: Léto 2026 - A
INFO 2026-10-07 07:13:20,467 autoreload Watching for file changes with StatReloader
ERROR 2026-10-07 07:16:15,526 log Internal Server Error: /kaminka/hraci/
Traceback (most recent call last):
  File "C:\Users\jchar\venv\Lib\site-packages\django\template\base.py", line 510, in parse
    compile_func = self.tags[command]
                   ~~~~~~~~~^^^^^^^^^
KeyError: 'endif'

During handling of the above exception, another exception occurred:

Traceback (most recent call last):
  File "C:\Users\jchar\venv\Lib\site-packages\django\core\handlers\exception.py", line 55, in inner
    response = get_response(request)
  File "C:\Users\jchar\venv\Lib\site-packages\django\core\handlers\base.py", line 197, in _get_response
    response = wrapped_callback(request, *callback_args, **callback_kwargs)
  File "C:\Users\jchar\djangoSport\tenis_app\views.py", line 651, in hraci_prehled
    return render(request, 'tenis_app/hraci_prehled.html', context)
  File "C:\Users\jchar\venv\Lib\site-packages\django\shortcuts.py", line 25, in render
    content = loader.render_to_string(template_name, context, request, using=using)
  File "C:\Users\jchar\venv\Lib\site-packages\django\template\loader.py", line 62, in render_to_string
    return template.render(context, request)
           ~~~~~~~~~~~~~~~^^^^^^^^^^^^^^^^^^
  File "C:\Users\jchar\venv\Lib\site-packages\django\template\backends\django.py", line 107, in render
    return self.template.render(context)
           ~~~~~~~~~~~~~~~~~~~~^^^^^^^^^
  File "C:\Users\jchar\venv\Lib\site-packages\django\template\base.py", line 171, in render
    return self._render(context)
           ~~~~~~~~~~~~^^^^^^^^^
  File "C:\Users\jchar\venv\Lib\site-packages\django\template\base.py", line 163, in _render
    return self.nodelist.render(context)
           ~~~~~~~~~~~~~~~~~~~~^^^^^^^^^
  File "C:\Users\jchar\venv\Lib\site-packages\django\template\base.py", line 1016, in render
    return SafeString("".join([node.render_annotated(context) for node in self]))
                               ~~~~~~~~~~~~~~~~~~~~~^^^^^^^^^
  File "C:\Users\jchar\venv\Lib\site-packages\django\template\base.py", line 977, in render_annotated
    return self.render(context)
           ~~~~~~~~~~~^^^^^^^^^
  File "C:\Users\jchar\venv\Lib\site-packages\django\template\loader_tags.py", line 134, in render
    compiled_parent = self.get_parent(context)
  File "C:\Users\jchar\venv\Lib\site-packages\django\template\loader_tags.py", line 131, in get_parent
    return self.find_template(parent, context)
           ~~~~~~~~~~~~~~~~~~^^^^^^^^^^^^^^^^^
  File "C:\Users\jchar\venv\Lib\site-packages\django\template\loader_tags.py", line 109, in find_template
    template, origin = context.template.engine.find_template(
                       ~~~~~~~~~~~~~~~~~~~~~~~~~~~~~~~~~~~~~^
        template_name,
        ^^^^^^^^^^^^^^
        skip=history,
        ^^^^^^^^^^^^^
    )
    ^
  File "C:\Users\jchar\venv\Lib\site-packages\django\template\engine.py", line 159, in find_template
    template = loader.get_template(name, skip=skip)
  File "C:\Users\jchar\venv\Lib\site-packages\django\template\loaders\cached.py", line 57, in get_template
    template = super().get_template(template_name, skip)
  File "C:\Users\jchar\venv\Lib\site-packages\django\template\loaders\base.py", line 28, in get_template
    return Template(
        contents,
    ...<2 lines>...
        self.engine,
    )
  File "C:\Users\jchar\venv\Lib\site-packages\django\template\base.py", line 154, in __init__
    self.nodelist = self.compile_nodelist()
                    ~~~~~~~~~~~~~~~~~~~~~^^
  File "C:\Users\jchar\venv\Lib\site-packages\django\template\base.py", line 196, in compile_nodelist
    nodelist = parser.parse()
  File "C:\Users\jchar\venv\Lib\site-packages\django\template\base.py", line 518, in parse
    raise self.error(token, e)
  File "C:\Users\jchar\venv\Lib\site-packages\django\template\base.py", line 516, in parse
    compiled_result = compile_func(self, token)
  File "C:\Users\jchar\venv\Lib\site-packages\django\template\defaulttags.py", line 962, in do_if
    nodelist = parser.parse(("elif", "else", "endif"))
  File "C:\Users\jchar\venv\Lib\site-packages\django\template\base.py", line 518, in parse
    raise self.error(token, e)
  File "C:\Users\jchar\venv\Lib\site-packages\django\template\base.py", line 516, in parse
    compiled_result = compile_func(self, token)
  File "C:\Users\jchar\venv\Lib\site-packages\django\template\defaulttags.py", line 862, in do_for
    nodelist_loop = parser.parse(
        (
    ...<2 lines>...
        )
    )
  File "C:\Users\jchar\venv\Lib\site-packages\django\template\base.py", line 512, in parse
    self.invalid_block_tag(token, command, parse_until)
    ~~~~~~~~~~~~~~~~~~~~~~^^^^^^^^^^^^^^^^^^^^^^^^^^^^^
  File "C:\Users\jchar\venv\Lib\site-packages\django\template\base.py", line 567, in invalid_block_tag
    raise self.error(
    ...<8 lines>...
    )
django.template.exceptions.TemplateSyntaxError: Invalid block tag on line 357: 'endif', expected 'empty' or 'endfor'. Did you forget to register or load this tag?
INFO 2026-10-07 22:21:26,711 autoreload Watching for file changes with StatReloader
INFO 2026-10-07 22:21:35,539 autoreload C:\Users\jchar\djangoSport\tenis_app\views.py changed, reloading.
INFO 2026-10-07 22:21:38,750 autoreload Watching for file changes with StatReloader
INFO 2026-10-07 22:22:03,787 views Uživatel jchar si prohlíží soutìž: Zima 26/27 - Ženy
INFO 2026-10-07 22:22:11,538 views Uživatel jchar si prohlíží soutìž: Léto 2026 - B
INFO 2026-10-07 22:23:00,510 views Uživatel jchar si prohlíží soutìž: Léto 2026 - B
INFO 2026-10-07 22:24:31,535 views Uživatel jchar si prohlíží soutìž: Léto 2026 - B
INFO 2026-10-07 22:25:04,271 views Uživatel jchar si prohlíží soutìž: Léto 2026 - B
INFO 2026-10-07 22:25:30,097 views Uživatel jchar si prohlíží soutìž: Léto 2026 - B
INFO 2026-10-07 22:30:03,023 autoreload C:\Users\jchar\djangoSport\tenis_app\views.py changed, reloading.
INFO 2026-10-07 22:30:04,755 autoreload Watching for file changes with StatReloader
INFO 2026-10-07 22:30:16,040 views Uživatel jchar si prohlíží soutìž: Léto 2026 - A
INFO 2026-10-07 22:30:46,330 views Uživatel jchar si prohlíží soutìž: Léto 2026 - A
INFO 2026-10-07 22:31:14,527 views Uživatel jchar si prohlíží soutìž: Léto 2026 - A
INFO 2026-10-07 22:31:41,128 views Uživatel jchar si prohlíží soutìž: Léto 2026 - A
INFO 2026-10-07 22:31:59,107 views Uživatel jchar si prohlíží soutìž: Léto 2026 - A
INFO 2026-10-07 22:32:16,559 views Uživatel jchar si prohlíží soutìž: Léto 2026 - A
